trait	trait_label	snp	raf	maf_orig	rbeta	PosteriorMean	matched_bbj
bmi	BMI	1:177889025:A:C	0.2073	0.2073	0.05882	0.0585292339284636	True
bmi	BMI	1:78450517:C:A	0.1243	0.1243	0.04723	0.0464091536214385	False
bmi	BMI	1:201800511:T:G	0.3421	0.3421	0.0305	0.029410762538218	True
bmi	BMI	1:110082551:T:G	0.02597	0.02597	0.08847	0.0866523440248103	False
bmi	BMI	1:1592638:A:G	0.7362	0.26380000000000003	0.03105	0.029786126608831	False
bmi	BMI	1:72765116:G:A	0.6004	0.39959999999999996	0.02662	0.0254944181397434	True
bmi	BMI	1:156049877:C:T	0.1357	0.1357	0.03641	0.0346289862005735	False
bmi	BMI	1:62579891:G:T	0.90399	0.09601000000000004	0.04093	0.039015598125965	False
bmi	BMI	1:156171486:C:T	0.02425	0.02425	0.07546	0.0733053453967692	False
bmi	BMI	1:39560250:C:T	0.2174	0.2174	0.02661	0.0249548050602792	True
bmi	BMI	1:75005238:G:A	0.4376	0.4376	0.02192	0.0206131259477136	True
bmi	BMI	1:96886604:G:A	0.5861	0.41390000000000005	0.02197	0.0206452950441693	True
bmi	BMI	1:98315893:A:G	0.2244	0.2244	0.02522	0.0235478283684565	True
bmi	BMI	1:243832560:C:T	0.1656	0.1656	0.02817	0.0262324247382178	True
bmi	BMI	1:49996959:G:A	0.3193	0.3193	0.02257	0.021096219908102	True
bmi	BMI	1:112289983:C:T	0.3806	0.3806	0.02132	0.0199250756479496	True
bmi	BMI	1:177992892:A:T	0.3449	0.3449	0.02204	0.0205369910668719	False
bmi	BMI	1:174321997:G:A	0.1083	0.1083	0.03251	0.0300339734758511	True
bmi	BMI	1:32191798:G:C	0.6165	0.38349999999999995	0.02045	0.0190143304043658	True
bmi	BMI	1:190294726:T:C	0.4382	0.4382	0.01974	0.0183388727527156	True
bmi	BMI	1:1866376:G:A	0.5035	0.49650000000000005	0.01975	0.0182411697231969	False
bmi	BMI	1:66434743:G:A	0.5305	0.46950000000000003	0.01901	0.0175841233420524	True
bmi	BMI	1:154986091:T:C	0.2445	0.2445	0.02197	0.0201899043625613	True
bmi	BMI	1:97263793:C:G	0.3037	0.3037	0.02043	0.0188189015064521	True
bmi	BMI	1:111338672:G:A	0.95145	0.04854999999999998	0.0434	0.0402101709957832	False
bmi	BMI	1:209520450:T:C	0.2108	0.2108	0.02258	0.0206582257526942	True
bmi	BMI	1:40036944:G:A	0.96979	0.03020999999999996	0.05395	0.0513816262474135	False
bmi	BMI	1:195037001:G:A	0.6273	0.37270000000000003	0.0189	0.0173938621408358	True
bmi	BMI	1:210098466:G:A	0.1628	0.1628	0.02462	0.0224112517465719	False
bmi	BMI	1:34584393:G:A	0.7016	0.2984	0.01971	0.0180373736411717	True
bmi	BMI	1:171443368:C:G	0.09611	0.09611	0.03042	0.02741939864626	True
bmi	BMI	1:243533273:A:G	0.8551	0.14490000000000003	0.0254	0.0229820469007678	True
bmi	BMI	1:46154551:G:A	0.95826	0.04174	0.0439	0.0402072305485991	False
bmi	BMI	1:151033979:C:T	0.2276	0.2276	0.02094	0.0190200025725523	True
bmi	BMI	1:209208033:T:A	0.3852	0.3852	0.01802	0.0165035501091639	True
bmi	BMI	1:93012762:T:C	0.2065	0.2065	0.02162	0.019594685687481	True
bmi	BMI	1:91189933:G:A	0.4507	0.4507	0.01756	0.0160932047528458	True
bmi	BMI	1:82375561:T:A	0.245	0.245	0.02018	0.0183185531733185	True
bmi	BMI	1:54724246:T:C	0.3295	0.3295	0.01833	0.0167126064494939	True
bmi	BMI	1:203491150:G:A	0.1685	0.1685	0.02307	0.0207482863032022	True
bmi	BMI	1:16841100:A:G	0.5555	0.4445	0.01804	0.0164277216963018	False
bmi	BMI	1:17319011:G:A	0.3549	0.3549	0.01772	0.016145239514189	True
bmi	BMI	1:66334518:C:T	0.7953	0.2047	0.02107	0.0189896340259215	True
bmi	BMI	1:19925759:C:T	0.7636	0.23640000000000005	0.01993	0.0180065866473768	True
bmi	BMI	1:11252716:T:C	0.2394	0.2394	0.01941	0.0174771300374677	True
bmi	BMI	1:177394615:T:A	0.06998	0.06998	0.03401	0.0299106637705816	False
bmi	BMI	1:119538890:C:T	0.2358	0.2358	0.01939	0.0174349687712745	True
bmi	BMI	1:210241985:T:G	0.5849	0.4151	0.01658	0.0150733534750548	True
bmi	BMI	1:65979280:T:C	0.08107	0.08107	0.02963	0.0259678919831651	True
bmi	BMI	1:231114420:A:C	0.07479	0.07479	0.03088	0.0269571560599262	False
bmi	BMI	1:97577502:T:A	0.08652	0.08652	0.02853	0.0249468843978988	True
bmi	BMI	1:202103802:G:A	0.648	0.352	0.01671	0.0150650576178237	True
bmi	BMI	1:156503947:G:A	0.92059	0.07940999999999998	0.02907	0.0251973736209305	False
bmi	BMI	1:243331684:T:C	0.04239	0.04239	0.03903	0.0338911043533057	False
bmi	BMI	1:173399677:A:G	0.97647	0.02353000000000005	0.05188	0.0473490018356321	False
bmi	BMI	1:115295160:T:C	0.2107	0.2107	0.01903	0.016905933535672	False
bmi	BMI	1:107977075:A:C	0.7022	0.29779999999999995	0.01703	0.0152645844919387	True
bmi	BMI	1:151344741:T:G	0.1848	0.1848	0.01991	0.0176018976592448	True
bmi	BMI	1:23316297:A:C	0.1641	0.1641	0.02089	0.0184003230477531	True
bmi	BMI	1:2427712:C:T	0.5439	0.45609999999999995	0.01553	0.0140161390895926	True
bmi	BMI	1:201946448:C:T	0.02892	0.02892	0.04719	0.0419965577695456	False
bmi	BMI	1:33775350:G:A	0.6854	0.3146	0.01643	0.0147078760478179	False
bmi	BMI	1:46431621:G:A	0.7022	0.29779999999999995	0.01625	0.0144923051949014	False
bmi	BMI	1:208706936:G:A	0.7091	0.29090000000000005	0.01649	0.0146779749294219	True
bmi	BMI	1:76508017:G:A	0.9556	0.044399999999999995	0.03787	0.0320712763623844	False
bmi	BMI	1:7738180:C:T	0.481	0.481	0.01489	0.0133654983804878	True
bmi	BMI	1:163579955:T:C	0.2527	0.2527	0.01681	0.0148831843798848	False
bmi	BMI	1:232764044:T:A	0.3985	0.3985	0.01506	0.013479556719311	True
bmi	BMI	1:57833008:T:A	0.1027	0.1027	0.02405	0.0205848864239587	True
bmi	BMI	1:70596535:C:T	0.3548	0.3548	0.01536	0.0137029640230513	True
bmi	BMI	1:40703244:G:A	0.02703	0.02703	0.04472	0.0384555479236414	False
bmi	BMI	1:85702696:A:G	0.1816	0.1816	0.01887	0.0164494969718071	True
bmi	BMI	1:115601528:C:G	0.93504	0.06496000000000002	0.0295	0.0248105597634502	True
bmi	BMI	1:8581253:G:A	0.6251	0.3749	0.01504	0.0134103676661942	True
bmi	BMI	1:230301811:T:G	0.3874	0.3874	0.0148	0.013217506329784	True
bmi	BMI	1:241633007:C:T	0.7646	0.23540000000000005	0.01679	0.0147369986685247	True
bmi	BMI	1:47670525:T:C	0.4188	0.4188	0.01442	0.0128604566133958	True
bmi	BMI	1:12075563:G:A	0.1311	0.1311	0.02112	0.018068518708103	True
bmi	BMI	1:6676485:T:G	0.3533	0.3533	0.0148	0.0131500885399002	True
bmi	BMI	1:96291369:G:A	0.6699	0.33009999999999995	0.01503	0.013302564971585	True
bmi	BMI	1:79287724:A:T	0.2438	0.2438	0.01647	0.0144287567474619	True
bmi	BMI	1:80023249:T:C	0.4191	0.4191	0.01423	0.0126626917154927	True
bmi	BMI	1:167307677:A:G	0.4994	0.4994	0.01399	0.0124643430061149	True
bmi	BMI	1:62456014:G:A	0.5925	0.4075	0.01421	0.0126406772129149	True
bmi	BMI	1:115042415:C:T	0.7377	0.2623	0.01587	0.0139426873612431	True
bmi	BMI	1:2278256:G:T	0.02375	0.02375	0.04681	0.0397571248889284	False
bmi	BMI	1:111008560:G:A	0.5877	0.4123	0.01415	0.0125784864199241	True
bmi	BMI	1:196118341:G:C	0.04174	0.04174	0.03815	0.0313232032322228	False
bmi	BMI	2:635864:A:G	0.8284	0.17159999999999997	0.07646	0.0761119717484399	True
bmi	BMI	2:417167:T:C	0.95159	0.04840999999999995	0.1283	0.127820856224298	False
bmi	BMI	2:25145173:T:A	0.4887	0.4887	0.03458	0.0337240645693016	True
bmi	BMI	2:58935282:T:G	0.4497	0.4497	0.02724	0.0261486135840671	False
bmi	BMI	2:59307725:G:A	0.3991	0.3991	0.02555	0.024376530896609	True
bmi	BMI	2:100893113:C:A	0.3179	0.3179	0.02613	0.0248347200576155	True
bmi	BMI	2:147903802:G:A	0.4226	0.4226	0.02356	0.0223201662074964	True
bmi	BMI	2:213414265:A:G	0.7278	0.2722	0.02619	0.0247547769311421	True
bmi	BMI	2:67838685:C:G	0.6109	0.3891	0.02359	0.0223220087417341	True
bmi	BMI	2:100746573:C:T	0.7579	0.24209999999999998	0.02672	0.0252243018035014	True
bmi	BMI	2:59039998:T:C	0.5942	0.40580000000000005	0.02327	0.0220037604259813	True
bmi	BMI	2:230627955:C:T	0.3152	0.3152	0.0246	0.0232430823009846	True
bmi	BMI	2:104447052:G:T	0.5089	0.4911	0.02214	0.020755616629184	False
bmi	BMI	2:524774:A:C	0.92361	0.07638999999999996	0.03982	0.0373254184510431	True
bmi	BMI	2:25034335:T:G	0.07604	0.07604	0.04019	0.0376667754407582	False
bmi	BMI	2:58814077:A:C	0.5665	0.4335	0.021	0.0196426411036478	True
bmi	BMI	2:86766153:T:C	0.352	0.352	0.02107	0.019614673304957	True
bmi	BMI	2:105454590:T:C	0.2866	0.2866	0.0218	0.02020550981699	True
bmi	BMI	2:50201547:G:C	0.163	0.163	0.02665	0.0245858895245219	True
bmi	BMI	2:55281901:C:G	0.6905	0.3095	0.02086	0.0192794695692087	True
bmi	BMI	2:205375909:C:A	0.0762	0.0762	0.03608	0.033012862252122	True
bmi	BMI	2:50735943:C:G	0.5266	0.47340000000000004	0.01915	0.0177332479351994	True
bmi	BMI	2:212280780:T:C	0.307	0.307	0.02047	0.0188644008414165	True
bmi	BMI	2:146015229:G:A	0.97049	0.029510000000000036	0.05511	0.0526282435070382	False
bmi	BMI	2:950291:C:A	0.2787	0.2787	0.02057	0.0188832162581507	True
bmi	BMI	2:175238924:T:C	0.8136	0.1864	0.02331	0.0212262508126784	False
bmi	BMI	2:251673:G:A	0.2912	0.2912	0.01977	0.0180876728743791	True
bmi	BMI	2:24931288:C:G	0.777	0.22299999999999998	0.02136	0.0194344965673287	False
bmi	BMI	2:48953979:T:A	0.8108	0.18920000000000003	0.0229	0.020749920813339	True
bmi	BMI	2:207959238:T:C	0.2431	0.2431	0.0202	0.0183226690352136	True
bmi	BMI	2:220233091:A:G	0.9178	0.08220000000000005	0.03181	0.0283651188577258	True
bmi	BMI	2:46884824:G:A	0.7755	0.22450000000000003	0.02066	0.0186910507260934	True
bmi	BMI	2:60203917:C:A	0.3307	0.3307	0.018	0.0163745171041311	True
bmi	BMI	2:62857466:G:A	0.5215	0.47850000000000004	0.01704	0.0155628452689294	False
bmi	BMI	2:172563922:G:A	0.7199	0.2801	0.01874	0.0169800625525413	True
bmi	BMI	2:236896765:A:C	0.4377	0.4377	0.01693	0.0154496471722115	True
bmi	BMI	2:81845983:G:A	0.3159	0.3159	0.0181	0.0164344870850914	True
bmi	BMI	2:166144850:G:T	0.7729	0.22709999999999997	0.01999	0.0180056508224483	True
bmi	BMI	2:161265910:C:T	0.373	0.373	0.01723	0.0156800393342344	True
bmi	BMI	2:211969338:A:G	0.1561	0.1561	0.02299	0.0205469683127576	True
bmi	BMI	2:26953850:C:T	0.4723	0.4723	0.01666	0.0151923565706921	True
bmi	BMI	2:25523582:A:T	0.8438	0.1562	0.02288	0.0203979159360665	False
bmi	BMI	2:213053808:G:T	0.7983	0.2017	0.02139	0.0191335008237491	False
bmi	BMI	2:145622871:G:A	0.06989	0.06989	0.03222	0.0283161794150922	False
bmi	BMI	2:165436055:A:G	0.4361	0.4361	0.01676	0.015217382065887	True
bmi	BMI	2:172909277:C:T	0.334	0.334	0.01834	0.0165295284079413	True
bmi	BMI	2:59145722:G:A	0.8736	0.12639999999999996	0.02487	0.022020106204346	True
bmi	BMI	2:175012137:G:A	0.3944	0.3944	0.01645	0.0149123521557655	True
bmi	BMI	2:236762851:G:A	0.7934	0.2066	0.01985	0.0177174475111037	True
bmi	BMI	2:165558252:T:C	0.2255	0.2255	0.01932	0.0172753516260333	True
bmi	BMI	2:69698158:G:A	0.5429	0.45709999999999995	0.016	0.0145152553122314	True
bmi	BMI	2:37995422:A:T	0.4842	0.4842	0.01675	0.0151170856357158	True
bmi	BMI	2:161105876:G:A	0.6795	0.3205	0.01696	0.015274375725583	True
bmi	BMI	2:228919967:T:C	0.4614	0.4614	0.0157	0.0142123205485059	True
bmi	BMI	2:57919517:T:A	0.4611	0.4611	0.01578	0.0142733672873577	True
bmi	BMI	2:230250876:G:A	0.09175	0.09175	0.02691	0.0233799968448412	False
bmi	BMI	2:212606923:T:C	0.8905	0.10950000000000004	0.0248	0.021625356889742	False
bmi	BMI	2:99835071:T:C	0.01037	0.01037	0.07883	0.0736526511040005	False
bmi	BMI	2:143943158:T:C	0.1401	0.1401	0.02231	0.0195643029897793	True
bmi	BMI	2:793467:G:A	0.97754	0.022460000000000035	0.05328	0.0487318923110109	False
bmi	BMI	2:15038900:T:C	0.5352	0.4648	0.01542	0.0139330444230972	True
bmi	BMI	2:12851031:A:G	0.1097	0.1097	0.02462	0.0214242374732306	False
bmi	BMI	2:28953556:G:A	0.3732	0.3732	0.01591	0.0143290039918898	True
bmi	BMI	2:105590913:G:T	0.7383	0.26170000000000004	0.01744	0.0155560388395067	True
bmi	BMI	2:47043417:G:A	0.5727	0.4273	0.01548	0.013954140965883	True
bmi	BMI	2:165247210:A:T	0.6499	0.35009999999999997	0.01602	0.0143902334548593	True
bmi	BMI	2:133524156:C:T	0.2537	0.2537	0.01762	0.0156798249021228	True
bmi	BMI	2:229020339:C:G	0.2107	0.2107	0.01862	0.0164769570274557	True
bmi	BMI	2:211608066:A:T	0.2596	0.2596	0.01726	0.015362728137693	True
bmi	BMI	2:181323160:A:C	0.2814	0.2814	0.01686	0.0150221245269149	True
bmi	BMI	2:44169851:C:T	0.8689	0.1311	0.02237	0.0194417505755133	True
bmi	BMI	2:166959505:T:C	0.396	0.396	0.01538	0.0138211304235339	True
bmi	BMI	2:212127791:G:C	0.03636	0.03636	0.0402	0.0344979694313946	False
bmi	BMI	2:40291940:G:C	0.6004	0.39959999999999996	0.01544	0.0138625336789924	True
bmi	BMI	2:208250522:T:G	0.206	0.206	0.01854	0.016340815045971	True
bmi	BMI	2:6618098:G:A	0.07832	0.07832	0.02779	0.0237727197876516	True
bmi	BMI	2:144477195:G:A	0.6124	0.38759999999999994	0.01541	0.0138293379043862	True
bmi	BMI	2:156629693:C:T	0.6584	0.3416	0.01572	0.0140732917280522	True
bmi	BMI	2:109336681:T:G	0.2861	0.2861	0.01666	0.0148259918931285	False
bmi	BMI	2:58681120:T:C	0.1334	0.1334	0.02241	0.019413311330764	True
bmi	BMI	2:5978658:A:T	0.891	0.10899999999999999	0.02413	0.0207912487712358	False
bmi	BMI	2:25628202:G:T	0.97845	0.021549999999999958	0.05163	0.0461718894672058	False
bmi	BMI	2:37021090:G:C	0.6514	0.3486	0.01544	0.0138004907224149	True
bmi	BMI	2:51891669:T:C	0.7201	0.27990000000000004	0.01719	0.0151923870759282	False
bmi	BMI	2:58068741:G:A	0.3683	0.3683	0.01527	0.0136542934508803	True
bmi	BMI	2:208082651:G:A	0.5878	0.4122	0.01494	0.0133867334156592	True
bmi	BMI	2:203991936:T:G	0.5753	0.42469999999999997	0.01483	0.0132951956892108	True
bmi	BMI	2:98333290:T:C	0.1753	0.1753	0.02021	0.0175510590765835	False
bmi	BMI	2:142302503:G:T	0.8489	0.1511	0.0204	0.0176978775957703	True
bmi	BMI	2:44719893:C:T	0.7631	0.2369	0.01723	0.0151988700768027	True
bmi	BMI	2:52654700:A:C	0.4105	0.4105	0.01552	0.0138399930244077	True
bmi	BMI	2:145879854:G:A	0.05931	0.05931	0.03162	0.0265337505804797	False
bmi	BMI	2:157606799:G:A	0.4012	0.4012	0.01483	0.013254748320821	True
bmi	BMI	2:58576846:C:T	0.96719	0.032810000000000006	0.04052	0.0341843858767654	False
bmi	BMI	2:159483811:C:T	0.6272	0.3728	0.01497	0.0133641567563371	True
bmi	BMI	2:180829704:G:A	0.1309	0.1309	0.02123	0.0182233377694442	False
bmi	BMI	2:151224579:A:G	0.6077	0.3923	0.01469	0.0131003859899079	True
bmi	BMI	2:100123030:A:G	0.7027	0.2973	0.0157	0.0138939113119656	True
bmi	BMI	2:6161887:T:G	0.655	0.345	0.01508	0.0134006651457141	True
bmi	BMI	2:128442014:C:T	0.7638	0.23619999999999997	0.01677	0.0147234255109891	True
bmi	BMI	2:198897061:A:T	0.8196	0.1804	0.01852	0.0160792178693056	True
bmi	BMI	2:67946891:C:T	0.372	0.372	0.01466	0.0130487439198227	True
bmi	BMI	2:215391587:A:T	0.4936	0.4936	0.01415	0.0126338883011075	True
bmi	BMI	2:207145906:G:T	0.5083	0.4917	0.01414	0.012620994967468	True
bmi	BMI	2:48736839:G:A	0.2707	0.2707	0.01595	0.0140531888074676	False
bmi	BMI	2:50915644:A:G	0.5408	0.45920000000000005	0.01416	0.0126263389770547	True
bmi	BMI	2:60700185:T:C	0.8867	0.11329999999999996	0.02251	0.0190889930648999	True
bmi	BMI	2:62278808:A:G	0.01732	0.01732	0.05436	0.0478872046465915	False
bmi	BMI	2:219875052:C:T	0.96837	0.03163000000000005	0.0404	0.0334070560289245	True
bmi	BMI	2:137522814:G:T	0.4719	0.4719	0.01397	0.0124397314079527	True
bmi	BMI	2:47313562:G:A	0.91318	0.08682000000000001	0.02491	0.0208528074273197	False
bmi	BMI	2:201001720:C:A	0.7995	0.2005	0.01793	0.0155104847932971	True
bmi	BMI	3:49920571:T:C	0.5148	0.48519999999999996	0.03947	0.0388246115404409	True
bmi	BMI	3:185826740:T:G	0.8151	0.18489999999999995	0.04135	0.0403978942721501	True
bmi	BMI	3:94038085:C:G	0.4843	0.4843	0.02816	0.0271261298687316	True
bmi	BMI	3:131770166:T:G	0.3178	0.3178	0.02793	0.026714765201348	True
bmi	BMI	3:173114305:A:G	0.5266	0.47340000000000004	0.0236	0.0223902856080411	True
bmi	BMI	3:141280273:T:C	0.06633	0.06633	0.04587	0.04408877217189	True
bmi	BMI	3:85906928:T:C	0.6775	0.3225	0.02425	0.0228910716222012	True
bmi	BMI	3:136328270:T:C	0.7408	0.2592	0.02562	0.0241389614986179	False
bmi	BMI	3:47817007:G:T	0.4161	0.4161	0.02286	0.0215534537228855	True
bmi	BMI	3:61264084:C:G	0.5736	0.4264	0.02206	0.0207408323719354	True
bmi	BMI	3:153953440:G:A	0.3769	0.3769	0.02149	0.0200824067356756	True
bmi	BMI	3:170724883:T:C	0.2876	0.2876	0.02279	0.0212636323673785	True
bmi	BMI	3:153733450:T:A	0.3991	0.3991	0.02176	0.0202208882094105	True
bmi	BMI	3:90234502:T:A	0.5226	0.47740000000000005	0.01991	0.0185188324452373	False
bmi	BMI	3:86171853:A:G	0.2961	0.2961	0.02124	0.0196470222108823	True
bmi	BMI	3:114415926:A:G	0.93864	0.06135999999999997	0.04032	0.0372804163244672	False
bmi	BMI	3:53140603:T:C	0.7	0.30000000000000004	0.02114	0.0195334019067486	True
bmi	BMI	3:86276634:C:T	0.3901	0.3901	0.01967	0.0182063471268307	True
bmi	BMI	3:49033485:T:G	0.07393	0.07393	0.03651	0.033431794519802	False
bmi	BMI	3:157946897:G:A	0.6767	0.32330000000000003	0.0224	0.0206365842444716	False
bmi	BMI	3:42329113:G:T	0.889	0.11099999999999999	0.03006	0.0274350835488386	True
bmi	BMI	3:42436415:G:A	0.4046	0.4046	0.01929	0.0178144942104087	True
bmi	BMI	3:84113491:A:G	0.94189	0.058109999999999995	0.03982	0.0364510399621925	False
bmi	BMI	3:196170985:G:C	0.4389	0.4389	0.01838	0.0169216307827756	True
bmi	BMI	3:88024986:C:T	0.6873	0.3127	0.01939	0.0177639722850873	True
bmi	BMI	3:50274278:C:T	0.08344	0.08344	0.03271	0.0294772885485082	False
bmi	BMI	3:156379637:C:T	0.91818	0.08182	0.03309	0.029800806915618	False
bmi	BMI	3:104612668:A:G	0.5823	0.41769999999999996	0.01781	0.0163314641702502	True
bmi	BMI	3:20506229:T:C	0.5422	0.4578	0.01746	0.016002622126065	True
bmi	BMI	3:107395302:T:C	0.181	0.181	0.02267	0.0204818218045031	True
bmi	BMI	3:9504099:G:A	0.1018	0.1018	0.02874	0.0257556740343104	True
bmi	BMI	3:15702641:T:C	0.4352	0.4352	0.01732	0.0158308305928604	True
bmi	BMI	3:107996184:G:A	0.6986	0.3014	0.01856	0.0168702303257458	True
bmi	BMI	3:88254820:T:C	0.8845	0.11550000000000005	0.02652	0.0236707986913462	True
bmi	BMI	3:50422718:C:G	0.7569	0.24309999999999998	0.02053	0.0185121667965764	True
bmi	BMI	3:82643954:T:C	0.8325	0.16749999999999998	0.02256	0.0202274581921447	True
bmi	BMI	3:171118170:A:G	0.3359	0.3359	0.01774	0.016123538464666	True
bmi	BMI	3:35516974:T:C	0.1372	0.1372	0.02445	0.0218286960534657	True
bmi	BMI	3:12329452:C:T	0.7228	0.2772	0.01898	0.0171664665590168	True
bmi	BMI	3:127500530:A:G	0.94377	0.05623	0.03642	0.0322492677968644	True
bmi	BMI	3:48231919:T:G	0.9089	0.09109999999999996	0.02958	0.0261992972492752	False
bmi	BMI	3:131876605:C:G	0.2561	0.2561	0.01916	0.0172966991988008	True
bmi	BMI	3:128189391:T:G	0.95202	0.04798000000000002	0.03999	0.0355943962542161	False
bmi	BMI	3:147716498:T:C	0.05727	0.05727	0.03793	0.0335798297037585	True
bmi	BMI	3:46835250:T:C	0.2952	0.2952	0.01898	0.0171095460931098	True
bmi	BMI	3:161437087:T:C	0.5591	0.44089999999999996	0.01649	0.0150136065197592	True
bmi	BMI	3:176322896:C:T	0.3003	0.3003	0.01775	0.0160199342910333	True
bmi	BMI	3:188001014:C:T	0.864	0.136	0.02364	0.0209398249102304	False
bmi	BMI	3:52065202:G:T	0.90808	0.09192	0.02782	0.0244046401366949	True
bmi	BMI	3:123089834:C:T	0.6328	0.36719999999999997	0.01665	0.0150702458239513	True
bmi	BMI	3:71055582:A:C	0.03148	0.03148	0.04584	0.0412176823336074	False
bmi	BMI	3:47093206:C:A	0.09498	0.09498	0.02798	0.024486664490782	False
bmi	BMI	3:88739892:T:A	0.4992	0.4992	0.01594	0.014460156151219	True
bmi	BMI	3:44456573:C:G	0.2769	0.2769	0.01781	0.0159830104566897	True
bmi	BMI	3:85111108:C:T	0.5318	0.46819999999999995	0.01574	0.0142506530245078	True
bmi	BMI	3:108119528:T:C	0.5065	0.49350000000000005	0.01567	0.0141853662471008	True
bmi	BMI	3:18674644:A:C	0.7391	0.2609	0.01784	0.0159508918984008	True
bmi	BMI	3:62713263:T:G	0.3127	0.3127	0.01678	0.0150699687093236	True
bmi	BMI	3:20754810:T:C	0.1402	0.1402	0.02384	0.0208415551053843	True
bmi	BMI	3:123211064:G:T	0.4788	0.4788	0.01564	0.0141343502907867	True
bmi	BMI	3:62482927:T:G	0.7422	0.25780000000000003	0.01776	0.0158510904203313	True
bmi	BMI	3:182262873:C:T	0.696	0.30400000000000005	0.01682	0.0150866722570704	True
bmi	BMI	3:35724596:T:G	0.6198	0.3802	0.01589	0.0143197044918033	True
bmi	BMI	3:156880688:A:G	0.3374	0.3374	0.01622	0.0145694521030912	True
bmi	BMI	3:117838063:G:T	0.6889	0.31110000000000004	0.01664	0.0149061871195335	True
bmi	BMI	3:70761581:A:C	0.03337	0.03337	0.04351	0.0380998336263721	True
bmi	BMI	3:114646263:G:T	0.91957	0.08043	0.02806	0.0241645898036147	True
bmi	BMI	3:116881714:T:C	0.7485	0.25149999999999995	0.01758	0.0156493686513677	True
bmi	BMI	3:181329682:T:C	0.8068	0.19320000000000004	0.01923	0.0169653303128367	False
bmi	BMI	3:35141900:T:A	0.1155	0.1155	0.02386	0.0207000449045836	False
bmi	BMI	3:118272446:T:A	0.1409	0.1409	0.02257	0.0196396647441745	True
bmi	BMI	3:69925128:G:A	0.3111	0.3111	0.01637	0.0146283356412828	True
bmi	BMI	3:183537759:A:C	0.3564	0.3564	0.01579	0.0141411232171059	True
bmi	BMI	3:45629566:A:G	0.4166	0.4166	0.01636	0.0145985571607733	False
bmi	BMI	3:148735003:A:G	0.3374	0.3374	0.01577	0.0141142752348021	True
bmi	BMI	3:2387832:C:T	0.5192	0.4808	0.01494	0.0134279161073802	True
bmi	BMI	3:51728573:G:A	0.8366	0.1634	0.02008	0.0175304295082962	True
bmi	BMI	3:56193500:T:C	0.1078	0.1078	0.02389	0.0205680709151488	True
bmi	BMI	3:53507023:G:A	0.9214	0.0786	0.02754	0.0234819547911637	True
bmi	BMI	3:138092950:A:G	0.1828	0.1828	0.01911	0.0167421568801088	True
bmi	BMI	3:185543966:G:A	0.95983	0.04017000000000004	0.03861	0.0327301185999343	False
bmi	BMI	3:12945271:A:G	0.3206	0.3206	0.01587	0.0141496381454876	True
bmi	BMI	3:53739663:C:T	0.97171	0.028290000000000037	0.04556	0.0395475913168845	False
bmi	BMI	3:70120616:T:C	0.6149	0.3851	0.01508	0.0134848358552738	False
bmi	BMI	3:73371216:C:A	0.2652	0.2652	0.0165	0.0146076448256679	True
bmi	BMI	3:136779030:C:T	0.98968	0.010319999999999996	0.07325	0.0676088556753695	False
bmi	BMI	3:125196904:C:A	0.8735	0.12649999999999995	0.02251	0.0193390556456193	False
bmi	BMI	3:88526986:C:T	0.8826	0.11739999999999995	0.02263	0.0194320887864424	False
bmi	BMI	3:168214891:T:C	0.5162	0.4838	0.01454	0.0130385595691067	True
bmi	BMI	3:101043820:G:C	0.8862	0.11380000000000001	0.02305	0.0197452273818841	False
bmi	BMI	3:94744310:A:G	0.97859	0.02141000000000004	0.05009	0.044166428495071	False
bmi	BMI	3:78458928:T:C	0.144	0.144	0.02066	0.0178317645080118	False
bmi	BMI	3:65161935:T:G	0.6508	0.34919999999999995	0.01505	0.0133933681191762	True
bmi	BMI	3:21806230:A:G	0.3849	0.3849	0.01473	0.0131351613412117	True
bmi	BMI	3:11204945:T:C	0.8796	0.12039999999999995	0.02197	0.0187714127697414	True
bmi	BMI	3:63050227:G:A	0.8586	0.14139999999999997	0.02032	0.0174525195023687	True
bmi	BMI	3:86810136:C:T	0.01065	0.01065	0.07176	0.0655345854326231	False
bmi	BMI	3:65263164:C:T	0.1962	0.1962	0.0178	0.0154767807299807	True
bmi	BMI	3:30093254:T:C	0.3886	0.3886	0.01442	0.0128190114477691	True
bmi	BMI	3:38637160:C:T	0.422	0.422	0.01428	0.0127066766183547	True
bmi	BMI	3:118023515:G:A	0.2626	0.2626	0.01595	0.0140127692733902	True
bmi	BMI	3:31410801:T:A	0.7168	0.2832	0.01559	0.0137298512561228	True
bmi	BMI	3:107617663:T:C	0.3765	0.3765	0.01436	0.0127490365517204	True
bmi	BMI	3:194876993:C:T	0.7183	0.28169999999999995	0.01554	0.0136795585459	True
bmi	BMI	3:181184062:T:C	0.3261	0.3261	0.01575	0.0138354153782021	False
bmi	BMI	4:45181334:A:T	0.4347	0.4347	0.03542	0.0345790079003071	True
bmi	BMI	4:103188709:C:T	0.07459	0.07459	0.06629	0.0655995892991266	False
bmi	BMI	4:25408838:G:A	0.7681	0.2319	0.04043	0.0395770282769963	False
bmi	BMI	4:137098470:T:C	0.4122	0.4122	0.02615	0.0249850490617646	True
bmi	BMI	4:3298800:T:C	0.1329	0.1329	0.03007	0.027837498241866	True
bmi	BMI	4:162132758:C:T	0.5073	0.4927	0.0195	0.0181099837061428	True
bmi	BMI	4:30842780:A:G	0.5403	0.4597	0.01936	0.0179538334103648	True
bmi	BMI	4:28489339:A:T	0.8605	0.13949999999999996	0.02784	0.0255569864553677	True
bmi	BMI	4:20120274:C:T	0.1251	0.1251	0.02881	0.0263683663961712	False
bmi	BMI	4:18351898:C:T	0.4453	0.4453	0.01889	0.0174568963127286	True
bmi	BMI	4:164359678:A:T	0.97124	0.028760000000000008	0.05909	0.0566826716404741	False
bmi	BMI	4:100239319:T:C	0.9772	0.022800000000000042	0.06172	0.0592149516860836	True
bmi	BMI	4:140793531:A:T	0.6929	0.30710000000000004	0.01948	0.0178259860186248	True
bmi	BMI	4:31003636:T:G	0.3635	0.3635	0.01848	0.016932715160443	True
bmi	BMI	4:137214186:T:A	0.7465	0.25349999999999995	0.02066	0.0188014080330507	False
bmi	BMI	4:96150044:A:T	0.4083	0.4083	0.01795	0.0164632325551333	True
bmi	BMI	4:25293514:C:T	0.95123	0.04876999999999998	0.0414	0.0374635531382958	False
bmi	BMI	4:130749658:G:T	0.3014	0.3014	0.01841	0.0167030283176905	True
bmi	BMI	4:55501728:A:G	0.5108	0.48919999999999997	0.01672	0.0152638448622377	True
bmi	BMI	4:145886139:G:C	0.3716	0.3716	0.01731	0.0157557719530257	False
bmi	BMI	4:113323430:C:A	0.1931	0.1931	0.02157	0.0193084966777948	True
bmi	BMI	4:180167906:G:A	0.4418	0.4418	0.01672	0.015232354937203	True
bmi	BMI	4:145313641:G:T	0.3992	0.3992	0.01696	0.0154295851515561	True
bmi	BMI	4:2956731:C:T	0.6783	0.3217	0.01762	0.015963831470911	False
bmi	BMI	4:89054667:A:G	0.8862	0.11380000000000001	0.02589	0.0229480423255766	True
bmi	BMI	4:80801388:T:A	0.2471	0.2471	0.01863	0.0167080706811673	True
bmi	BMI	4:147354089:C:T	0.8091	0.19089999999999996	0.02039	0.0181410362645705	True
bmi	BMI	4:68454077:T:C	0.7434	0.25660000000000005	0.01843	0.0165034550519615	False
bmi	BMI	4:3064004:G:A	0.3656	0.3656	0.01652	0.0149119220755721	False
bmi	BMI	4:34926958:T:C	0.2972	0.2972	0.01712	0.015370989960008	True
bmi	BMI	4:6493511:T:C	0.4734	0.4734	0.01565	0.0141673954413942	True
bmi	BMI	4:65740387:G:A	0.6824	0.3176	0.01684	0.0151301064423915	True
bmi	BMI	4:95991417:G:A	0.6528	0.34719999999999995	0.01603	0.0144079759285734	True
bmi	BMI	4:54605697:T:C	0.4925	0.4925	0.01536	0.0138585137007507	True
bmi	BMI	4:144288418:G:A	0.9826	0.01739999999999997	0.05856	0.0540880052410115	False
bmi	BMI	4:95021973:C:T	0.5466	0.4534	0.01535	0.0138361109239977	True
bmi	BMI	4:53275907:A:G	0.4917	0.4917	0.01523	0.0137367575549996	True
bmi	BMI	4:49303827:G:A	0.2944	0.2944	0.01721	0.0153206502999728	True
bmi	BMI	4:153073956:C:G	0.429	0.429	0.01523	0.0137110700080166	True
bmi	BMI	4:52932825:C:T	0.2674	0.2674	0.01703	0.0151568977077576	True
bmi	BMI	4:139750074:G:C	0.43	0.43	0.01528	0.0137399743960109	True
bmi	BMI	4:18778872:A:G	0.92595	0.07404999999999995	0.02821	0.023892190219142	True
bmi	BMI	4:18104807:G:C	0.94857	0.051429999999999976	0.03333	0.028008569870689	False
bmi	BMI	4:152947001:C:T	0.5283	0.4717	0.01464	0.0131213487585468	True
bmi	BMI	4:44431494:G:C	0.7495	0.25049999999999994	0.01683	0.0148625316606914	True
bmi	BMI	4:45285069:G:C	0.326	0.326	0.0155	0.0137985960556294	True
bmi	BMI	4:89183131:T:C	0.4217	0.4217	0.0147	0.0131477438725219	True
bmi	BMI	4:68106106:G:A	0.5535	0.4465	0.01451	0.0129800369980932	True
bmi	BMI	4:91259127:G:A	0.5521	0.44789999999999996	0.01439	0.0128639577336666	True
bmi	BMI	4:159898480:G:T	0.6869	0.31310000000000004	0.01539	0.0136497805263132	True
bmi	BMI	4:58777636:A:G	0.2728	0.2728	0.01726	0.0151117112764453	False
bmi	BMI	4:31139110:A:G	0.423	0.423	0.01434	0.012786811697498	True
bmi	BMI	4:35038317:G:A	0.1336	0.1336	0.02088	0.0178640743773374	True
bmi	BMI	4:94436697:A:T	0.7917	0.20830000000000004	0.01741	0.0151766576538823	True
bmi	BMI	4:29777535:C:T	0.2106	0.2106	0.01802	0.0156398491705791	True
bmi	BMI	4:115128449:T:A	0.5597	0.4403	0.01404	0.012491677869482	False
bmi	BMI	5:75003678:T:C	0.6067	0.3933	0.0368	0.0359924081004939	True
bmi	BMI	5:87988934:T:C	0.1358	0.1358	0.04498	0.0440609066208173	True
bmi	BMI	5:87682877:C:G	0.79	0.20999999999999996	0.03394	0.032597196765668	False
bmi	BMI	5:107496102:T:C	0.8204	0.17959999999999998	0.03529	0.0338520153622568	True
bmi	BMI	5:170623391:A:G	0.6848	0.31520000000000004	0.02469	0.0233313130298613	True
bmi	BMI	5:88097336:G:A	0.0115	0.0115	0.1039	0.100118501601136	False
bmi	BMI	5:133865452:A:G	0.5806	0.4194	0.02116	0.0197991931651242	True
bmi	BMI	5:63034606:G:A	0.4795	0.4795	0.02067	0.0193195496278044	True
bmi	BMI	5:139080745:A:G	0.1478	0.1478	0.02772	0.0255194312953708	True
bmi	BMI	5:88798726:A:T	0.3676	0.3676	0.01965	0.0181580281885995	True
bmi	BMI	5:95694609:C:G	0.2843	0.2843	0.02037	0.0186868837138433	True
bmi	BMI	5:80830788:A:G	0.7549	0.24509999999999998	0.02117	0.0193678482252243	True
bmi	BMI	5:3574564:C:T	0.6385	0.36150000000000004	0.01882	0.0172891059514904	True
bmi	BMI	5:122657199:G:A	0.5274	0.4726	0.01798	0.0165158724224802	True
bmi	BMI	5:152510937:T:A	0.286	0.286	0.01948	0.017758259318092	True
bmi	BMI	5:66200783:C:T	0.7191	0.28090000000000004	0.0195	0.0177641174289487	True
bmi	BMI	5:95859144:C:T	0.3927	0.3927	0.01776	0.0162489060817945	True
bmi	BMI	5:86727690:G:T	0.02027	0.02027	0.0614	0.0583728249911786	False
bmi	BMI	5:173277247:T:C	0.01588	0.01588	0.07176	0.0682332481244152	False
bmi	BMI	5:124332103:C:A	0.49	0.49	0.01747	0.0159370544131844	False
bmi	BMI	5:153089361:A:T	0.8436	0.15639999999999998	0.02325	0.0208283606042298	True
bmi	BMI	5:50935903:T:A	0.95666	0.043340000000000045	0.0415	0.0371442833906945	False
bmi	BMI	5:87103893:T:A	0.08994	0.08994	0.02889	0.0255044696412955	True
bmi	BMI	5:27188818:G:C	0.7186	0.2814	0.01826	0.0164725981994527	True
bmi	BMI	5:64078391:A:G	0.4844	0.4844	0.01641	0.0149181068978144	True
bmi	BMI	5:94215894:T:C	0.2486	0.2486	0.01879	0.0168873090820027	True
bmi	BMI	5:106725691:C:T	0.8168	0.18320000000000003	0.02077	0.018461577953637	True
bmi	BMI	5:167001890:T:C	0.8796	0.12039999999999995	0.02431	0.021361781216721	False
bmi	BMI	5:151117206:G:A	0.0111	0.0111	0.07486	0.0700863467313914	False
bmi	BMI	5:158480615:A:T	0.5913	0.40869999999999995	0.01642	0.0147625105181762	False
bmi	BMI	5:105766083:G:C	0.5672	0.43279999999999996	0.01557	0.0140484145217381	True
bmi	BMI	5:178988608:T:A	0.5107	0.48929999999999996	0.0154	0.0139066043701537	True
bmi	BMI	5:176732537:C:G	0.8462	0.15380000000000005	0.02123	0.0186005167210049	True
bmi	BMI	5:165762803:A:T	0.6121	0.3879	0.01565	0.014064737032081	False
bmi	BMI	5:3250572:T:C	0.4795	0.4795	0.0152	0.0136914580119576	True
bmi	BMI	5:77390494:C:T	0.4097	0.4097	0.0154	0.0138502665278583	False
bmi	BMI	5:168333137:G:A	0.5301	0.4699	0.01523	0.0137110700080166	True
bmi	BMI	5:92560816:G:A	0.8017	0.19830000000000003	0.01892	0.0166755051496507	False
bmi	BMI	5:50679459:A:G	0.03311	0.03311	0.04194	0.0361649776630973	False
bmi	BMI	5:153358226:G:A	0.732	0.268	0.01685	0.0149744808803522	True
bmi	BMI	5:60912736:A:G	0.3195	0.3195	0.01599	0.0142700802270374	True
bmi	BMI	5:144485978:G:A	0.3233	0.3233	0.01584	0.0141331898905729	True
bmi	BMI	5:102237768:T:A	0.04471	0.04471	0.03587	0.0301716266367136	False
bmi	BMI	5:168192944:A:C	0.6414	0.35860000000000003	0.01521	0.0135786189862725	True
bmi	BMI	5:167352783:G:A	0.1992	0.1992	0.01829	0.0159998617974391	True
bmi	BMI	5:152053480:T:G	0.1141	0.1141	0.02291	0.0196249050320818	True
bmi	BMI	5:43152216:T:C	0.6867	0.3133	0.01552	0.0137902047713	True
bmi	BMI	5:62839693:A:G	0.3285	0.3285	0.01529	0.0135958190313598	True
bmi	BMI	5:139714564:C:T	0.561	0.43899999999999995	0.01444	0.0129091727100176	True
bmi	BMI	5:119389031:C:G	0.4723	0.4723	0.01458	0.0130203760007849	True
bmi	BMI	5:153544512:T:C	0.4266	0.4266	0.01439	0.0128486912884515	True
bmi	BMI	5:159984492:C:T	0.7899	0.21009999999999995	0.01767	0.0154248945678971	True
bmi	BMI	5:103940415:T:A	0.4353	0.4353	0.01429	0.0127415553581882	False
bmi	BMI	5:102043687:G:A	0.4107	0.4107	0.01439	0.0128126942983253	True
bmi	BMI	5:108248885:C:T	0.91183	0.08816999999999997	0.02572	0.0215822886318444	True
bmi	BMI	5:3462896:T:G	0.3491	0.3491	0.01476	0.0130836678763031	True
bmi	BMI	5:167577555:C:T	0.92723	0.07277	0.02691	0.0224350905564665	False
bmi	BMI	5:136571959:G:A	0.5339	0.46609999999999996	0.01403	0.0125006740387573	False
bmi	BMI	5:107936082:G:A	0.95937	0.040630000000000055	0.03562	0.0292168774048735	True
bmi	BMI	5:131207358:C:T	0.2048	0.2048	0.01729	0.0150205093910422	True
bmi	BMI	6:50816887:G:T	0.1708	0.1708	0.05161	0.0511860863665784	True
bmi	BMI	6:40362023:C:T	0.45	0.45	0.02763	0.0265707014415511	True
bmi	BMI	6:98421721:T:C	0.6011	0.39890000000000003	0.02541	0.0242308005290786	True
bmi	BMI	6:108927842:A:G	0.6276	0.37239999999999995	0.02307	0.0217466678024618	True
bmi	BMI	6:104790532:A:T	0.8027	0.19730000000000003	0.02677	0.0250313693374883	True
bmi	BMI	6:51145172:G:C	0.2403	0.2403	0.0251	0.0234835858178775	False
bmi	BMI	6:50485961:A:T	0.01675	0.01675	0.08378	0.0808135434496438	False
bmi	BMI	6:51475835:T:C	0.5974	0.40259999999999996	0.02108	0.0196967379793177	True
bmi	BMI	6:43588227:T:A	0.97303	0.02697000000000005	0.06338	0.061425864016007	False
bmi	BMI	6:50366145:C:T	0.0518999999999999	0.0518999999999999	0.04615	0.0438116431588348	True
bmi	BMI	6:97944222:G:A	0.6229	0.3771	0.01985	0.0183740298361837	True
bmi	BMI	6:131897278:C:T	0.1668	0.1668	0.02557	0.023470529225812	True
bmi	BMI	6:51798760:T:A	0.175	0.175	0.02524	0.0231236067210232	True
bmi	BMI	6:98188295:G:A	0.6718	0.32820000000000005	0.01974	0.0181686268351415	False
bmi	BMI	6:83433228:G:A	0.4776	0.4776	0.01842	0.0169775538802108	True
bmi	BMI	6:23874157:G:T	0.3482	0.3482	0.0196	0.0179544978294703	False
bmi	BMI	6:97543137:C:T	0.2455	0.2455	0.02108	0.0192253423241114	True
bmi	BMI	6:73742152:G:A	0.2878	0.2878	0.019	0.0172770166560685	True
bmi	BMI	6:163009030:T:A	0.871	0.129	0.02582	0.0230868211008611	False
bmi	BMI	6:119526350:G:A	0.52	0.48	0.01675	0.0152827476513164	True
bmi	BMI	6:13180454:T:C	0.6945	0.3055	0.01806	0.0163661398277513	True
bmi	BMI	6:73910108:A:G	0.94203	0.057969999999999966	0.03544	0.0312467584129365	True
bmi	BMI	6:154333183:T:C	0.1645	0.1645	0.02237	0.0199802283285967	True
bmi	BMI	6:101118400:G:A	0.4673	0.4673	0.01652	0.0150417732444221	False
bmi	BMI	6:120173501:C:G	0.6659	0.33409999999999995	0.01742	0.0157921247426648	True
bmi	BMI	6:51258579:T:C	0.7661	0.2339	0.01892	0.0169437888379698	True
bmi	BMI	6:124925032:G:C	0.2412	0.2412	0.01875	0.0167925895734225	True
bmi	BMI	6:69900842:G:A	0.03979	0.03979	0.04093	0.0359888307407446	True
bmi	BMI	6:143165203:A:G	0.2185	0.2185	0.01919	0.0171133954724417	True
bmi	BMI	6:126090277:T:C	0.527	0.473	0.01572	0.0142398589983952	True
bmi	BMI	6:94678897:G:C	0.93277	0.06723000000000001	0.03119	0.0269926065538331	False
bmi	BMI	6:102014102:G:A	0.2107	0.2107	0.0193	0.017144637780605	True
bmi	BMI	6:5979069:T:C	0.6608	0.33919999999999995	0.01652	0.0148722061790496	True
bmi	BMI	6:46398004:C:G	0.4927	0.4927	0.0156	0.0141164745062876	True
bmi	BMI	6:47792371:A:G	0.2751	0.2751	0.01737	0.01555258611207	True
bmi	BMI	6:18862440:A:G	0.01363	0.01363	0.06744	0.063004987432195	False
bmi	BMI	6:123796957:T:G	0.8287	0.1713	0.02041	0.0179679355580316	True
bmi	BMI	6:160891231:T:C	0.979	0.02100000000000002	0.05326	0.0485794488601801	False
bmi	BMI	6:43757896:C:A	0.5186	0.48140000000000005	0.01531	0.013818420630236	True
bmi	BMI	6:42673678:T:C	0.4867	0.4867	0.01528	0.0137914434311995	True
bmi	BMI	6:18492350:G:T	0.04784	0.04784	0.0361	0.0308939812691009	True
bmi	BMI	6:155987825:A:G	0.2104	0.2104	0.01864	0.0164793588355824	True
bmi	BMI	6:9510030:C:T	0.6628	0.33720000000000006	0.01612	0.0144443925644774	True
bmi	BMI	6:98045252:T:G	0.02451	0.02451	0.04895	0.0437274405863612	False
bmi	BMI	6:23769237:C:T	0.3459	0.3459	0.01585	0.0142075969966961	False
bmi	BMI	6:93629042:G:A	0.557	0.44299999999999995	0.01506	0.0135433639860816	True
bmi	BMI	6:104678832:G:A	0.8939	0.10609999999999997	0.02416	0.020777905695269	True
bmi	BMI	6:141766666:C:T	0.4625	0.4625	0.01509	0.0135392782971854	True
bmi	BMI	6:96894328:T:C	0.9354	0.06459999999999999	0.0313	0.0264936775697318	True
bmi	BMI	6:81134401:C:A	0.8831	0.1169	0.02294	0.0197110033346348	True
bmi	BMI	6:41720082:A:T	0.8944	0.10560000000000003	0.02401	0.0205568611875948	False
bmi	BMI	6:69785765:C:G	0.6239	0.3761	0.01507	0.0134745698122186	True
bmi	BMI	6:70195719:A:C	0.6812	0.3188	0.01595	0.0141592163080279	True
bmi	BMI	6:65331201:C:T	0.8962	0.1038	0.02383	0.020358668107773	False
bmi	BMI	6:5261608:T:C	0.7515	0.24850000000000005	0.01668	0.0147064135531322	True
bmi	BMI	6:12142817:A:G	0.6274	0.37260000000000004	0.01494	0.013316539396494	True
bmi	BMI	6:18609828:T:C	0.3401	0.3401	0.01503	0.0133530926146446	True
bmi	BMI	6:98771197:G:A	0.118	0.118	0.02205	0.0188093780582934	True
bmi	BMI	6:41924931:A:G	0.2696	0.2696	0.01602	0.0141254166775848	True
bmi	BMI	6:54854851:A:C	0.01451	0.01451	0.05919	0.0533624582982787	False
bmi	BMI	6:80310375:C:T	0.1521	0.1521	0.01968	0.0169503001838608	True
bmi	BMI	6:90127390:C:T	0.2626	0.2626	0.01615	0.0142179696546894	True
bmi	BMI	6:147471730:A:G	0.5372	0.4628	0.01446	0.0128707884973871	True
bmi	BMI	6:64678118:A:C	0.6018	0.3982	0.01441	0.0128190959130525	True
bmi	BMI	6:4194441:T:C	0.1289	0.1289	0.02105	0.0179617831346728	False
bmi	BMI	6:97374850:G:A	0.8106	0.1894	0.0178	0.015423684790943	True
bmi	BMI	7:75050086:T:C	0.5705	0.4295	0.02849	0.0273571004765827	False
bmi	BMI	7:44784697:C:T	0.5585	0.4415	0.02338	0.022139617248265	True
bmi	BMI	7:103416541:C:A	0.424	0.424	0.02247	0.0211659863185233	True
bmi	BMI	7:114352615:G:A	0.3918	0.3918	0.02263	0.0212968743757033	True
bmi	BMI	7:113035833:C:T	0.5794	0.4206	0.02239	0.0210734808368504	True
bmi	BMI	7:99107727:C:A	0.8482	0.15180000000000005	0.0296	0.0275984523086167	True
bmi	BMI	7:2079744:G:C	0.7737	0.22629999999999995	0.02428	0.0225634799105023	False
bmi	BMI	7:71586211:A:T	0.6616	0.33840000000000003	0.02116	0.0196600115901557	False
bmi	BMI	7:76686511:G:A	0.1288	0.1288	0.03173	0.0292159433817156	False
bmi	BMI	7:150645534:T:G	0.7539	0.24609999999999999	0.02238	0.0206538406755393	True
bmi	BMI	7:113386580:T:C	0.4432	0.4432	0.01883	0.0173757053666994	False
bmi	BMI	7:71437104:A:G	0.7394	0.26060000000000005	0.01994	0.018145305853845	True
bmi	BMI	7:3125220:C:T	0.136	0.136	0.0254	0.0228831327875716	True
bmi	BMI	7:77829768:G:A	0.6436	0.35640000000000005	0.01811	0.0165511204775857	True
bmi	BMI	7:72406607:G:A	0.01738	0.01738	0.06991	0.0665043685029538	False
bmi	BMI	7:138817193:T:C	0.90181	0.09819	0.02822	0.0250630490859708	True
bmi	BMI	7:32369148:A:G	0.3863	0.3863	0.01715	0.0156079136162709	True
bmi	BMI	7:76814053:A:C	0.06339	0.06339	0.03419	0.0301805151126585	True
bmi	BMI	7:133581473:C:G	0.8653	0.13470000000000004	0.02445	0.0217852676113353	True
bmi	BMI	7:5347446:A:G	0.228	0.228	0.02027	0.0181846284408918	True
bmi	BMI	7:71815170:T:G	0.92764	0.07235999999999998	0.03135	0.0274593883134487	True
bmi	BMI	7:50578023:G:T	0.4896	0.4896	0.01555	0.0140655405697897	True
bmi	BMI	7:139885277:G:T	0.0978	0.0978	0.026	0.0225717557958732	False
bmi	BMI	7:70045443:G:C	0.4174	0.4174	0.01559	0.0140688136776759	True
bmi	BMI	7:111360679:T:C	0.05344	0.05344	0.03451	0.0295819330739015	False
bmi	BMI	7:114078869:A:G	0.06696	0.06696	0.03045	0.0261222496748788	False
bmi	BMI	7:49616203:G:A	0.387	0.387	0.0156	0.0140360284988992	True
bmi	BMI	7:121964349:C:T	0.3884	0.3884	0.01552	0.013960501155968	True
bmi	BMI	7:24471610:G:T	0.3485	0.3485	0.01597	0.0143252583333923	False
bmi	BMI	7:98725348:T:G	0.7864	0.2136	0.01844	0.0162710347362867	True
bmi	BMI	7:137422145:A:T	0.3459	0.3459	0.01572	0.0140821980752981	True
bmi	BMI	7:78121458:C:T	0.5001	0.4999	0.015	0.0134893578825088	True
bmi	BMI	7:26698848:A:G	0.08733	0.08733	0.02632	0.0225012699154759	True
bmi	BMI	7:69789374:A:G	0.2463	0.2463	0.01718	0.0152069314447064	True
bmi	BMI	7:6426273:G:C	0.1328	0.1328	0.02169	0.0187582523237969	True
bmi	BMI	7:100803265:G:A	0.4089	0.4089	0.01495	0.013391957104186	False
bmi	BMI	7:110925758:T:C	0.04781	0.04781	0.03453	0.029022238508547	False
bmi	BMI	7:158049893:G:A	0.9473	0.05269999999999997	0.03279	0.0275296626322381	False
bmi	BMI	7:150798980:G:A	0.2987	0.2987	0.01595	0.0141725305894381	True
bmi	BMI	7:39066094:G:A	0.1173	0.1173	0.02278	0.0195245326150979	False
bmi	BMI	7:127831580:G:A	0.4222	0.4222	0.0148	0.0132289941588864	True
bmi	BMI	7:35136070:T:C	0.6329	0.3671	0.01538	0.013679191046937	True
bmi	BMI	7:109228343:A:T	0.4716	0.4716	0.01461	0.0130538340511526	True
bmi	BMI	7:114864685:G:C	0.5726	0.4274	0.01436	0.0128138845372945	True
bmi	BMI	7:103530512:A:C	0.7056	0.2944	0.01561	0.0138038749845379	True
bmi	BMI	7:14922430:G:A	0.1211	0.1211	0.02179	0.0185056822242674	False
bmi	BMI	7:147668180:C:T	0.6621	0.3379	0.01474	0.0130509907219738	True
bmi	BMI	8:10665444:C:A	0.4118	0.4118	0.02852	0.0274546860764917	True
bmi	BMI	8:8380471:G:C	0.4906	0.4906	0.02562	0.024500888002363	True
bmi	BMI	8:77223088:G:A	0.5653	0.4347	0.0242	0.0230001980852352	True
bmi	BMI	8:116659731:C:T	0.7932	0.20679999999999998	0.02816	0.0265241338270006	True
bmi	BMI	8:76786941:C:T	0.7051	0.29490000000000005	0.02343	0.0219492502392337	True
bmi	BMI	8:73443198:G:T	0.2895	0.2895	0.02327	0.0217575015991723	True
bmi	BMI	8:30854033:A:G	0.3037	0.3037	0.02134	0.0197677222703442	True
bmi	BMI	8:27261138:C:G	0.09582	0.09582	0.03126	0.0283556394468314	False
bmi	BMI	8:76314655:A:T	0.8191	0.18089999999999995	0.02395	0.0218516981116062	True
bmi	BMI	8:143300279:G:A	0.475	0.475	0.01838	0.016941003638728	True
bmi	BMI	8:20668624:G:T	0.6727	0.32730000000000004	0.01959	0.0179958823809218	True
bmi	BMI	8:142617096:G:T	0.3853	0.3853	0.01883	0.0172900437641128	True
bmi	BMI	8:77342772:A:G	0.7115	0.2885	0.01953	0.0177953661825736	True
bmi	BMI	8:74678452:A:T	0.1153	0.1153	0.02725	0.0244394340360841	False
bmi	BMI	8:85622061:C:A	0.7663	0.23370000000000002	0.02028	0.0183661761945039	True
bmi	BMI	8:64702385:A:T	0.5709	0.42910000000000004	0.01707	0.0155829212746865	True
bmi	BMI	8:67205241:A:C	0.7419	0.2581	0.01855	0.0166765982189799	True
bmi	BMI	8:95696130:C:T	0.4935	0.4935	0.01604	0.0145701476220863	True
bmi	BMI	8:60865727:A:T	0.6627	0.33730000000000004	0.017	0.0153001973163886	True
bmi	BMI	8:21090185:T:C	0.133	0.133	0.0232	0.0203989848687869	True
bmi	BMI	8:38333062:T:G	0.4002	0.4002	0.016	0.0144696943388073	True
bmi	BMI	8:80928652:A:C	0.02675	0.02675	0.04915	0.0443536140906443	False
bmi	BMI	8:95595162:G:A	0.3345	0.3345	0.01626	0.0146015074708193	True
bmi	BMI	8:14272963:A:G	0.2915	0.2915	0.01687	0.0150927625522344	True
bmi	BMI	8:89637919:T:C	0.6974	0.3026	0.01643	0.0146755294846008	True
bmi	BMI	8:25666169:C:T	0.3004	0.3004	0.01644	0.0146766581132821	True
bmi	BMI	8:32400115:T:C	0.5935	0.4065	0.01517	0.0136099644973055	True
bmi	BMI	8:62054463:C:A	0.194	0.194	0.01879	0.0164942325642156	True
bmi	BMI	8:27985864:G:A	0.1333	0.1333	0.02182	0.0188958093820837	False
bmi	BMI	8:87342875:A:G	0.3558	0.3558	0.01672	0.0148367370411346	False
bmi	BMI	8:126482077:A:G	0.5058	0.4942	0.01476	0.0132632258409465	True
bmi	BMI	8:4813459:A:G	0.1885	0.1885	0.01885	0.0164843197405195	True
bmi	BMI	8:14095763:A:G	0.348	0.348	0.01534	0.0137043409400823	True
bmi	BMI	8:95359638:T:G	0.7711	0.2289	0.01707	0.0149996004200467	True
bmi	BMI	8:15137245:T:C	0.114	0.114	0.02265	0.0193478550541794	True
bmi	BMI	8:112268399:C:A	0.6878	0.31220000000000003	0.01546	0.0137191902953205	True
bmi	BMI	8:81397105:A:T	0.7995	0.2005	0.01791	0.0156392313652105	True
bmi	BMI	8:127860448:T:C	0.0101	0.0101	0.07595	0.0696118776308302	False
bmi	BMI	8:6329470:T:G	0.1591	0.1591	0.01922	0.0165528056371893	True
bmi	BMI	8:144937081:A:T	0.98617	0.013830000000000009	0.06163	0.0555965887100886	False
bmi	BMI	9:28414625:C:T	0.3239	0.3239	0.033	0.0319647762432275	True
bmi	BMI	9:15855545:C:T	0.6355	0.36450000000000005	0.02763	0.0264824544773317	True
bmi	BMI	9:11819686:C:A	0.6436	0.35640000000000005	0.01988	0.0183822390581613	False
bmi	BMI	9:27777012:T:C	0.4955	0.4955	0.01911	0.0176952836896577	False
bmi	BMI	9:30823761:A:G	0.8803	0.11970000000000003	0.02915	0.0265767929269301	True
bmi	BMI	9:92212610:T:A	0.4984	0.4984	0.01878	0.017357043221128	True
bmi	BMI	9:94186973:C:A	0.7249	0.2751	0.02095	0.0192631460372614	True
bmi	BMI	9:14442595:C:G	0.3797	0.3797	0.019	0.0175018018337145	True
bmi	BMI	9:37278064:A:T	0.6237	0.37629999999999997	0.01899	0.0174282623947673	True
bmi	BMI	9:15441858:C:T	0.95167	0.048329999999999984	0.0418	0.0381933612338567	False
bmi	BMI	9:36989007:C:T	0.7038	0.2962	0.01946	0.017775802739637	True
bmi	BMI	9:23228275:G:A	0.6534	0.3466	0.01859	0.0169817179173225	True
bmi	BMI	9:33978015:A:T	0.8452	0.15480000000000005	0.0255	0.0229260100235503	False
bmi	BMI	9:16728721:C:A	0.1577	0.1577	0.02351	0.021127583159194	True
bmi	BMI	9:14777395:G:A	0.3909	0.3909	0.01756	0.0160349449137512	True
bmi	BMI	9:132193825:A:G	0.5044	0.49560000000000004	0.01707	0.0156165620952589	True
bmi	BMI	9:133788465:G:C	0.3977	0.3977	0.0175	0.015978327022419	True
bmi	BMI	9:96582776:G:A	0.03785	0.03785	0.04503	0.0410557688960093	False
bmi	BMI	9:102162570:C:T	0.8265	0.1735	0.02185	0.0195037635821909	False
bmi	BMI	9:73777777:C:T	0.4122	0.4122	0.01676	0.0152388471217744	True
bmi	BMI	9:124627012:A:G	0.3238	0.3238	0.01732	0.0156627053203353	True
bmi	BMI	9:131026108:G:A	0.1522	0.1522	0.0226	0.0200630636686718	True
bmi	BMI	9:81334684:C:A	0.4188	0.4188	0.01622	0.0146925488003408	True
bmi	BMI	9:103113652:C:A	0.3781	0.3781	0.01652	0.0149008102757359	False
bmi	BMI	9:129408290:C:T	0.6525	0.34750000000000003	0.01648	0.0148475651978795	True
bmi	BMI	9:96433396:G:A	0.316	0.316	0.01688	0.01516723895093	False
bmi	BMI	9:109072075:T:G	0.2207	0.2207	0.01875	0.0166781186263043	True
bmi	BMI	9:88943947:T:A	0.7855	0.21450000000000002	0.0189	0.0167814767913606	True
bmi	BMI	9:31201621:A:T	0.2698	0.2698	0.01765	0.0157349855833273	False
bmi	BMI	9:120687550:T:A	0.5431	0.4569	0.01559	0.0140332380045735	True
bmi	BMI	9:80457276:A:G	0.5657	0.4343	0.01536	0.0138389763002814	True
bmi	BMI	9:126093999:C:T	0.3854	0.3854	0.01563	0.0140592325299303	True
bmi	BMI	9:126544609:T:C	0.1329	0.1329	0.0224	0.0195157946778771	True
bmi	BMI	9:13941513:A:G	0.8086	0.19140000000000001	0.01924	0.0169598027327425	True
bmi	BMI	9:134849254:G:A	0.3139	0.3139	0.01624	0.0145197560444637	False
bmi	BMI	9:8845911:C:T	0.7606	0.23939999999999995	0.01754	0.0155302716890234	True
bmi	BMI	9:10043773:A:G	0.3237	0.3237	0.01579	0.0140974860618672	True
bmi	BMI	9:30987553:C:T	0.2081	0.2081	0.01804	0.0158447998288562	True
bmi	BMI	9:10170958:T:A	0.3142	0.3142	0.01579	0.0140597014742169	True
bmi	BMI	9:118644190:T:C	0.358	0.358	0.01523	0.0136081382189896	True
bmi	BMI	9:122654933:T:A	0.0993	0.0993	0.02476	0.021102640422049	False
bmi	BMI	9:16595649:C:A	0.93945	0.06054999999999999	0.03037	0.0254964157618968	False
bmi	BMI	9:19928377:G:C	0.3055	0.3055	0.01573	0.0139636931790652	True
bmi	BMI	9:14651283:T:C	0.381	0.381	0.01486	0.0132612925917115	True
bmi	BMI	9:29287880:C:A	0.1904	0.1904	0.01843	0.0160685331911073	True
bmi	BMI	9:85134671:A:G	0.6804	0.3196	0.01548	0.0137384454621987	True
bmi	BMI	9:34124860:A:G	0.4785	0.4785	0.01427	0.0127578796724571	False
bmi	BMI	9:111958746:C:G	0.293	0.293	0.01565	0.0138356127808983	True
bmi	BMI	9:94296535:T:C	0.92595	0.07404999999999995	0.02737	0.0229272174929536	False
bmi	BMI	9:135762522:A:G	0.5789	0.42110000000000003	0.01424	0.0126859782837165	False
bmi	BMI	9:28517010:G:A	0.2708	0.2708	0.01579	0.0139087768525113	True
bmi	BMI	9:137978112:C:T	0.01243	0.01243	0.0663	0.0602849714420644	False
bmi	BMI	9:135466669:G:C	0.4396	0.4396	0.01481	0.0131167113505615	True
bmi	BMI	9:127060431:C:T	0.432	0.432	0.01411	0.012555205193247	True
bmi	BMI	9:29722345:T:G	0.6095	0.39049999999999996	0.01431	0.0127103579352226	True
bmi	BMI	9:23341715:C:G	0.5852	0.41479999999999995	0.01419	0.0126160491815384	True
bmi	BMI	10:21830104:A:G	0.3308	0.3308	0.02915	0.028004495437003	True
bmi	BMI	10:102447647:C:A	0.8982	0.1018	0.04141	0.0397426078038167	True
bmi	BMI	10:99778226:A:G	0.5472	0.4528	0.02436	0.023173314878381	True
bmi	BMI	10:99884428:C:A	0.6821	0.31789999999999996	0.02402	0.0226448818529071	True
bmi	BMI	10:104635348:C:T	0.224	0.224	0.02581	0.024174972715257	True
bmi	BMI	10:53673286:A:G	0.4216	0.4216	0.02093	0.019559542163878	True
bmi	BMI	10:33987329:T:C	0.03352	0.03352	0.05736	0.0555072485697306	False
bmi	BMI	10:114774433:A:C	0.7004	0.2996	0.02119	0.019608627945858	True
bmi	BMI	10:93038530:G:A	0.6761	0.32389999999999997	0.02069	0.0191564041880827	True
bmi	BMI	10:102626510:G:T	0.3279	0.3279	0.02115	0.0195641647572897	True
bmi	BMI	10:118650996:C:T	0.2468	0.2468	0.02249	0.0207644905438125	True
bmi	BMI	10:126629608:A:G	0.5766	0.4234	0.01926	0.0177845763268158	True
bmi	BMI	10:87490850:A:G	0.06957	0.06957	0.03614	0.0327898168647848	True
bmi	BMI	10:133984916:G:A	0.4337	0.4337	0.0177	0.0162270381579298	True
bmi	BMI	10:126730214:T:A	0.3274	0.3274	0.01854	0.0169241272706019	True
bmi	BMI	10:65191645:G:T	0.4971	0.4971	0.0173	0.0158486118562747	True
bmi	BMI	10:122061612:A:G	0.3613	0.3613	0.01791	0.0163447229356384	True
bmi	BMI	10:21695372:T:C	0.1685	0.1685	0.02247	0.0201115085183677	True
bmi	BMI	10:125220036:G:A	0.2571	0.2571	0.019	0.0171381445896334	True
bmi	BMI	10:76054961:C:T	0.1236	0.1236	0.02509	0.0223002513600188	True
bmi	BMI	10:20905269:C:T	0.7719	0.22809999999999997	0.01926	0.0172508296422897	False
bmi	BMI	10:64842838:G:A	0.6394	0.36060000000000003	0.01686	0.01525890951641	True
bmi	BMI	10:132955696:T:C	0.7937	0.20630000000000004	0.01975	0.0176095506850697	True
bmi	BMI	10:21099584:G:A	0.97585	0.024150000000000005	0.05272	0.0484208439079343	False
bmi	BMI	10:76716136:A:G	0.08335	0.08335	0.02827	0.0245115598679099	True
bmi	BMI	10:104021541:A:G	0.8444	0.15559999999999996	0.02135	0.0187775672397475	True
bmi	BMI	10:114902611:T:C	0.9882	0.011800000000000033	0.07425	0.069409082772955	False
bmi	BMI	10:52356264:C:T	0.3103	0.3103	0.01654	0.014773956502346	True
bmi	BMI	10:18555510:C:A	0.1322	0.1322	0.02207	0.0191587675706442	True
bmi	BMI	10:10258487:C:T	0.1801	0.1801	0.01932	0.0169389451647037	True
bmi	BMI	10:16751164:G:T	0.638	0.362	0.01553	0.0139080138170878	True
bmi	BMI	10:62887040:A:T	0.96549	0.03451000000000004	0.04112	0.0351827435925808	False
bmi	BMI	10:86588902:C:T	0.01361	0.01361	0.06467	0.0597230380165403	True
bmi	BMI	10:105222448:T:C	0.98035	0.019649999999999945	0.05433	0.0490936787066668	False
bmi	BMI	10:131783328:G:C	0.01798	0.01798	0.05781	0.0526062545532619	False
bmi	BMI	10:63053788:A:C	0.6099	0.3901	0.01511	0.0135092581515601	True
bmi	BMI	10:128538476:T:C	0.7958	0.20420000000000005	0.01808	0.0158573708326693	True
bmi	BMI	10:93810872:A:G	0.7075	0.2925	0.01582	0.0140053360820872	True
bmi	BMI	10:27225000:C:T	0.0744	0.0744	0.0274	0.0230160388027202	True
bmi	BMI	10:22839952:A:G	0.03339	0.03339	0.03965	0.0331239226599475	False
bmi	BMI	10:5607370:C:T	0.3131	0.3131	0.01543	0.0136736164088726	True
bmi	BMI	10:131122056:T:G	0.336	0.336	0.01512	0.0134114747795252	True
bmi	BMI	10:16535688:A:G	0.90835	0.09165000000000001	0.02448	0.0206272843471312	True
bmi	BMI	10:98989454:A:G	0.3445	0.3445	0.01473	0.0130592944699905	True
bmi	BMI	10:97254305:C:T	0.94	0.06000000000000005	0.02966	0.0245375806827923	True
bmi	BMI	11:27728102:G:A	0.3086	0.3086	0.03898	0.038191947930338	True
bmi	BMI	11:47529947:C:A	0.4082	0.4082	0.03231	0.0313536926613742	True
bmi	BMI	11:43653833:G:T	0.3101	0.3101	0.03172	0.0306125029919689	True
bmi	BMI	11:27610041:T:C	0.8176	0.1824	0.03724	0.03593677747544	False
bmi	BMI	11:65639374:C:T	0.3613	0.3613	0.0246	0.0233439203126977	True
bmi	BMI	11:30430332:G:C	0.6402	0.3598	0.02248	0.0211132756584721	True
bmi	BMI	11:13288698:G:T	0.5691	0.43089999999999995	0.02164	0.0203162790019894	True
bmi	BMI	11:881639:T:C	0.6184	0.38160000000000005	0.0211	0.0196720745314655	False
bmi	BMI	11:115044850:C:A	0.5867	0.4133	0.01997	0.0185544406251754	True
bmi	BMI	11:64049021:C:T	0.8377	0.1623	0.02617	0.0240725341857973	True
bmi	BMI	11:118941596:G:A	0.3964	0.3964	0.01912	0.0176523254499243	True
bmi	BMI	11:8639200:T:C	0.6471	0.3529	0.01937	0.0178429867355212	True
bmi	BMI	11:133707509:G:A	0.7693	0.23070000000000002	0.02193	0.0200606755127268	False
bmi	BMI	11:76473138:A:C	0.7868	0.21319999999999995	0.02245	0.0204851668585392	True
bmi	BMI	11:134589355:T:A	0.175	0.175	0.02335	0.021138976677781	True
bmi	BMI	11:28712741:A:G	0.6934	0.3066	0.01911	0.0174466455501631	True
bmi	BMI	11:132654027:A:G	0.4248	0.4248	0.01764	0.0161576076971323	True
bmi	BMI	11:122545146:C:T	0.3797	0.3797	0.01783	0.0162876521261784	False
bmi	BMI	11:11143030:T:C	0.1678	0.1678	0.02239	0.0200400345299041	True
bmi	BMI	11:113234679:T:C	0.3859	0.3859	0.01683	0.0152935034803315	True
bmi	BMI	11:64360623:G:A	0.7492	0.2508	0.01885	0.0169601248918628	True
bmi	BMI	11:66050712:G:A	0.6402	0.3598	0.01699	0.0154074111574588	True
bmi	BMI	11:43538772:T:A	0.5098	0.49019999999999997	0.01608	0.0146072806138472	True
bmi	BMI	11:65302893:G:A	0.2184	0.2184	0.01945	0.0173921053301632	True
bmi	BMI	11:89922417:A:G	0.256	0.256	0.01815	0.0162615856401268	True
bmi	BMI	11:122762432:A:T	0.2478	0.2478	0.01828	0.0163267231108665	True
bmi	BMI	11:84800038:C:G	0.6073	0.39270000000000005	0.01596	0.0144094891749757	True
bmi	BMI	11:85135100:T:C	0.8396	0.1604	0.02098	0.0184429558782642	True
bmi	BMI	11:370303:C:T	0.8974	0.10260000000000002	0.02538	0.021994112895786	False
bmi	BMI	11:120159052:C:A	0.8401	0.15990000000000004	0.02073	0.0181728164502197	True
bmi	BMI	11:46605817:A:G	0.1868	0.1868	0.01955	0.0171959113060761	True
bmi	BMI	11:46141511:G:A	0.01241	0.01241	0.07381	0.0687291971054587	False
bmi	BMI	11:133599939:C:T	0.5934	0.40659999999999996	0.01548	0.0139134153596598	True
bmi	BMI	11:17405617:C:T	0.6172	0.38280000000000003	0.01546	0.0138842393019915	True
bmi	BMI	11:20964785:T:C	0.04453	0.04453	0.0363	0.030837400973513	True
bmi	BMI	11:780827:C:T	0.4656	0.4656	0.01499	0.0134889788988908	False
bmi	BMI	11:133183927:G:A	0.671	0.32899999999999996	0.01611	0.0143839805655623	True
bmi	BMI	11:56970799:C:T	0.98301	0.01698999999999995	0.05895	0.0540090239640716	False
bmi	BMI	11:45420233:A:G	0.6948	0.3052	0.01602	0.0142786705469953	False
bmi	BMI	11:29242684:T:C	0.8642	0.13580000000000003	0.02156	0.0186674361859429	True
bmi	BMI	11:69500363:G:A	0.6445	0.35550000000000004	0.01528	0.013659441208603	True
bmi	BMI	11:47054448:A:G	0.8878	0.11219999999999997	0.0233	0.0199816868570093	False
bmi	BMI	11:116788837:C:T	0.0641	0.0641	0.02992	0.0251943672293864	True
bmi	BMI	11:11796897:G:T	0.4452	0.4452	0.01461	0.0130879957327167	True
bmi	BMI	11:134477893:G:A	0.8218	0.17820000000000003	0.01895	0.0165045983558337	False
bmi	BMI	11:1483177:T:C	0.0574	0.0574	0.03116	0.0260686792420083	False
bmi	BMI	11:114942791:G:A	0.2177	0.2177	0.01742	0.0152689598053765	True
bmi	BMI	11:212262:T:C	0.7189	0.2811	0.01585	0.0140036544866878	True
bmi	BMI	11:66188304:C:G	0.05274	0.05274	0.03224	0.0267710490148543	False
bmi	BMI	11:49477266:T:C	0.0732	0.0732	0.02733	0.0228685075655077	True
bmi	BMI	11:89075754:A:G	0.06794	0.06794	0.0282	0.02349830609	True
bmi	BMI	11:2234690:A:G	0.1783	0.1783	0.01862	0.0161052761322394	True
bmi	BMI	11:130718711:T:G	0.5267	0.47330000000000005	0.01401	0.012477360100728	True
bmi	BMI	12:50263148:G:A	0.384	0.384	0.03402	0.0330928803826002	True
bmi	BMI	12:991306:G:A	0.211	0.211	0.02972	0.0282077403591969	True
bmi	BMI	12:123024476:G:T	0.91175	0.08825000000000005	0.03805	0.0355465212442698	False
bmi	BMI	12:89771903:T:C	0.4536	0.4536	0.02068	0.019326715919039	True
bmi	BMI	12:103724090:G:A	0.7461	0.2539	0.02364	0.0220231536615539	True
bmi	BMI	12:24060075:G:C	0.1147	0.1147	0.03022	0.0276896830495718	True
bmi	BMI	12:110903380:G:C	0.3212	0.3212	0.02024	0.0186748321031612	True
bmi	BMI	12:2159556:A:G	0.3367	0.3367	0.02	0.0184513528956906	True
bmi	BMI	12:56493822:A:C	0.5916	0.4084	0.01889	0.0174261817573994	True
bmi	BMI	12:16427314:G:A	0.1435	0.1435	0.02635	0.0240162116489381	True
bmi	BMI	12:57611285:A:G	0.07936	0.07936	0.03335	0.0300016225263602	False
bmi	BMI	12:108294381:A:G	0.7543	0.24570000000000003	0.02082	0.0189714044761868	False
bmi	BMI	12:123189794:T:C	0.6963	0.30369999999999997	0.0194	0.0177354825077541	False
bmi	BMI	12:90133518:T:A	0.7556	0.24439999999999995	0.02039	0.0185301191539612	True
bmi	BMI	12:69681101:T:A	0.2744	0.2744	0.01916	0.0173915922408579	True
bmi	BMI	12:114446456:C:T	0.9324	0.0676	0.03406	0.030280047738251	True
bmi	BMI	12:41887940:C:T	0.4885	0.4885	0.01687	0.0154094959082063	True
bmi	BMI	12:121709430:C:T	0.9476	0.0524	0.03782	0.0336282292457823	False
bmi	BMI	12:133487774:G:A	0.3137	0.3137	0.01817	0.0164879999355903	True
bmi	BMI	12:124500725:T:C	0.2209	0.2209	0.02047	0.0184312045237939	True
bmi	BMI	12:89872932:C:T	0.2364	0.2364	0.01935	0.0173972158779746	True
bmi	BMI	12:72179446:C:T	0.01974	0.01974	0.05859	0.0550542680278366	True
bmi	BMI	12:17241392:C:T	0.6929	0.30710000000000004	0.01756	0.0158575780811817	True
bmi	BMI	12:23753927:T:G	0.06173	0.06173	0.0338	0.0294870340159041	False
bmi	BMI	12:60964108:A:G	0.2136	0.2136	0.0193	0.0172020400498073	True
bmi	BMI	12:122011598:T:C	0.95846	0.04154000000000002	0.04318	0.0382241410222171	False
bmi	BMI	12:118405172:C:G	0.7109	0.2891	0.01724	0.0154619209716245	True
bmi	BMI	12:107709046:T:C	0.1987	0.1987	0.01925	0.0169863049238437	False
bmi	BMI	12:68205491:G:C	0.1756	0.1756	0.01992	0.0175072839041516	True
bmi	BMI	12:23634243:A:G	0.779	0.22099999999999997	0.01798	0.0158838416572047	True
bmi	BMI	12:23899338:C:T	0.2068	0.2068	0.01863	0.016401494780037	True
bmi	BMI	12:120840074:C:T	0.94881	0.05118999999999996	0.03413	0.0289410458858854	False
bmi	BMI	12:122631752:T:C	0.408	0.408	0.0155	0.0138760195385878	True
bmi	BMI	12:14551025:T:C	0.5673	0.4327	0.01488	0.0133602245591255	True
bmi	BMI	12:68105119:T:C	0.3698	0.3698	0.01533	0.0137107204106369	True
bmi	BMI	12:38056149:C:A	0.95854	0.04146000000000005	0.03929	0.0332620361797954	False
bmi	BMI	12:114047575:T:C	0.1058	0.1058	0.02356	0.0201485254400737	True
bmi	BMI	12:82429592:C:T	0.3041	0.3041	0.0158	0.0140276782893913	True
bmi	BMI	12:19288508:A:C	0.8616	0.13839999999999997	0.02079	0.0178534720263629	True
bmi	BMI	12:132161207:G:A	0.97065	0.029349999999999987	0.04307	0.0361675622076669	False
bmi	BMI	13:28011963:G:A	0.6616	0.33840000000000003	0.02298	0.0215928897703967	True
bmi	BMI	13:59175727:C:A	0.5136	0.48640000000000005	0.02178	0.0204705633168919	True
bmi	BMI	13:79580919:G:A	0.592	0.40800000000000003	0.02237	0.0210019053802219	True
bmi	BMI	13:54104968:C:T	0.1286	0.1286	0.03169	0.0294825507161651	True
bmi	BMI	13:58626188:G:A	0.7717	0.22829999999999995	0.02424	0.0225366237084605	True
bmi	BMI	13:33092929:C:T	0.6384	0.36160000000000003	0.02113	0.0196922940794797	True
bmi	BMI	13:112217108:A:G	0.4495	0.4495	0.01976	0.0183663256217966	True
bmi	BMI	13:31007805:A:C	0.6704	0.3296	0.02177	0.0201415995184328	False
bmi	BMI	13:59399034:C:A	0.2387	0.2387	0.02232	0.0205352501077604	True
bmi	BMI	13:96983940:C:T	0.4104	0.4104	0.01907	0.0176177661005377	True
bmi	BMI	13:111977280:G:T	0.4384	0.4384	0.01843	0.0169672935320994	True
bmi	BMI	13:66205704:A:G	0.456	0.456	0.01821	0.0167562342830384	True
bmi	BMI	13:99245866:T:C	0.6342	0.3658	0.01893	0.0173567333349709	True
bmi	BMI	13:54691484:A:G	0.1186	0.1186	0.02795	0.0252256773806334	True
bmi	BMI	13:28674628:T:C	0.23	0.23	0.02121	0.0192741581887312	True
bmi	BMI	13:67472713:C:A	0.6711	0.32889999999999997	0.01864	0.0170284839233867	True
bmi	BMI	13:20616557:A:C	0.1354	0.1354	0.02652	0.0238622741549534	False
bmi	BMI	13:50963685:G:A	0.96877	0.03122999999999998	0.04729	0.042792977823452	False
bmi	BMI	13:111859862:C:T	0.5989	0.4011	0.0162	0.0146733859390071	True
bmi	BMI	13:88789201:C:T	0.98894	0.011059999999999959	0.07902	0.0741180585247241	False
bmi	BMI	13:40788838:T:G	0.3356	0.3356	0.01708	0.0153757825739489	False
bmi	BMI	13:86477072:C:T	0.2759	0.2759	0.01763	0.015810766115162	True
bmi	BMI	13:104092350:T:A	0.8398	0.1602	0.02148	0.0189093941106641	True
bmi	BMI	13:36229615:A:T	0.8576	0.14239999999999997	0.0215	0.0187334654458441	True
bmi	BMI	13:53635837:G:T	0.7594	0.24060000000000004	0.01737	0.0153657496555512	True
bmi	BMI	13:90413757:T:C	0.6272	0.3728	0.01524	0.013634994777717	True
bmi	BMI	13:97201221:C:T	0.4875	0.4875	0.01468	0.0131624526036473	True
bmi	BMI	13:56493079:T:C	0.7565	0.24350000000000005	0.01696	0.014960543961385	True
bmi	BMI	13:27897980:C:A	0.7582	0.24180000000000001	0.01692	0.0148996490211708	True
bmi	BMI	13:27300988:G:T	0.1862	0.1862	0.01856	0.0161774595313106	True
bmi	BMI	13:109835686:G:A	0.5206	0.47940000000000005	0.0143	0.0127787055461627	True
bmi	BMI	13:112077754:G:A	0.3462	0.3462	0.01499	0.0133158119893402	True
bmi	BMI	13:42738420:A:G	0.5877	0.4123	0.01435	0.0127855604924319	True
bmi	BMI	13:53823794:G:A	0.3468	0.3468	0.01482	0.013148317539291	True
bmi	BMI	14:79937216:T:A	0.2214	0.2214	0.03353	0.0322179475241225	False
bmi	BMI	14:29681138:G:C	0.7519	0.2481	0.02916	0.0277856344297468	True
bmi	BMI	14:94023972:G:A	0.6371	0.3629	0.02591	0.0247033452942117	True
bmi	BMI	14:103246470:A:G	0.3335	0.3335	0.0233	0.0219244866974737	True
bmi	BMI	14:101529005:A:G	0.3357	0.3357	0.02429	0.0228382905977502	True
bmi	BMI	14:33302882:G:T	0.4712	0.4712	0.02075	0.0193976473082525	True
bmi	BMI	14:91512340:T:C	0.7165	0.2835	0.02223	0.0206422201613914	True
bmi	BMI	14:101144596:C:T	0.1163	0.1163	0.03118	0.0287432314352457	True
bmi	BMI	14:47303114:T:G	0.4899	0.4899	0.01928	0.0178788725587525	True
bmi	BMI	14:25927832:A:G	0.6802	0.3198	0.0205	0.0189232184724324	True
bmi	BMI	14:103990799:T:C	0.6384	0.36160000000000003	0.0198	0.0182885484223577	True
bmi	BMI	14:62361021:A:C	0.2725	0.2725	0.02119	0.0195037870689622	False
bmi	BMI	14:91675284:A:G	0.7499	0.2501	0.02022	0.0183747617987322	False
bmi	BMI	14:29807595:G:A	0.1905	0.1905	0.02213	0.0200144676689011	True
bmi	BMI	14:30457170:T:C	0.0387	0.0387	0.04514	0.0413661485029217	False
bmi	BMI	14:73314450:C:A	0.7234	0.27659999999999996	0.01908	0.0173173528960269	True
bmi	BMI	14:99700080:C:T	0.5724	0.4276	0.01725	0.0157605889474267	True
bmi	BMI	14:88390504:G:A	0.2636	0.2636	0.01928	0.0174756995180239	True
bmi	BMI	14:46965511:A:T	0.3749	0.3749	0.01704	0.0154897148836049	True
bmi	BMI	14:73484786:C:T	0.92076	0.07923999999999998	0.03138	0.0275940423463774	False
bmi	BMI	14:73143457:G:A	0.4331	0.4331	0.01666	0.015150056499763	True
bmi	BMI	14:42939471:T:A	0.4249	0.4249	0.01655	0.0150463710465348	True
bmi	BMI	14:73746847:A:G	0.1839	0.1839	0.02098	0.0187153126897762	True
bmi	BMI	14:102303637:C:T	0.92489	0.07511000000000001	0.03023	0.0263357932684904	True
bmi	BMI	14:35610037:T:C	0.8932	0.1068	0.0255	0.0221899689894109	False
bmi	BMI	14:88290267:C:T	0.2743	0.2743	0.01718	0.0153508290994681	True
bmi	BMI	14:97339536:T:A	0.94589	0.05410999999999999	0.03419	0.0292525195735961	False
bmi	BMI	14:77547212:C:T	0.2934	0.2934	0.01667	0.0148706363158806	True
bmi	BMI	14:74298196:G:A	0.936	0.06399999999999995	0.03051	0.0258768274405898	True
bmi	BMI	14:103493060:C:T	0.03705	0.03705	0.03996	0.0338382186618482	False
bmi	BMI	14:60116946:C:T	0.6381	0.3619	0.01499	0.0133666939801991	True
bmi	BMI	14:62889034:A:G	0.1949	0.1949	0.01814	0.0158284805516664	True
bmi	BMI	14:65972584:G:C	0.3238	0.3238	0.01532	0.0136135191766839	True
bmi	BMI	14:82570760:C:A	0.95378	0.04622000000000004	0.0339	0.0279311916213347	False
bmi	BMI	14:36736344:T:C	0.0514	0.0514	0.03207	0.0264272828812567	True
bmi	BMI	14:104257464:T:C	0.3588	0.3588	0.01506	0.0133106634363313	False
bmi	BMI	14:40104718:G:C	0.1423	0.1423	0.02053	0.0175006234660057	True
bmi	BMI	14:63009071:C:T	0.2	0.2	0.01745	0.0151405124968553	True
bmi	BMI	15:68122509:T:C	0.7763	0.2237	0.03826	0.037235803790776	True
bmi	BMI	15:78012618:C:T	0.7298	0.2702	0.02316	0.0215728923380817	True
bmi	BMI	15:92573639:G:A	0.7813	0.2187	0.0244	0.0226130270373567	False
bmi	BMI	15:95271872:T:G	0.355	0.355	0.02071	0.0192362588649696	True
bmi	BMI	15:73089625:T:A	0.7608	0.23919999999999997	0.0225	0.0207316457186597	True
bmi	BMI	15:74278126:C:T	0.1113	0.1113	0.02995	0.027294261837689	False
bmi	BMI	15:99222509:A:G	0.7724	0.22760000000000002	0.02144	0.0195416311150953	True
bmi	BMI	15:79403002:T:C	0.5304	0.4696	0.01807	0.0166126728477857	True
bmi	BMI	15:99517619:A:T	0.6591	0.3409	0.01928	0.0176400637702724	False
bmi	BMI	15:35760534:C:G	0.8558	0.1442	0.02549	0.0230549850773076	False
bmi	BMI	15:52035125:G:C	0.5379	0.46209999999999996	0.01778	0.0163192051683913	True
bmi	BMI	15:62367013:T:C	0.98171	0.01829000000000003	0.06586	0.0628826308219489	True
bmi	BMI	15:46586088:C:T	0.4328	0.4328	0.01765	0.0161770816610686	True
bmi	BMI	15:52353498:C:G	0.08953	0.08953	0.03059	0.0273040804049258	False
bmi	BMI	15:53097493:C:G	0.2296	0.2296	0.02054	0.0185644121113203	True
bmi	BMI	15:89960286:T:A	0.8576	0.14239999999999997	0.02447	0.0219148526198933	True
bmi	BMI	15:75027880:C:T	0.2663	0.2663	0.01881	0.0170029505046818	False
bmi	BMI	15:60911462:G:A	0.5785	0.4215	0.0167	0.0151966941716285	True
bmi	BMI	15:73765586:C:T	0.91724	0.08275999999999994	0.03017	0.0264354971156206	False
bmi	BMI	15:68250076:G:T	0.6196	0.38039999999999996	0.01659	0.0150224239594639	True
bmi	BMI	15:80989172:C:T	0.7023	0.29769999999999996	0.0175	0.0157683200782659	True
bmi	BMI	15:45520550:T:G	0.8214	0.17859999999999998	0.02112	0.0187388673963732	False
bmi	BMI	15:53457526:G:A	0.93972	0.06028	0.03334	0.0289275046802683	False
bmi	BMI	15:74723644:G:A	0.574	0.42600000000000005	0.0155	0.0139757760225201	True
bmi	BMI	15:61470359:A:G	0.1787	0.1787	0.02005	0.0176582530231873	True
bmi	BMI	15:51741056:G:A	0.2007	0.2007	0.01903	0.0168194078268861	True
bmi	BMI	15:47921338:A:C	0.08698	0.08698	0.02714	0.0234011113372824	True
bmi	BMI	15:50000307:A:G	0.02587	0.02587	0.04832	0.0429626440154384	False
bmi	BMI	15:29852637:A:G	0.1179	0.1179	0.02336	0.0202269297548768	True
bmi	BMI	15:59450079:T:G	0.3407	0.3407	0.01583	0.0141281287171023	True
bmi	BMI	15:57120989:G:A	0.1937	0.1937	0.01861	0.016319261837835	True
bmi	BMI	15:63789479:G:A	0.6558	0.34419999999999995	0.01546	0.0138042961733493	True
bmi	BMI	15:98255978:A:G	0.5925	0.4075	0.01527	0.0136491825458592	True
bmi	BMI	15:54632242:G:T	0.3504	0.3504	0.01532	0.0136592978998347	True
bmi	BMI	15:59123238:G:A	0.1892	0.1892	0.01918	0.016685262646896	False
bmi	BMI	15:41971901:C:T	0.1857	0.1857	0.01841	0.01603554749335	True
bmi	BMI	15:74563284:G:T	0.03675	0.03675	0.03819	0.0318550314307423	False
bmi	BMI	15:77886340:A:C	0.6407	0.35929999999999995	0.01484	0.0132018281279019	True
bmi	BMI	15:66716106:C:T	0.7749	0.22509999999999997	0.01702	0.0149106397619136	False
bmi	BMI	15:27299725:G:A	0.2017	0.2017	0.01816	0.0157816408104375	True
bmi	BMI	15:80045698:A:C	0.1813	0.1813	0.01812	0.0156645802055073	True
bmi	BMI	15:83368605:G:A	0.01607	0.01607	0.05732	0.0509168863154078	True
bmi	BMI	15:66503584:G:A	0.8333	0.16669999999999996	0.01898	0.0163037472787665	True
bmi	BMI	16:53802494:C:T	0.4024	0.4024	0.09805	0.0978788586081542	True
bmi	BMI	16:4015729:C:T	0.615	0.385	0.03121	0.0301934385698377	True
bmi	BMI	16:28883241:A:G	0.4023	0.4023	0.03006	0.0290327766105376	True
bmi	BMI	16:29994922:C:T	0.4838	0.4838	0.02689	0.0258094409331404	True
bmi	BMI	16:69651866:C:T	0.5898	0.4102	0.02673	0.0256109669176204	True
bmi	BMI	16:31025641:C:T	0.6237	0.37629999999999997	0.02596	0.0247782487814145	True
bmi	BMI	16:19933600:C:T	0.8575	0.14249999999999996	0.03336	0.031482865427099	False
bmi	BMI	16:20380004:G:C	0.5007	0.49929999999999997	0.02134	0.0200255714983329	True
bmi	BMI	16:24733751:C:T	0.7329	0.2671	0.02328	0.0216942170852731	False
bmi	BMI	16:20248466:T:G	0.8714	0.12860000000000005	0.02987	0.0274881195209189	True
bmi	BMI	16:4941047:C:T	0.1338	0.1338	0.02856	0.0262444015197056	True
bmi	BMI	16:70206632:A:T	0.98424	0.015759999999999996	0.0828	0.0793113559263072	False
bmi	BMI	16:339672:T:C	0.6186	0.38139999999999996	0.01975	0.0182803358232937	True
bmi	BMI	16:24578458:T:C	0.4931	0.4931	0.01878	0.0173615491268493	True
bmi	BMI	16:2797161:C:T	0.01037	0.01037	0.09256	0.0881650123966069	False
bmi	BMI	16:9720130:C:A	0.695	0.30500000000000005	0.0196	0.0179496358841886	True
bmi	BMI	16:72996162:G:A	0.6001	0.39990000000000003	0.01853	0.0170123569654792	True
bmi	BMI	16:53598310:A:G	0.1363	0.1363	0.02517	0.022603814891839	True
bmi	BMI	16:73606563:A:T	0.5848	0.4152	0.01746	0.0159538940785636	True
bmi	BMI	16:53906099:G:A	0.5074	0.49260000000000004	0.01714	0.0156763215115929	True
bmi	BMI	16:9413353:C:T	0.498	0.498	0.01714	0.01566821563953	True
bmi	BMI	16:73097029:G:A	0.3564	0.3564	0.01761	0.0160290117784496	True
bmi	BMI	16:2529209:C:G	0.01126	0.01126	0.08375	0.0790254142440735	False
bmi	BMI	16:82448195:C:G	0.2713	0.2713	0.01882	0.0170158768245167	True
bmi	BMI	16:20050466:C:G	0.2407	0.2407	0.01931	0.0173568096254577	False
bmi	BMI	16:3708567:G:A	0.3141	0.3141	0.01749	0.0158020524610516	True
bmi	BMI	16:54267868:C:T	0.02664	0.02664	0.05267	0.0487723414133131	False
bmi	BMI	16:72038363:T:C	0.6769	0.32310000000000005	0.01729	0.0156282814869355	True
bmi	BMI	16:54153099:A:T	0.5854	0.41459999999999997	0.01612	0.0146027453923686	True
bmi	BMI	16:62801840:A:C	0.5154	0.48460000000000003	0.01575	0.0142644241121886	True
bmi	BMI	16:69144151:C:G	0.127	0.127	0.02355	0.0206643748890517	True
bmi	BMI	16:70572605:G:T	0.8938	0.10619999999999996	0.02561	0.0223700829816795	False
bmi	BMI	16:90124695:A:T	0.96044	0.03956000000000004	0.04096	0.0357447364984934	False
bmi	BMI	16:4763582:C:G	0.01912	0.01912	0.05668	0.0521093348138402	False
bmi	BMI	16:2260612:T:C	0.7024	0.2976	0.01713	0.0152570648450645	True
bmi	BMI	16:69393958:G:A	0.96505	0.03495000000000004	0.04126	0.035571308263232	True
bmi	BMI	16:53701364:C:T	0.97416	0.025839999999999974	0.04728	0.0416422595074761	False
bmi	BMI	16:81735012:G:A	0.8436	0.15639999999999998	0.02042	0.017798513691551	True
bmi	BMI	16:29882490:C:T	0.3233	0.3233	0.01574	0.014048815044458	True
bmi	BMI	16:2097158:G:A	0.7819	0.21809999999999996	0.01778	0.0156566247935541	True
bmi	BMI	16:76895693:A:G	0.4915	0.4915	0.01471	0.013194516130809	True
bmi	BMI	16:82872628:C:G	0.3228	0.3228	0.01564	0.0139371307998659	True
bmi	BMI	16:70725815:T:C	0.9066	0.09340000000000004	0.02532	0.0215281918698402	True
bmi	BMI	16:75508234:A:G	0.4444	0.4444	0.01465	0.0131114987164666	True
bmi	BMI	16:77261943:C:G	0.1302	0.1302	0.02149	0.0184690708604811	True
bmi	BMI	16:52571436:A:C	0.4673	0.4673	0.01432	0.0128044180498922	True
bmi	BMI	16:73426890:C:T	0.91929	0.08070999999999995	0.02625	0.0220765663376274	True
bmi	BMI	16:6704749:T:G	0.7288	0.2712	0.01593	0.0140477462565872	True
bmi	BMI	16:24310282:A:G	0.4971	0.4971	0.01412	0.0126015780646028	True
bmi	BMI	16:64707204:C:T	0.8578	0.1422	0.02015	0.017288873325095	True
bmi	BMI	16:67178973:C:T	0.1074	0.1074	0.02276	0.0193003883956671	True
bmi	BMI	16:82609717:T:C	0.7136	0.2864	0.01565	0.0138014656679436	True
bmi	BMI	16:13632684:A:C	0.92547	0.07452999999999999	0.02664	0.0222172037349562	True
bmi	BMI	17:78757626:A:G	0.6809	0.31910000000000005	0.0246	0.0232525294096748	True
bmi	BMI	17:65854602:C:T	0.1875	0.1875	0.02927	0.0275489919105754	False
bmi	BMI	17:46270606:T:C	0.06771	0.06771	0.04475	0.0428274613068158	True
bmi	BMI	17:47140794:C:T	0.6398	0.36019999999999996	0.02323	0.0218915502445794	True
bmi	BMI	17:1824305:C:A	0.8458	0.1542	0.02854	0.0264934876082471	True
bmi	BMI	17:79084367:G:A	0.4644	0.4644	0.01758	0.0161113271623299	True
bmi	BMI	17:42281282:G:T	0.283	0.283	0.01941	0.0176741701274388	True
bmi	BMI	17:21268583:C:T	0.512	0.488	0.0174	0.0159413988759553	True
bmi	BMI	17:31473455:C:T	0.7854	0.2146	0.02103	0.019038192113831	True
bmi	BMI	17:52937056:A:G	0.1579	0.1579	0.02377	0.0214105805682047	True
bmi	BMI	17:2133571:T:C	0.8168	0.18320000000000003	0.02219	0.0199991307837718	True
bmi	BMI	17:56039624:G:T	0.08829	0.08829	0.03015	0.0267810603750118	False
bmi	BMI	17:78449948:C:T	0.175	0.175	0.02267	0.0203313849403072	True
bmi	BMI	17:44262496:T:C	0.6716	0.3284	0.0181	0.0164307928726499	False
bmi	BMI	17:34866546:C:T	0.5124	0.48760000000000003	0.01633	0.0148567699327207	True
bmi	BMI	17:61830761:G:A	0.94412	0.05588000000000004	0.03527	0.0308615962985297	False
bmi	BMI	17:46684929:A:G	0.7515	0.24850000000000005	0.01844	0.016529756122631	True
bmi	BMI	17:28546914:C:T	0.3968	0.3968	0.01611	0.014566011687532	True
bmi	BMI	17:7571752:T:G	0.01262	0.01262	0.07182	0.0674100444774702	False
bmi	BMI	17:39261560:T:A	0.3086	0.3086	0.01697	0.0152428490157214	True
bmi	BMI	17:80085259:A:G	0.4909	0.4909	0.01658	0.0149222446505015	False
bmi	BMI	17:29481365:G:A	0.03659	0.03659	0.04204	0.0367856202730347	False
bmi	BMI	17:71744761:T:G	0.5254	0.4746	0.01602	0.0144387788185027	True
bmi	BMI	17:55547695:A:G	0.1639	0.1639	0.02092	0.0184216958888274	True
bmi	BMI	17:73848542:T:A	0.1641	0.1641	0.02102	0.018367435959208	False
bmi	BMI	17:71126631:G:A	0.5186	0.48140000000000005	0.01505	0.0135491383046108	True
bmi	BMI	17:53479547:C:T	0.4124	0.4124	0.01515	0.0136169057949875	True
bmi	BMI	17:35608664:T:A	0.3277	0.3277	0.01578	0.0140962805369551	True
bmi	BMI	17:2546340:C:T	0.2126	0.2126	0.01747	0.0153893822111801	True
bmi	BMI	17:28289650:C:T	0.6005	0.39949999999999997	0.01628	0.014436818428989	False
bmi	BMI	17:27912415:C:A	0.1768	0.1768	0.01918	0.016651207054232	True
bmi	BMI	17:9801370:A:G	0.2651	0.2651	0.01629	0.0143886329840543	True
bmi	BMI	17:41220288:C:T	0.97045	0.029549999999999965	0.04324	0.0366413919900061	False
bmi	BMI	17:35089764:G:A	0.6294	0.37060000000000004	0.01467	0.0130616605523078	True
bmi	BMI	17:55336891:T:C	0.1325	0.1325	0.02096	0.0179503914273391	True
bmi	BMI	17:32250375:T:A	0.183	0.183	0.01844	0.015967553048186	True
bmi	BMI	17:79976425:G:A	0.4434	0.4434	0.01426	0.0127028029347055	False
bmi	BMI	17:70721707:A:G	0.4819	0.4819	0.014	0.0124785669677224	True
bmi	BMI	18:57850422:G:T	0.2343	0.2343	0.06878	0.0685140710526866	True
bmi	BMI	18:57967681:T:A	0.2798	0.2798	0.04079	0.0400610251882447	True
bmi	BMI	18:21090023:A:G	0.503	0.497	0.02735	0.0262891923495903	True
bmi	BMI	18:58639547:T:C	0.98106	0.018939999999999957	0.07074	0.0679816766944945	False
bmi	BMI	18:22163139:C:T	0.8068	0.19320000000000004	0.02343	0.0214117994585356	True
bmi	BMI	18:1839601:A:T	0.1454	0.1454	0.02608	0.0237310771545538	True
bmi	BMI	18:63315068:C:G	0.315	0.315	0.01914	0.0175045361861642	True
bmi	BMI	18:13182325:A:T	0.1841	0.1841	0.02304	0.0208948261056584	True
bmi	BMI	18:53397199:T:C	0.8128	0.18720000000000003	0.02254	0.0204009722055384	False
bmi	BMI	18:40744790:C:A	0.6259	0.3741	0.0181	0.0165621393993135	True
bmi	BMI	18:22472474:A:T	0.5824	0.41759999999999997	0.0182	0.0166400000165488	False
bmi	BMI	18:42940499:G:T	0.7325	0.26749999999999996	0.0185	0.0166483413245913	True
bmi	BMI	18:69224478:T:A	0.3686	0.3686	0.01676	0.0151556174290318	True
bmi	BMI	18:39908776:C:T	0.1963	0.1963	0.02009	0.0178684449966775	True
bmi	BMI	18:45921214:G:A	0.5425	0.4575	0.016	0.0144961718570308	True
bmi	BMI	18:39714878:C:T	0.09989	0.09989	0.02645	0.0230869062876661	True
bmi	BMI	18:26141566:T:C	0.94029	0.05971000000000004	0.03282	0.0283184226375457	True
bmi	BMI	18:44797697:C:T	0.5767	0.4233	0.01556	0.0140333317980478	True
bmi	BMI	18:52509833:C:T	0.2339	0.2339	0.0177	0.0156624051269488	True
bmi	BMI	18:46636411:A:G	0.2313	0.2313	0.01758	0.0155368986616801	True
bmi	BMI	18:73498528:A:C	0.2749	0.2749	0.0166	0.0147469828680128	True
bmi	BMI	18:40990941:A:G	0.2683	0.2683	0.01764	0.015534256380822	False
bmi	BMI	18:20974424:C:T	0.605	0.395	0.01501	0.0134358464718635	True
bmi	BMI	18:53638995:C:T	0.1031	0.1031	0.02392	0.0204256462514178	True
bmi	BMI	18:71904385:G:A	0.8373	0.16269999999999996	0.02001	0.0173461336941263	True
bmi	BMI	18:2663235:G:A	0.7763	0.2237	0.01725	0.0151402526670865	True
bmi	BMI	19:47569003:G:A	0.6768	0.32320000000000004	0.0385	0.0377077745963212	False
bmi	BMI	19:46182304:T:A	0.8067	0.19330000000000003	0.04001	0.0389964357831729	True
bmi	BMI	19:18812785:A:G	0.5988	0.4012	0.02549	0.0243150404963603	False
bmi	BMI	19:30290357:G:C	0.3311	0.3311	0.02581	0.0245425928929167	True
bmi	BMI	19:18217147:T:C	0.4202	0.4202	0.02305	0.0217863377578441	True
bmi	BMI	19:18460956:G:A	0.7399	0.2601	0.02575	0.0242615876272899	True
bmi	BMI	19:4067314:C:T	0.811	0.18899999999999995	0.02688	0.0250371631207507	False
bmi	BMI	19:1869152:G:T	0.5422	0.4578	0.0205	0.0191234301729665	True
bmi	BMI	19:31019780:A:G	0.8438	0.1562	0.02694	0.0248259048508405	False
bmi	BMI	19:45411941:T:C	0.844	0.15600000000000003	0.02595	0.0237523984796699	True
bmi	BMI	19:2245622:G:A	0.058	0.058	0.03899	0.0354865286091165	False
bmi	BMI	19:34316705:T:C	0.6582	0.3418	0.01899	0.0174187811358429	True
bmi	BMI	19:51781455:G:A	0.94466	0.055339999999999945	0.04066	0.0369195889766188	False
bmi	BMI	19:1970021:C:T	0.832	0.16800000000000004	0.02313	0.0208404943203658	False
bmi	BMI	19:19457235:C:G	0.0789	0.0789	0.03147	0.0279468608972421	True
bmi	BMI	19:33971746:G:A	0.2904	0.2904	0.01899	0.0171173266561694	False
bmi	BMI	19:51132746:G:A	0.03967	0.03967	0.04178	0.0369258272551293	False
bmi	BMI	19:49605705:G:A	0.8353	0.16469999999999996	0.0208	0.0183225305915833	False
bmi	BMI	19:30610400:A:G	0.5253	0.4747	0.01531	0.0138208455309152	True
bmi	BMI	19:12957542:A:G	0.2663	0.2663	0.01717	0.0153048595268149	True
bmi	BMI	19:11001416:C:T	0.04383	0.04383	0.03709	0.0316649293495302	False
bmi	BMI	19:51640330:C:G	0.892	0.10799999999999998	0.02575	0.0220692331803676	False
bmi	BMI	19:30710410:T:G	0.7927	0.20730000000000004	0.01829	0.0160991145271272	True
bmi	BMI	19:45807945:G:A	0.7235	0.27649999999999997	0.01659	0.0147380450010372	True
bmi	BMI	19:18627477:C:G	0.0329	0.0329	0.04104	0.0347036667767483	False
bmi	BMI	19:19663850:A:G	0.394	0.394	0.01486	0.0132753885087857	True
bmi	BMI	19:5268055:C:T	0.02556	0.02556	0.04863	0.0423646824869653	False
bmi	BMI	19:32824310:C:A	0.7365	0.26349999999999996	0.01627	0.0143625210658791	True
bmi	BMI	19:46500861:G:C	0.3355	0.3355	0.01496	0.0132449992699857	False
bmi	BMI	19:2733188:C:T	0.01709	0.01709	0.0539	0.0472884291581423	False
bmi	BMI	20:51194941:T:C	0.8073	0.19269999999999998	0.03013	0.028510582078546	True
bmi	BMI	20:6601749:G:A	0.6273	0.37270000000000003	0.02365	0.0223560586113396	True
bmi	BMI	20:41986507:T:C	0.8753	0.12470000000000003	0.02774	0.0251886122961092	True
bmi	BMI	20:47498117:G:A	0.84	0.16000000000000003	0.02498	0.0226850203476638	True
bmi	BMI	20:32544327:T:C	0.4927	0.4927	0.01763	0.0161819319571482	True
bmi	BMI	20:62567684:C:G	0.94616	0.05384	0.04004	0.0361296125126777	False
bmi	BMI	20:15816236:T:C	0.1286	0.1286	0.02572	0.0230672248958046	False
bmi	BMI	20:9090771:G:A	0.1737	0.1737	0.02254	0.0202825082029953	False
bmi	BMI	20:16560990:T:C	0.7356	0.26439999999999997	0.0192	0.0173924801088649	True
bmi	BMI	20:62130403:G:T	0.94994	0.05005999999999999	0.03911	0.0346783578799656	False
bmi	BMI	20:54423296:T:G	0.5567	0.4433	0.01653	0.0150425459339153	True
bmi	BMI	20:62692440:A:G	0.7473	0.25270000000000004	0.01876	0.0168574919097933	True
bmi	BMI	20:54148838:A:T	0.3359	0.3359	0.01704	0.0154022555371825	True
bmi	BMI	20:44907927:A:G	0.4098	0.4098	0.01568	0.0141435244151663	True
bmi	BMI	20:29539588:G:T	0.96541	0.03459000000000001	0.0439	0.0384965753201439	False
bmi	BMI	20:12435756:C:T	0.4553	0.4553	0.01509	0.0135826815667778	True
bmi	BMI	20:51724231:G:A	0.90224	0.09775999999999996	0.02537	0.0218342713977346	True
bmi	BMI	20:51903155:A:G	0.2788	0.2788	0.0166	0.0147295044995226	True
bmi	BMI	20:25070943:C:T	0.2004	0.2004	0.01841	0.0161603320336279	True
bmi	BMI	20:25753542:T:C	0.1515	0.1515	0.02236	0.0192839621738102	False
bmi	BMI	20:48584148:C:T	0.01181	0.01181	0.06929	0.0639188478598775	False
bmi	BMI	20:50393979:G:A	0.655	0.345	0.01505	0.0133697526698179	True
bmi	BMI	20:30635236:T:G	0.04902	0.04902	0.03264	0.026965650526914	False
bmi	BMI	20:30233072:A:G	0.9656	0.034399999999999986	0.04041	0.0335827633868685	False
bmi	BMI	20:24812217:C:T	0.6201	0.3799	0.01451	0.012900333208248	False
bmi	BMI	20:12704128:C:G	0.6518	0.34819999999999995	0.01476	0.0130916294058984	True
bmi	BMI	21:46488959:G:A	0.94558	0.054420000000000024	0.04634	0.0441504128373111	True
bmi	BMI	21:40288577:G:A	0.6876	0.3124	0.02218	0.0206105422953297	True
bmi	BMI	21:38885506:C:T	0.9337	0.06630000000000003	0.03415	0.0301852658468436	True
bmi	BMI	21:40644170:T:C	0.3754	0.3754	0.01656	0.0149966888460442	True
bmi	BMI	21:48048773:A:G	0.01167	0.01167	0.07646	0.0718745469627608	False
bmi	BMI	21:43966144:A:G	0.384	0.384	0.0162	0.014640708727731	True
bmi	BMI	21:40180889:A:G	0.4025	0.4025	0.01578	0.0142369557631943	True
bmi	BMI	21:25200440:C:A	0.3563	0.3563	0.01569	0.0140553043625755	False
bmi	BMI	21:34214646:C:T	0.8985	0.10150000000000003	0.02419	0.0206838067128232	False
bmi	BMI	21:41427168:A:C	0.4042	0.4042	0.01457	0.0130087922058825	True
bmi	BMI	21:42653468:C:T	0.6454	0.3546	0.01481	0.013161720953563	True
bmi	BMI	21:32636072:G:A	0.90043	0.09957000000000005	0.02359	0.0199709727273361	True
bmi	BMI	22:40611012:G:A	0.6757	0.32430000000000003	0.02199	0.0205116926515186	True
bmi	BMI	22:41804716:G:A	0.7093	0.29069999999999996	0.01869	0.0169447108062699	False
bmi	BMI	22:18226997:C:G	0.1777	0.1777	0.02161	0.0193195349176011	False
bmi	BMI	22:48386670:C:T	0.4376	0.4376	0.01563	0.014085158794796	True
bmi	BMI	22:39752103:G:A	0.07529	0.07529	0.02789	0.0237009485857154	False
bmi	BMI	22:35924713:T:C	0.3072	0.3072	0.01625	0.0144207594470414	True
bmi	BMI	22:42070374:A:C	0.90367	0.09633000000000003	0.02465	0.0210170697709961	False
bmi	BMI	22:49429719:A:G	0.7894	0.2106	0.01758	0.0153900300375472	True
bmi	BMI	22:48871019:G:A	0.421	0.421	0.01454	0.0129791451189962	True
bmi	BMI	22:27618267:A:G	0.4155	0.4155	0.0143	0.0127325588028433	False
cad	CAD	1:109817192:A:G	0.78215	0.21785	0.1086	0.104946858558347	True
cad	CAD	1:222823743:G:T	0.68434	0.31566000000000005	0.07106	0.0655690361202108	False
cad	CAD	1:57016131:A:C	0.91462	0.08538000000000001	0.10435	0.095251988057447	True
cad	CAD	1:55505647:G:T	0.98355	0.016449999999999965	0.2209	0.185634464104102	False
cad	CAD	1:154395946:A:G	0.43525	0.43525	0.05023	0.0433958937267862	True
cad	CAD	1:151762308:G:C	0.80704	0.19296000000000002	0.05836	0.0488947421361102	True
cad	CAD	2:203831212:A:T	0.11588	0.11588	0.11811	0.111948795292577	True
cad	CAD	2:216304384:T:C	0.26201	0.26201	0.0694	0.0638959506918399	True
cad	CAD	2:85788175:A:T	0.45164	0.45164	0.0609	0.0561315943954521	True
cad	CAD	2:19942473:A:G	0.0731	0.0731	0.10531	0.0929203414562305	True
cad	CAD	2:44072576:G:T	0.31916	0.31916	0.05546	0.0486824739660335	True
cad	CAD	2:21270554:C:A	0.84373	0.15627000000000002	0.06576	0.0549818412373714	False
cad	CAD	2:203563940:C:A	0.03261	0.03261	0.15084	0.11938036303007	False
cad	CAD	3:138092889:T:C	0.1617	0.1617	0.07328	0.0659464184945352	True
cad	CAD	3:49448566:A:C	0.85867	0.14132999999999996	0.07155	0.0617064881859839	True
cad	CAD	3:124475201:G:T	0.14068	0.14068	0.06717	0.0571683993289021	True
cad	CAD	3:153839866:C:G	0.86297	0.13702999999999999	0.07094	0.059118137435851	True
cad	CAD	4:148401190:A:G	0.15321	0.15321	0.06834	0.0602674139413956	True
cad	CAD	4:156638573:A:G	0.81589	0.18411	0.06329	0.0552969657638141	True
cad	CAD	4:81181072:T:A	0.2772	0.2772	0.05404	0.0457975141805314	True
cad	CAD	4:148281001:C:G	0.80478	0.19521999999999995	0.05792	0.0486259981542113	True
cad	CAD	6:161010118:G:A	0.06498	0.06498	0.27149	0.266923293402944	False
cad	CAD	6:12903957:G:A	0.40681	0.40681	0.10544	0.102854471004615	True
cad	CAD	6:160751531:T:G	0.01453	0.01453	0.43448	0.419284648596541	False
cad	CAD	6:160872151:T:C	0.37874	0.37874	0.08141	0.0775818198274341	False
cad	CAD	6:134173151:A:G	0.70173	0.29827000000000004	0.06636	0.0613816833275552	True
cad	CAD	6:161224445:C:T	0.0295	0.0295	0.162	0.137364783186412	False
cad	CAD	6:22612629:A:G	0.34808	0.34808	0.05002	0.04246498868804	True
cad	CAD	7:19049388:A:G	0.18163	0.18163	0.07422	0.0681019402357513	True
cad	CAD	7:129663496:C:T	0.65726	0.34274000000000004	0.067	0.061439852475713	True
cad	CAD	7:150690176:T:C	0.07106	0.07106	0.12529	0.11381881016382	False
cad	CAD	8:126490972:A:T	0.54147	0.45853	0.06039	0.055497090823919	True
cad	CAD	9:22098619:G:A	0.48703	0.48703	0.17327	0.171095828214578	True
cad	CAD	9:136149399:A:G	0.19249	0.19249	0.07404	0.0675777682472344	True
cad	CAD	10:91004886:G:A	0.34861	0.34861	0.07626	0.0713340629992646	True
cad	CAD	10:44480811:G:T	0.64791	0.35209	0.06182	0.0568003381811012	True
cad	CAD	10:44765000:T:G	0.88953	0.11046999999999996	0.09094	0.0831758132899345	True
cad	CAD	10:30321598:T:C	0.42773	0.42773	0.05771	0.0525243839073281	True
cad	CAD	10:104604916:T:G	0.88991	0.11009000000000002	0.07287	0.0625229334741056	True
cad	CAD	11:103673294:T:A	0.30735	0.30735	0.05954	0.0537426432319219	True
cad	CAD	11:9751196:A:G	0.55182	0.44818	0.04868	0.0411322645554934	True
cad	CAD	12:111910219:A:G	0.4906	0.4906	0.06422	0.0593561738475045	True
cad	CAD	12:90008959:G:A	0.18906	0.18906	0.06597	0.0590209884663195	True
cad	CAD	12:121416988:G:A	0.33509	0.33509	0.05127	0.0441075097068127	True
cad	CAD	12:125307053:A:G	0.14653	0.14653	0.06864	0.0591109654710935	True
cad	CAD	13:110818102:T:A	0.8911	0.1089	0.08738	0.0770710336130141	False
cad	CAD	13:111049623:T:C	0.75207	0.24792999999999998	0.06152	0.0540890390957117	True
cad	CAD	14:100145710:G:C	0.4214	0.4214	0.05109	0.0440802866130865	True
cad	CAD	15:79123054:T:C	0.57817	0.42183000000000004	0.07211	0.0680086723727109	True
cad	CAD	15:91428197:T:C	0.46364	0.46364	0.0617	0.0566251310688513	True
cad	CAD	15:79017861:C:T	0.35693	0.35693	0.06778	0.0618725429794881	True
cad	CAD	15:67441750:C:A	0.78308	0.21692	0.07124	0.0646820148464965	True
cad	CAD	16:83045790:A:G	0.76263	0.23736999999999997	0.05905	0.0506417317657328	True
cad	CAD	17:59286644:G:C	0.2282	0.2282	0.06961	0.0607225613290598	True
cad	CAD	19:11202306:G:T	0.88413	0.11587000000000003	0.12826	0.12201788632233	True
cad	CAD	19:45412079:C:T	0.92156	0.07843999999999995	0.1432	0.134325917569664	True
cad	CAD	19:10993295:G:A	0.7406	0.25939999999999996	0.06063	0.0540694325128969	True
cad	CAD	21:35593827:A:G	0.12444	0.12444	0.13279	0.126556069293576	True
cad	CAD	22:24658858:G:T	0.97722	0.022780000000000022	0.16536	0.139991216583825	True
dbp	DBP	1:11895795:G:A	0.8362	0.16379999999999995	0.03968	0.038021439219261	True
dbp	DBP	1:243485126:T:G	0.3008	0.3008	0.02921	0.0281363042417991	True
dbp	DBP	1:113147607:G:A	0.2047	0.2047	0.02714	0.0256436236980988	False
dbp	DBP	1:230848702:C:T	0.2406	0.2406	0.02462	0.0231254409917143	True
dbp	DBP	1:153662423:G:A	0.01743	0.01743	0.07684	0.0738962610070814	False
dbp	DBP	1:113046395:T:C	0.7482	0.2518	0.02281	0.0212039791598614	False
dbp	DBP	1:3328659:C:T	0.1394	0.1394	0.02846	0.026448829460935	True
dbp	DBP	1:113247713:G:A	0.8287	0.1713	0.02617	0.0243173540312511	False
dbp	DBP	1:113537084:C:T	0.5679	0.43210000000000004	0.01961	0.0182105677706447	True
dbp	DBP	1:25022314:G:A	0.2453	0.2453	0.02202	0.0203171554542217	True
dbp	DBP	1:8481016:T:G	0.5854	0.41459999999999997	0.0189	0.0174649805811911	True
dbp	DBP	1:10798552:T:C	0.369	0.369	0.01914	0.0176335481080961	True
dbp	DBP	1:115829178:C:T	0.01773	0.01773	0.06928	0.0653649085594612	False
dbp	DBP	1:201735913:C:T	0.6662	0.3338	0.01928	0.0177291256311152	True
dbp	DBP	1:43862158:A:G	0.4656	0.4656	0.01739	0.0159574937631258	True
dbp	DBP	1:243181293:C:T	0.3	0.3	0.01885	0.017189956941554	False
dbp	DBP	1:38453576:A:C	0.2745	0.2745	0.01924	0.0175101364851503	True
dbp	DBP	1:201884288:C:G	0.3541	0.3541	0.01751	0.015953513142896	True
dbp	DBP	1:172357441:G:T	0.4315	0.4315	0.01614	0.0146634668749604	True
dbp	DBP	1:7777962:T:C	0.5425	0.4575	0.01593	0.0144640630688913	True
dbp	DBP	1:12023500:G:A	0.96479	0.035209999999999964	0.04143	0.0346859528115671	False
dbp	DBP	1:43761651:C:T	0.383	0.383	0.01579	0.0141874568065682	True
dbp	DBP	1:243602390:G:A	0.646	0.354	0.01555	0.0139085030606414	True
dbp	DBP	1:227355918:C:A	0.4351	0.4351	0.01456	0.0130527630839768	True
dbp	DBP	1:228191075:T:A	0.4781	0.4781	0.01455	0.0130354699778618	True
dbp	DBP	1:51383369:A:G	0.98408	0.015920000000000045	0.05721	0.0464338162637298	False
dbp	DBP	1:67115230:C:A	0.1556	0.1556	0.01946	0.0168053860109277	True
dbp	DBP	1:234760600:T:A	0.5837	0.4163	0.01418	0.0126339646340098	True
dbp	DBP	1:44062159:C:T	0.3771	0.3771	0.01423	0.0126215616240871	True
dbp	DBP	1:79357360:G:C	0.7016	0.2984	0.01499	0.0132142221583486	True
dbp	DBP	1:226426337:T:A	0.6209	0.3791	0.01407	0.0124493759155564	False
dbp	DBP	1:249191706:G:A	0.7614	0.23860000000000003	0.017	0.0147264937806892	True
dbp	DBP	1:51069102:T:C	0.1528	0.1528	0.0189	0.0161655822421356	True
dbp	DBP	1:24891340:C:T	0.2134	0.2134	0.01656	0.014367885437222	True
dbp	DBP	1:183058452:A:G	0.2539	0.2539	0.0155	0.0135263483083319	True
dbp	DBP	1:115697124:A:G	0.0171	0.0171	0.05225	0.0400632439579849	False
dbp	DBP	1:175143207:T:C	0.3846	0.3846	0.01373	0.0121044419134345	True
dbp	DBP	1:110232983:A:G	0.7306	0.2694	0.01493	0.0130432294945284	False
dbp	DBP	1:41486245:C:T	0.807	0.19299999999999995	0.01679	0.0144378371515007	True
dbp	DBP	1:38344941:T:C	0.5739	0.42610000000000003	0.01339	0.0117961215259498	False
dbp	DBP	2:183211443:G:A	0.3507	0.3507	0.02941	0.0284265163275247	True
dbp	DBP	2:26916844:C:G	0.384	0.384	0.0248	0.0236799696103392	False
dbp	DBP	2:145720139:A:G	0.2504	0.2504	0.02652	0.0251943395495217	True
dbp	DBP	2:165083414:T:G	0.7273	0.27270000000000005	0.02511	0.0237750626614227	True
dbp	DBP	2:97015073:T:C	0.3371	0.3371	0.02293	0.0216085876099654	True
dbp	DBP	2:164963486:T:C	0.5457	0.45430000000000004	0.02129	0.0199941351039178	True
dbp	DBP	2:96581338:C:T	0.3067	0.3067	0.02286	0.0214552297293289	False
dbp	DBP	2:145820213:T:C	0.3349	0.3349	0.02097	0.0194988686090418	True
dbp	DBP	2:179721046:G:A	0.08865	0.08865	0.03383	0.0310246200904898	False
dbp	DBP	2:179506790:A:T	0.09171	0.09171	0.03236	0.0295158217278355	False
dbp	DBP	2:651407:T:C	0.8486	0.15139999999999998	0.02624	0.0240218071837165	True
dbp	DBP	2:183315823:G:T	0.6379	0.3621	0.01874	0.0172249209680435	True
dbp	DBP	2:43167878:A:C	0.90707	0.09292999999999996	0.03076	0.0278898302120717	False
dbp	DBP	2:181930057:G:A	0.7197	0.2803	0.01901	0.0172146414868418	False
dbp	DBP	2:43277806:C:T	0.238	0.238	0.01955	0.0176385289671901	True
dbp	DBP	2:205077128:T:C	0.6094	0.39059999999999995	0.01704	0.0154918395527793	True
dbp	DBP	2:203673073:G:A	0.8711	0.12890000000000001	0.02442	0.0217923361965394	True
dbp	DBP	2:43582074:C:G	0.5811	0.41890000000000005	0.01651	0.0150248911520465	True
dbp	DBP	2:19511072:G:C	0.163	0.163	0.02206	0.0196112940884442	True
dbp	DBP	2:145938702:A:T	0.8617	0.13829999999999998	0.02352	0.0208743980610307	True
dbp	DBP	2:172690265:C:G	0.7137	0.2863	0.01761	0.015864752584752	True
dbp	DBP	2:112754828:G:T	0.7092	0.29079999999999995	0.01745	0.0157222464183933	True
dbp	DBP	2:191532789:A:G	0.6868	0.31320000000000003	0.01691	0.0152486539372467	True
dbp	DBP	2:43431862:G:A	0.4962	0.4962	0.01569	0.0142289327168206	True
dbp	DBP	2:171943820:G:A	0.3572	0.3572	0.01626	0.0146893184627094	True
dbp	DBP	2:191430741:A:G	0.8119	0.18810000000000004	0.01986	0.0176087904585898	True
dbp	DBP	2:159444272:A:T	0.7218	0.2782	0.01715	0.0153645038363842	True
dbp	DBP	2:37993052:A:G	0.7188	0.2812	0.01702	0.0152259327335816	True
dbp	DBP	2:73571417:G:A	0.2899	0.2899	0.01687	0.0151064975550993	True
dbp	DBP	2:219563602:G:A	0.94895	0.05105000000000004	0.03424	0.0293153313971738	True
dbp	DBP	2:145504787:T:C	0.4216	0.4216	0.01533	0.0138230173668833	True
dbp	DBP	2:179395067:C:G	0.08961	0.08961	0.0262	0.0227593685091619	False
dbp	DBP	2:191644537:C:T	0.7207	0.2793	0.01664	0.0148447287147506	True
dbp	DBP	2:95931218:C:T	0.1804	0.1804	0.01975	0.0173197172665652	False
dbp	DBP	2:37192866:C:T	0.8061	0.19389999999999996	0.01888	0.016614703040975	True
dbp	DBP	2:225942022:T:C	0.4849	0.4849	0.01487	0.0133826015607807	False
dbp	DBP	2:135755616:T:C	0.8637	0.13629999999999998	0.0216	0.0187939639003219	True
dbp	DBP	2:9328013:G:C	0.3782	0.3782	0.01506	0.0134983560422013	False
dbp	DBP	2:45887547:G:A	0.90242	0.09758	0.0246	0.0211981590457639	True
dbp	DBP	2:127257975:C:G	0.208	0.208	0.01797	0.0158086710868087	False
dbp	DBP	2:218674697:C:T	0.3989	0.3989	0.01488	0.0133445807985885	True
dbp	DBP	2:25262928:C:T	0.90745	0.09255000000000002	0.02521	0.0216859968677553	False
dbp	DBP	2:19707726:G:A	0.219	0.219	0.01758	0.0154803866506951	False
dbp	DBP	2:97500775:A:G	0.1805	0.1805	0.01884	0.016460921833149	False
dbp	DBP	2:46353166:A:G	0.6647	0.33530000000000004	0.01523	0.0135846478441253	True
dbp	DBP	2:19084668:C:T	0.01819	0.01819	0.05955	0.0491984415873432	False
dbp	DBP	2:159569303:G:A	0.7645	0.23550000000000004	0.01687	0.0148478411639626	True
dbp	DBP	2:127157151:G:C	0.1643	0.1643	0.01908	0.0165289907321727	False
dbp	DBP	2:235792003:T:C	0.1126	0.1126	0.02266	0.0193543660909654	True
dbp	DBP	2:15418054:A:C	0.5436	0.45640000000000003	0.01387	0.0123419334963548	True
dbp	DBP	2:25110289:T:C	0.90545	0.09455000000000002	0.02383	0.0201137765029845	False
dbp	DBP	2:73711911:T:C	0.3723	0.3723	0.0142	0.0125851984355903	True
dbp	DBP	2:55809054:A:G	0.5235	0.47650000000000003	0.01389	0.0123281530598843	False
dbp	DBP	2:36579992:G:C	0.5393	0.4607	0.01376	0.0122079516144795	True
dbp	DBP	2:176765594:A:C	0.02975	0.02975	0.04102	0.0325303152902694	False
dbp	DBP	2:183102849:A:T	0.02332	0.02332	0.04638	0.0361656255112695	False
dbp	DBP	2:55097549:A:G	0.5327	0.46730000000000005	0.01378	0.0122175545539631	False
dbp	DBP	2:174015168:G:A	0.5903	0.40969999999999995	0.01375	0.012165756682232	True
dbp	DBP	2:128965249:G:A	0.7728	0.22719999999999996	0.0161	0.0139982565101286	True
dbp	DBP	2:44765861:G:A	0.7559	0.24409999999999998	0.0157	0.0136884228017602	True
dbp	DBP	2:230667848:T:C	0.8814	0.11860000000000004	0.02086	0.0175601141022108	False
dbp	DBP	2:208402750:T:C	0.4611	0.4611	0.01339	0.0118254962511836	True
dbp	DBP	2:15311954:A:G	0.5641	0.43589999999999995	0.01347	0.0118865870383693	True
dbp	DBP	2:179267654:T:C	0.06474	0.06474	0.02717	0.0223933197295827	False
dbp	DBP	2:164459422:G:T	0.09599	0.09599	0.02266	0.0188759526046794	True
dbp	DBP	2:37880919:A:T	0.1892	0.1892	0.01705	0.014647194511598	False
dbp	DBP	2:190684782:A:G	0.2069	0.2069	0.01638	0.0141414022729181	True
dbp	DBP	2:73383375:C:T	0.3451	0.3451	0.01396	0.0122617866403041	True
dbp	DBP	2:146140132:C:T	0.5384	0.4616	0.0133	0.0117255527918323	True
dbp	DBP	2:69088302:G:C	0.3727	0.3727	0.0137	0.0120375309583208	True
dbp	DBP	2:145616899:G:A	0.06987	0.06987	0.02591	0.0212979947928265	False
dbp	DBP	2:135616200:T:C	0.8271	0.17290000000000005	0.01752	0.0149527269332645	True
dbp	DBP	3:169171347:T:G	0.4631	0.4631	0.02911	0.0282061163310441	False
dbp	DBP	3:42012719:G:A	0.1613	0.1613	0.0354	0.0337135645319382	True
dbp	DBP	3:49881134:A:T	0.5012	0.4988	0.02253	0.021331342409955	True
dbp	DBP	3:57765862:T:C	0.4308	0.4308	0.01964	0.0182487722223488	True
dbp	DBP	3:48360992:T:G	0.6854	0.3146	0.02059	0.0190548014296227	True
dbp	DBP	3:50064424:G:A	0.5337	0.46630000000000005	0.01895	0.0175538897340338	True
dbp	DBP	3:48182326:A:G	0.6685	0.3315	0.01997	0.0184424171441474	False
dbp	DBP	3:14889756:T:C	0.2682	0.2682	0.02101	0.0193449261883801	True
dbp	DBP	3:158193136:A:G	0.2631	0.2631	0.01939	0.0176209554642905	True
dbp	DBP	3:168846701:C:T	0.6055	0.39449999999999996	0.01716	0.0156592555675795	True
dbp	DBP	3:48947188:G:A	0.08988	0.08988	0.02922	0.0261485746056245	False
dbp	DBP	3:169295764:A:C	0.705	0.29500000000000004	0.01806	0.0163337786961062	True
dbp	DBP	3:48009467:C:T	0.09906	0.09906	0.02652	0.0234633327278501	False
dbp	DBP	3:7489611:G:A	0.4859	0.4859	0.01591	0.0144111197326823	True
dbp	DBP	3:47693664:C:T	0.0955	0.0955	0.02685	0.023529626794193	False
dbp	DBP	3:168707390:G:A	0.82	0.18000000000000005	0.01997	0.0176514910778627	True
dbp	DBP	3:133959950:A:G	0.5159	0.4841	0.01534	0.0138835287388127	False
dbp	DBP	3:57519194:A:G	0.3383	0.3383	0.01607	0.0144591717548837	True
dbp	DBP	3:185348351:T:C	0.3853	0.3853	0.01567	0.0141227403349275	True
dbp	DBP	3:124557643:T:C	0.5818	0.4182	0.01537	0.0138640085344178	True
dbp	DBP	3:141066886:C:T	0.06098	0.06098	0.03068	0.0261886838152111	False
dbp	DBP	3:134077470:C:G	0.3547	0.3547	0.0152	0.0135994005690556	False
dbp	DBP	3:48731450:C:T	0.05137	0.05137	0.03309	0.0278419686989696	False
dbp	DBP	3:154660134:T:G	0.8869	0.11309999999999998	0.02263	0.0193695301175623	True
dbp	DBP	3:71203369:G:T	0.5389	0.46109999999999995	0.01429	0.012754423749754	True
dbp	DBP	3:27470734:C:T	0.0433	0.0433	0.03451	0.0285963606466008	True
dbp	DBP	3:183435713:G:A	0.532	0.46799999999999997	0.01394	0.0124049949677833	True
dbp	DBP	3:47506230:G:A	0.1008	0.1008	0.02337	0.0196662539981044	False
dbp	DBP	3:29374219:G:C	0.8252	0.17479999999999996	0.01819	0.0156508057594788	True
dbp	DBP	3:169040166:G:C	0.2365	0.2365	0.01615	0.0140797659133264	True
dbp	DBP	3:41306063:A:C	0.5271	0.4729	0.01355	0.0120008836245217	True
dbp	DBP	3:70724371:T:C	0.96539	0.03461000000000003	0.03879	0.0308695368233988	False
dbp	DBP	3:62113061:G:C	0.08426	0.08426	0.02424	0.0202117661357116	True
dbp	DBP	3:53553923:G:T	0.7304	0.26959999999999995	0.01532	0.0133769940791067	True
dbp	DBP	3:57393243:T:C	0.7406	0.25939999999999996	0.01516	0.0132180423707421	False
dbp	DBP	3:48600145:C:T	0.95937	0.040630000000000055	0.03366	0.0271328765250852	False
dbp	DBP	3:27281146:C:T	0.05351	0.05351	0.02951	0.0241306304740924	True
dbp	DBP	4:81174592:G:A	0.2932	0.2932	0.03588	0.0347747400584855	True
dbp	DBP	4:103188709:C:T	0.92544	0.07455999999999996	0.0531	0.051164116637683	False
dbp	DBP	4:103001649:G:T	0.94006	0.05993999999999999	0.05145	0.048497564496494	False
dbp	DBP	4:54801228:T:G	0.104	0.104	0.03163	0.0291387670311619	True
dbp	DBP	4:102896591:T:G	0.92795	0.07204999999999995	0.03455	0.0310712386322458	False
dbp	DBP	4:120532401:A:G	0.4783	0.4783	0.01692	0.0154836298604481	True
dbp	DBP	4:56463775:C:T	0.7123	0.28769999999999996	0.01871	0.0169888233842557	True
dbp	DBP	4:25408838:G:A	0.7681	0.2319	0.01967	0.0177481187303965	False
dbp	DBP	4:156639846:A:G	0.6407	0.35929999999999995	0.01714	0.0155921622809839	True
dbp	DBP	4:18025730:T:A	0.1739	0.1739	0.02242	0.0200236439254414	False
dbp	DBP	4:111338277:T:C	0.2	0.2	0.01989	0.0177615726883095	True
dbp	DBP	4:156512112:C:G	0.8495	0.15049999999999997	0.02233	0.019790020894862	True
dbp	DBP	4:103769304:T:C	0.6694	0.3306	0.01631	0.0146777387887297	True
dbp	DBP	4:143785362:T:C	0.3571	0.3571	0.01586	0.0142591011180758	True
dbp	DBP	4:106910958:C:T	0.7596	0.24039999999999995	0.01751	0.0155544102210318	True
dbp	DBP	4:56279875:A:G	0.7289	0.2711	0.01674	0.0149124814162956	True
dbp	DBP	4:26815441:G:T	0.652	0.348	0.01498	0.0133444012116508	True
dbp	DBP	4:150202672:C:T	0.2026	0.2026	0.01741	0.0151470130647729	True
dbp	DBP	4:100176759:C:T	0.3837	0.3837	0.01421	0.0126208718973183	True
dbp	DBP	4:144085327:A:T	0.5154	0.48460000000000003	0.01358	0.0120393262194034	True
dbp	DBP	4:54595141:C:G	0.7988	0.20120000000000005	0.01657	0.0142467570060236	True
dbp	DBP	4:143634746:G:A	0.3705	0.3705	0.01367	0.0120048172587286	True
dbp	DBP	5:32829975:C:G	0.5966	0.4034	0.03164	0.0307170346210451	True
dbp	DBP	5:122921103:G:A	0.3197	0.3197	0.02442	0.023173926915262	True
dbp	DBP	5:122653399:G:A	0.4713	0.4713	0.02277	0.021560514418075	True
dbp	DBP	5:173356752:G:C	0.6983	0.30169999999999997	0.0239	0.0225700090463061	True
dbp	DBP	5:61592576:C:G	0.07995	0.07995	0.03834	0.0352300738588325	True
dbp	DBP	5:32713108:G:C	0.607	0.393	0.02037	0.0189685032504512	True
dbp	DBP	5:158482827:T:C	0.5647	0.4353	0.01832	0.0168886935174319	True
dbp	DBP	5:148400245:A:G	0.5561	0.44389999999999996	0.01823	0.0167906836525377	True
dbp	DBP	5:61486338:T:A	0.06035	0.06035	0.03772	0.0336938731872255	True
dbp	DBP	5:87986314:C:A	0.1352	0.1352	0.02546	0.023060480569523	True
dbp	DBP	5:127815453:G:C	0.4169	0.4169	0.0175	0.0160274768527293	True
dbp	DBP	5:123141745:T:C	0.8206	0.1794	0.02181	0.0196116505558293	True
dbp	DBP	5:122482973:A:G	0.1532	0.1532	0.02355	0.0210711115142573	False
dbp	DBP	5:87497612:T:C	0.8295	0.17049999999999998	0.0217	0.0193988837667522	True
dbp	DBP	5:96227278:C:T	0.4529	0.4529	0.01624	0.0147648560645022	False
dbp	DBP	5:87290838:C:A	0.8234	0.17659999999999998	0.02109	0.0188087213036293	False
dbp	DBP	5:157932823:T:C	0.616	0.384	0.0164	0.0148773195670109	True
dbp	DBP	5:157803588:A:G	0.5732	0.42679999999999996	0.01582	0.0143435585957027	True
dbp	DBP	5:87393746:A:G	0.8192	0.18079999999999996	0.0201	0.0177777334828579	False
dbp	DBP	5:114370217:A:G	0.5013	0.49870000000000003	0.0145	0.0130133835327061	True
dbp	DBP	5:61319964:T:C	0.04733	0.04733	0.03481	0.0291933147288204	False
dbp	DBP	5:172196711:G:T	0.9504	0.04959999999999998	0.03339	0.0281363358348862	False
dbp	DBP	5:107309348:A:T	0.8497	0.1503	0.0202	0.0175037343628547	True
dbp	DBP	5:148524820:C:T	0.7364	0.26359999999999995	0.01631	0.0144191470493127	True
dbp	DBP	5:50888835:T:C	0.3525	0.3525	0.01462	0.0129757021511122	True
dbp	DBP	5:57754005:G:A	0.3638	0.3638	0.01427	0.012637448426243	True
dbp	DBP	5:127711287:C:T	0.5867	0.4133	0.0139	0.0123151088381615	True
dbp	DBP	5:107045475:A:G	0.5862	0.41379999999999995	0.01496	0.0131256582695919	False
dbp	DBP	6:127098553:G:A	0.4484	0.4484	0.02758	0.0266410668615439	True
dbp	DBP	6:51838263:A:G	0.4841	0.4841	0.01951	0.0181410281327713	True
dbp	DBP	6:151004770:G:C	0.92892	0.07108000000000003	0.03713	0.0336974856329879	True
dbp	DBP	6:121813835:A:G	0.02081	0.02081	0.06795	0.0643770593342154	False
dbp	DBP	6:126938446:C:T	0.2263	0.2263	0.02266	0.0209151337515008	True
dbp	DBP	6:79794858:A:G	0.3808	0.3808	0.01903	0.0175484068110355	True
dbp	DBP	6:109616218:C:T	0.4773	0.4773	0.01778	0.0163573540008087	True
dbp	DBP	6:79427089:A:G	0.3577	0.3577	0.01828	0.016736253005857	True
dbp	DBP	6:152396945:C:T	0.8933	0.10670000000000002	0.02708	0.0243047986894635	True
dbp	DBP	6:98342192:G:A	0.1293	0.1293	0.02422	0.0216012089906684	True
dbp	DBP	6:51582136:G:A	0.1387	0.1387	0.02258	0.0199438838975287	True
dbp	DBP	6:51415907:T:C	0.394	0.394	0.01577	0.0142468815346882	True
dbp	DBP	6:80837253:G:T	0.4675	0.4675	0.01547	0.0139637699171775	True
dbp	DBP	6:143618589:A:G	0.2631	0.2631	0.01716	0.0153156680146964	False
dbp	DBP	6:169586887:T:C	0.2204	0.2204	0.01826	0.0161986701055194	True
dbp	DBP	6:55994438:C:T	0.90139	0.09860999999999998	0.02633	0.0227798358696315	False
dbp	DBP	6:147591371:A:G	0.4025	0.4025	0.01515	0.0136182371114757	True
dbp	DBP	6:16710967:T:C	0.8689	0.1311	0.02204	0.0191462730778492	True
dbp	DBP	6:166185025:A:G	0.3755	0.3755	0.0151	0.0135410773799039	True
dbp	DBP	6:118579100:C:T	0.07701	0.07701	0.02741	0.0235111726563176	True
dbp	DBP	6:126735330:A:T	0.6861	0.31389999999999996	0.01541	0.0137035479911306	True
dbp	DBP	6:51999414:C:T	0.4579	0.4579	0.01427	0.0127712515703691	True
dbp	DBP	6:85629307:C:T	0.4135	0.4135	0.01447	0.0129295664874125	True
dbp	DBP	6:121696059:C:T	0.01701	0.01701	0.05726	0.0465546640338611	False
dbp	DBP	6:137696973:C:T	0.2072	0.2072	0.01749	0.0152686524047746	True
dbp	DBP	6:109507533:C:T	0.5605	0.4395	0.0141	0.0125735743686417	True
dbp	DBP	6:98173028:A:T	0.02441	0.02441	0.04705	0.0372086984397327	False
dbp	DBP	6:22700798:C:T	0.2563	0.2563	0.01591	0.0139823730130107	True
dbp	DBP	6:22140004:A:G	0.4768	0.4768	0.01375	0.0122237576518295	True
dbp	DBP	6:39186743:G:C	0.7252	0.27480000000000004	0.01525	0.0133752555143145	True
dbp	DBP	6:126594267:G:A	0.1186	0.1186	0.021	0.0177575119033381	True
dbp	DBP	6:121248799:G:A	0.01596	0.01596	0.05549	0.0429459928573937	False
dbp	DBP	6:145572680:T:C	0.96959	0.030410000000000048	0.03933	0.0310250012268313	False
dbp	DBP	6:161707111:T:A	0.2073	0.2073	0.01654	0.0142437977407568	False
dbp	DBP	6:143150043:A:G	0.746	0.254	0.01528	0.0132713010025485	True
dbp	DBP	7:150704843:G:A	0.6805	0.3195	0.02688	0.0257509044974477	True
dbp	DBP	7:89772484:C:A	0.4563	0.4563	0.02093	0.0195636651221293	False
dbp	DBP	7:129663496:C:T	0.6104	0.38959999999999995	0.02079	0.0194130946973028	True
dbp	DBP	7:27229119:G:A	0.9259	0.07410000000000005	0.03772	0.0343959925781179	True
dbp	DBP	7:35505204:C:T	0.2345	0.2345	0.02328	0.0216292209711229	True
dbp	DBP	7:151413124:T:C	0.2826	0.2826	0.02079	0.0191608992142249	False
dbp	DBP	7:100456595:G:A	0.1878	0.1878	0.02344	0.0215033855232244	True
dbp	DBP	7:1195692:A:G	0.96853	0.03147	0.05183	0.0462180762407766	False
dbp	DBP	7:46010100:C:G	0.4381	0.4381	0.01826	0.0168225610697996	True
dbp	DBP	7:100321138:T:G	0.1167	0.1167	0.02727	0.024769269566134	True
dbp	DBP	7:2529623:C:T	0.3348	0.3348	0.01836	0.0167752414490311	True
dbp	DBP	7:25979194:T:A	0.4003	0.4003	0.01763	0.0161476550358182	True
dbp	DBP	7:131069461:T:A	0.4569	0.4569	0.01682	0.0153752310791127	True
dbp	DBP	7:989647:G:A	0.97589	0.024109999999999965	0.0553	0.0484075654844218	False
dbp	DBP	7:96465530:T:C	0.5802	0.41979999999999995	0.01664	0.015166374895484	True
dbp	DBP	7:150598440:T:C	0.5663	0.4337	0.0161	0.0146328168566978	True
dbp	DBP	7:1947342:G:A	0.365	0.365	0.01664	0.0150743312775205	True
dbp	DBP	7:19080344:C:G	0.8518	0.1482	0.022	0.0194530922261033	True
dbp	DBP	7:50914953:C:A	0.4934	0.4934	0.01539	0.0139358635380771	True
dbp	DBP	7:69639978:T:C	0.2586	0.2586	0.01741	0.0155445201710374	True
dbp	DBP	7:149152906:G:A	0.459	0.459	0.01498	0.0135092240570143	True
dbp	DBP	7:75094545:A:C	0.5622	0.43779999999999997	0.01501	0.0135164637649364	False
dbp	DBP	7:46133130:T:G	0.7202	0.27980000000000005	0.01663	0.0147725323651195	False
dbp	DBP	7:150210148:T:C	0.7664	0.23360000000000003	0.01732	0.0153002834327547	False
dbp	DBP	7:2092885:G:A	0.3508	0.3508	0.01527	0.0136400527242973	True
dbp	DBP	7:22156538:C:G	0.3049	0.3049	0.01592	0.0141588544856074	True
dbp	DBP	7:150310941:T:G	0.7715	0.22850000000000004	0.0168	0.0147418472263181	False
dbp	DBP	7:35085761:T:C	0.5402	0.4598	0.01485	0.0130829592531052	False
dbp	DBP	7:7289543:T:C	0.1266	0.1266	0.02058	0.0174724082916573	True
dbp	DBP	7:35757487:A:C	0.04279	0.04279	0.03525	0.0286253577124364	False
dbp	DBP	7:114351527:A:G	0.4227	0.4227	0.01384	0.0122641346972046	True
dbp	DBP	7:131350784:A:T	0.2634	0.2634	0.01545	0.0135396983350244	False
dbp	DBP	7:25823647:A:C	0.8377	0.1623	0.01853	0.0158593955671224	True
dbp	DBP	7:99605861:T:C	0.3327	0.3327	0.01432	0.0126106002090085	True
dbp	DBP	7:74073590:A:G	0.1927	0.1927	0.017	0.0146568985769185	True
dbp	DBP	7:140240355:G:A	0.5056	0.49439999999999995	0.01329	0.0117114808881426	True
dbp	DBP	7:14375977:A:G	0.6799	0.32010000000000005	0.01417	0.0124003985251161	True
dbp	DBP	8:10712945:G:T	0.4113	0.4113	0.02628	0.0252726559309261	False
dbp	DBP	8:120456193:A:T	0.7318	0.2682	0.02787	0.0266461789667853	False
dbp	DBP	8:10198534:C:T	0.425	0.425	0.02436	0.02324621154046	True
dbp	DBP	8:8920269:C:G	0.4587	0.4587	0.02374	0.0225948817635368	True
dbp	DBP	8:8721473:G:A	0.4489	0.4489	0.02301	0.0218288186064139	True
dbp	DBP	8:10077241:G:A	0.5632	0.43679999999999997	0.02278	0.0215669813332261	False
dbp	DBP	8:8604423:A:C	0.5463	0.4537	0.02176	0.020492096360771	True
dbp	DBP	8:8387095:G:T	0.4615	0.4615	0.02079	0.0194732420286983	True
dbp	DBP	8:8094870:G:A	0.4699	0.4699	0.01942	0.0180336826986481	True
dbp	DBP	8:8500724:C:T	0.4429	0.4429	0.0189	0.0174871972275497	False
dbp	DBP	8:6360289:G:T	0.9643	0.035699999999999954	0.04674	0.0408135577666439	False
dbp	DBP	8:144981488:G:A	0.95414	0.04586000000000001	0.0412	0.0359234407499473	False
dbp	DBP	8:1212030:C:G	0.6336	0.36639999999999995	0.01673	0.0151657481362181	True
dbp	DBP	8:81395746:T:G	0.7598	0.24019999999999997	0.01808	0.0161337379428663	True
dbp	DBP	8:96020877:G:A	0.1389	0.1389	0.02204	0.0193251944814342	True
dbp	DBP	8:142367246:G:A	0.95986	0.040139999999999953	0.03889	0.0326895711076988	False
dbp	DBP	8:25878995:G:C	0.7136	0.2864	0.01658	0.0147928948509125	True
dbp	DBP	8:144059713:T:C	0.4596	0.4596	0.01485	0.0133698966150801	False
dbp	DBP	8:145562032:G:A	0.6257	0.37429999999999997	0.01566	0.0139721086382185	True
dbp	DBP	8:51938355:T:A	0.1704	0.1704	0.01925	0.016768056741589	True
dbp	DBP	8:51673736:G:A	0.1937	0.1937	0.01781	0.0155258540917764	True
dbp	DBP	8:15041939:G:A	0.07208	0.07208	0.02704	0.0228218677735514	True
dbp	DBP	8:95909498:T:C	0.1649	0.1649	0.01887	0.0163044323589247	True
dbp	DBP	8:143933652:G:A	0.4763	0.4763	0.01389	0.0123632802597688	False
dbp	DBP	8:143455701:C:A	0.6379	0.3621	0.0143	0.0126649075760993	True
dbp	DBP	8:17503125:C:T	0.4	0.4	0.01386	0.0122540725704226	True
dbp	DBP	8:102750597:C:T	0.95603	0.043969999999999954	0.0333	0.0270903536596478	False
dbp	DBP	8:116948080:A:G	0.8369	0.16310000000000002	0.01803	0.0153997642836451	True
dbp	DBP	8:26024036:C:T	0.7353	0.26470000000000005	0.01509	0.0131659219599596	True
dbp	DBP	9:136149399:G:A	0.8146	0.1854	0.02897	0.0274294918452466	True
dbp	DBP	9:136535677:G:A	0.92011	0.07989000000000002	0.03445	0.0311938101410371	False
dbp	DBP	9:37127678:C:T	0.6486	0.35140000000000005	0.01718	0.0156091026625732	True
dbp	DBP	9:112357800:A:G	0.856	0.14400000000000002	0.02257	0.0199995662585254	True
dbp	DBP	9:140205269:C:T	0.6641	0.3359	0.01655	0.0149366692971795	False
dbp	DBP	9:22048414:G:A	0.6282	0.3718	0.01611	0.0145559509505549	True
dbp	DBP	9:139520789:A:G	0.4058	0.4058	0.01592	0.0144009721255936	True
dbp	DBP	9:136312119:C:T	0.95191	0.048089999999999966	0.03662	0.0314138027378395	False
dbp	DBP	9:34424947:T:C	0.23	0.23	0.01825	0.0162286908661767	False
dbp	DBP	9:9343174:A:C	0.3548	0.3548	0.01471	0.0130761917625442	True
dbp	DBP	9:21811154:A:G	0.4433	0.4433	0.01407	0.0125446381070126	True
dbp	DBP	9:621779:G:A	0.2309	0.2309	0.01625	0.0141721104336552	True
dbp	DBP	9:117156178:C:T	0.4835	0.4835	0.01364	0.0121025750036694	True
dbp	DBP	9:112519791:T:C	0.2326	0.2326	0.01606	0.0139641298782325	True
dbp	DBP	10:63515681:T:G	0.8545	0.14549999999999996	0.03977	0.0379512874437607	True
dbp	DBP	10:96039597:G:C	0.5672	0.43279999999999996	0.02732	0.0263675630380561	True
dbp	DBP	10:18727959:C:G	0.7021	0.29790000000000005	0.02945	0.0283722878168511	True
dbp	DBP	10:115781527:T:C	0.7218	0.2782	0.02928	0.0281563526308224	True
dbp	DBP	10:104897901:T:C	0.92362	0.07638	0.04256	0.0394726861980859	True
dbp	DBP	10:65338753:C:G	0.4743	0.4743	0.0221	0.0208667335738079	True
dbp	DBP	10:64552607:G:A	0.5001	0.4999	0.02168	0.0204210719129024	True
dbp	DBP	10:64988931:A:T	0.4969	0.4969	0.02039	0.019057071038122	True
dbp	DBP	10:63290276:G:C	0.3336	0.3336	0.02043	0.018923090402859	True
dbp	DBP	10:65091110:T:C	0.3125	0.3125	0.02054	0.0189908979117327	True
dbp	DBP	10:96407796:C:A	0.3658	0.3658	0.01914	0.0176479549642561	True
dbp	DBP	10:18436515:C:T	0.4321	0.4321	0.01864	0.0172065233068398	True
dbp	DBP	10:102604514:G:A	0.8956	0.10440000000000005	0.02833	0.0256223972093864	False
dbp	DBP	10:95896716:G:A	0.417	0.417	0.01707	0.0156019488189867	True
dbp	DBP	10:45286662:G:C	0.348	0.348	0.01706	0.0154694702459794	True
dbp	DBP	10:121433675:C:T	0.7842	0.2158	0.01924	0.0171965455284037	False
dbp	DBP	10:95743087:A:G	0.07468	0.07468	0.03056	0.0268642988471657	False
dbp	DBP	10:102075479:G:A	0.169	0.169	0.02079	0.0184131179185787	True
dbp	DBP	10:21983960:C:A	0.297	0.297	0.01672	0.0149910244218794	False
dbp	DBP	10:21830104:A:G	0.3308	0.3308	0.0162	0.0145628153010124	True
dbp	DBP	10:115914293:G:A	0.07453	0.07453	0.02896	0.0252085047999073	True
dbp	DBP	10:30317073:G:A	0.6551	0.3449	0.0163	0.014624952004889	False
dbp	DBP	10:63398105:C:T	0.5829	0.4171	0.01534	0.013841080218298	True
dbp	DBP	10:48411796:G:T	0.8849	0.11509999999999998	0.02349	0.0204578783480639	True
dbp	DBP	10:96875209:G:C	0.09448	0.09448	0.02547	0.0220436322248922	False
dbp	DBP	10:31892438:C:T	0.91994	0.08006000000000002	0.02778	0.0239218573655665	False
dbp	DBP	10:97021876:A:G	0.1001	0.1001	0.02446	0.0210251137074893	False
dbp	DBP	10:64449879:G:T	0.5945	0.40549999999999997	0.01465	0.0130788124633198	True
dbp	DBP	10:31398616:C:A	0.93752	0.06247999999999998	0.02958	0.0250229436482527	False
dbp	DBP	10:4109601:C:G	0.93793	0.06206999999999996	0.02924	0.0246392405924419	True
dbp	DBP	10:102319021:A:G	0.8879	0.11209999999999998	0.02212	0.0187601665366599	False
dbp	DBP	10:18892125:G:C	0.3978	0.3978	0.01395	0.0123642367798132	True
dbp	DBP	10:45931478:G:A	0.1883	0.1883	0.01747	0.0150978421807563	True
dbp	DBP	10:46233562:T:A	0.1222	0.1222	0.02197	0.0185053356836837	False
dbp	DBP	11:100593538:G:C	0.7149	0.2851	0.03754	0.0364025631036379	True
dbp	DBP	11:61278246:T:C	0.8847	0.11529999999999996	0.04736	0.0455136089835357	True
dbp	DBP	11:130273230:A:T	0.628	0.372	0.0247	0.0235667282418231	True
dbp	DBP	11:95308854:T:A	0.829	0.17100000000000004	0.03038	0.0287815776970671	True
dbp	DBP	11:10273128:C:T	0.1847	0.1847	0.02943	0.0279101293033539	True
dbp	DBP	11:1887806:T:A	0.5832	0.41679999999999995	0.02111	0.0197750237246576	True
dbp	DBP	11:9909127:G:A	0.91603	0.08396999999999999	0.0357	0.0326937322584929	False
dbp	DBP	11:13295353:G:T	0.6961	0.30389999999999995	0.02038	0.0188020470053168	True
dbp	DBP	11:10674044:C:G	0.3111	0.3111	0.02017	0.0186026584024467	True
dbp	DBP	11:16304089:A:C	0.2043	0.2043	0.02316	0.0213204952832345	True
dbp	DBP	11:47575370:A:T	0.339	0.339	0.01999	0.0184341862283868	False
dbp	DBP	11:9762274:T:C	0.5771	0.42290000000000005	0.01809	0.0166392801868129	True
dbp	DBP	11:122527212:G:C	0.1199	0.1199	0.0269	0.0244247421721723	True
dbp	DBP	11:65405600:G:T	0.7934	0.2066	0.02151	0.0195380271352904	True
dbp	DBP	11:100461098:C:T	0.6479	0.35209999999999997	0.01792	0.0163456353295903	True
dbp	DBP	11:65560620:C:T	0.535	0.46499999999999997	0.01656	0.01511333499661	True
dbp	DBP	11:48111093:A:C	0.7422	0.25780000000000003	0.01856	0.0167202393188348	False
dbp	DBP	11:22515504:T:A	0.06362	0.06362	0.03315	0.0291374517930832	False
dbp	DBP	11:48660969:G:T	0.7005	0.2995	0.01866	0.0167489417061506	False
dbp	DBP	11:27289434:T:C	0.6725	0.3275	0.01654	0.0148353331689894	False
dbp	DBP	11:46359645:C:T	0.1094	0.1094	0.02424	0.0211616141417147	False
dbp	DBP	11:117254122:G:A	0.2551	0.2551	0.01735	0.0154563268319328	False
dbp	DBP	11:100746492:C:G	0.9371	0.06289999999999996	0.03164	0.0272476406436966	False
dbp	DBP	11:1644612:G:A	0.98268	0.017320000000000002	0.05794	0.0489882363847652	True
dbp	DBP	11:1480638:G:C	0.3198	0.3198	0.01614	0.014392521742739	True
dbp	DBP	11:14077511:T:A	0.4868	0.4868	0.01455	0.0130654834768477	True
dbp	DBP	11:69954929:G:T	0.1643	0.1643	0.01945	0.0169319038665915	False
dbp	DBP	11:107096729:C:A	0.9449	0.05510000000000004	0.03095	0.0260069103908545	True
dbp	DBP	11:31128721:G:T	0.6339	0.3661	0.01469	0.0130796159022806	True
dbp	DBP	11:55277909:A:G	0.7587	0.24129999999999996	0.01637	0.0143828970372087	True
dbp	DBP	11:14497269:C:T	0.6545	0.34550000000000003	0.0147	0.013049736184949	True
dbp	DBP	11:47137507:A:G	0.1051	0.1051	0.02254	0.019083501842976	True
dbp	DBP	11:73071263:T:C	0.7931	0.20689999999999997	0.01695	0.0147355831073433	True
dbp	DBP	11:72056591:C:T	0.07292	0.07292	0.02617	0.0218258303184008	True
dbp	DBP	11:43800474:A:G	0.5354	0.4646	0.01347	0.0119141199845325	True
dbp	DBP	11:77794724:A:C	0.3912	0.3912	0.01374	0.012122974765052	True
dbp	DBP	11:51492274:T:C	0.8213	0.17869999999999997	0.01746	0.0149896723430444	True
dbp	DBP	11:118809204:C:T	0.9157	0.08430000000000004	0.02485	0.0205834924375674	False
dbp	DBP	11:89224453:A:C	0.2134	0.2134	0.01634	0.0141173834568004	True
dbp	DBP	12:111884608:T:C	0.4823	0.4823	0.04236	0.0414845266932675	True
dbp	DBP	12:112151742:C:A	0.4165	0.4165	0.03407	0.0330774446644723	False
dbp	DBP	12:20190630:A:T	0.718	0.28200000000000003	0.03106	0.0299632514314455	True
dbp	DBP	12:90081188:T:C	0.582	0.41800000000000004	0.02518	0.0241220655852094	True
dbp	DBP	12:50520496:G:C	0.3703	0.3703	0.02565	0.0245722546134924	True
dbp	DBP	12:20351276:A:T	0.6645	0.3355	0.02568	0.0245263510503036	True
dbp	DBP	12:115552437:A:G	0.6176	0.38239999999999996	0.02243	0.0211556167420676	True
dbp	DBP	12:50882887:T:G	0.3468	0.3468	0.02186	0.0204813093098677	False
dbp	DBP	12:112375308:T:G	0.8249	0.17510000000000003	0.02622	0.0244408965287045	False
dbp	DBP	12:115933575:C:T	0.5792	0.42079999999999995	0.02018	0.0187964264148241	True
dbp	DBP	12:50767037:G:A	0.95962	0.04037999999999997	0.04826	0.0431801378849237	False
dbp	DBP	12:111373404:T:C	0.4284	0.4284	0.01863	0.0171880092128504	True
dbp	DBP	12:123906307:C:T	0.8071	0.19289999999999996	0.02286	0.0208960619528066	False
dbp	DBP	12:123683155:A:G	0.794	0.20599999999999996	0.02174	0.0197829842560129	False
dbp	DBP	12:90240935:T:A	0.4462	0.4462	0.01761	0.0161548392315917	True
dbp	DBP	12:113185462:C:T	0.441	0.441	0.01751	0.0160543873267568	True
dbp	DBP	12:123783994:C:T	0.7964	0.2036	0.02151	0.0195101175188395	False
dbp	DBP	12:20454434:G:T	0.7684	0.23160000000000003	0.01941	0.0174476776139204	False
dbp	DBP	12:116197113:T:C	0.90058	0.09941999999999995	0.02707	0.0240378753892236	True
dbp	DBP	12:2519416:C:T	0.369	0.369	0.01648	0.0149130352319587	True
dbp	DBP	12:48209165:G:T	0.7603	0.23970000000000002	0.01848	0.0165472531942172	False
dbp	DBP	12:50375522:A:G	0.7137	0.2863	0.01817	0.0162780461739381	True
dbp	DBP	12:123528405:G:A	0.7909	0.20909999999999995	0.01929	0.0171930468863378	True
dbp	DBP	12:90349999:G:A	0.4778	0.4778	0.01559	0.0141384666720814	True
dbp	DBP	12:8831954:T:A	0.6747	0.32530000000000003	0.01662	0.0149806207666596	False
dbp	DBP	12:115365549:T:A	0.6986	0.3014	0.01683	0.0151235182713896	True
dbp	DBP	12:58004070:G:A	0.95182	0.04818	0.03554	0.0301080786413496	False
dbp	DBP	12:53441990:A:G	0.7129	0.2871	0.01623	0.0144627104656884	True
dbp	DBP	12:56466473:C:T	0.6515	0.34850000000000003	0.01536	0.0137441291600498	True
dbp	DBP	12:2177546:G:A	0.8296	0.1704	0.01971	0.0171877166374637	True
dbp	DBP	12:27399781:A:G	0.5975	0.40249999999999997	0.01435	0.0127906728347444	True
dbp	DBP	12:42415198:G:A	0.1696	0.1696	0.01809	0.0155362887769214	True
dbp	DBP	12:53326918:C:T	0.90346	0.09653999999999996	0.02293	0.0191842650999372	True
dbp	DBP	13:110802123:G:T	0.9102	0.08979999999999999	0.03199	0.0291171623169649	True
dbp	DBP	13:111040681:G:A	0.2776	0.2776	0.01917	0.0174125589814853	True
dbp	DBP	13:72374849:G:A	0.07362	0.07362	0.03246	0.029019232092339	True
dbp	DBP	13:110903219:A:G	0.2393	0.2393	0.0198	0.0179148353114472	True
dbp	DBP	13:38246708:A:C	0.4323	0.4323	0.01693	0.0154685480015277	True
dbp	DBP	13:80701076:G:C	0.503	0.497	0.01639	0.0149497956690776	True
dbp	DBP	13:114511792:G:A	0.5356	0.46440000000000003	0.01622	0.014709686081292	False
dbp	DBP	13:38133369:G:A	0.4609	0.4609	0.0158	0.0143370149646355	True
dbp	DBP	13:27878484:C:T	0.8851	0.1149	0.02266	0.0195238602303292	False
dbp	DBP	13:51106788:G:A	0.2781	0.2781	0.0154	0.01356233749411	True
dbp	DBP	13:59919452:T:G	0.2287	0.2287	0.01575	0.0136454855649807	True
dbp	DBP	14:50655357:G:C	0.98891	0.011090000000000044	0.09484	0.0913208217564382	False
dbp	DBP	14:104007751:C:T	0.8587	0.14129999999999998	0.0237	0.0211785447507523	True
dbp	DBP	14:94844947:C:T	0.97981	0.02019000000000004	0.05263	0.0433427029658169	False
dbp	DBP	14:100177915:A:G	0.1691	0.1691	0.01899	0.016494227294875	True
dbp	DBP	14:70456664:G:T	0.5626	0.4374	0.01386	0.0122945278153271	False
dbp	DBP	14:23313633:G:A	0.02549	0.02549	0.04331	0.0340756645153339	False
dbp	DBP	14:73276250:A:T	0.7595	0.24050000000000005	0.0159	0.0138771026905221	True
dbp	DBP	14:104257464:T:C	0.3589	0.3589	0.01445	0.0126878113054203	False
dbp	DBP	15:75114322:T:C	0.3057	0.3057	0.03763	0.0365428254730255	True
dbp	DBP	15:91437388:A:T	0.3221	0.3221	0.0302	0.0291643111839547	True
dbp	DBP	15:69583434:C:T	0.97614	0.023859999999999992	0.08973	0.0878605859459167	False
dbp	DBP	15:95312071:T:C	0.3185	0.3185	0.02794	0.026859563748815	True
dbp	DBP	15:79066653:A:G	0.7431	0.2569	0.0246	0.0231649574578637	True
dbp	DBP	15:96635898:T:G	0.3277	0.3277	0.02256	0.0211869789797117	True
dbp	DBP	15:41283408:G:A	0.4685	0.4685	0.02117	0.0198778537397307	True
dbp	DBP	15:41459576:T:A	0.4271	0.4271	0.02105	0.0197158837417718	False
dbp	DBP	15:74711769:C:G	0.361	0.361	0.02057	0.019121049801522	True
dbp	DBP	15:71621524:G:A	0.6675	0.3325	0.02022	0.0187100641792496	True
dbp	DBP	15:75340722:G:A	0.2992	0.2992	0.02036	0.0187598765304806	True
dbp	DBP	15:40321351:C:A	0.5304	0.4696	0.01811	0.0166762376818258	False
dbp	DBP	15:42119603:C:T	0.3358	0.3358	0.01877	0.0171861888206359	True
dbp	DBP	15:41563214:A:G	0.3161	0.3161	0.01843	0.0167782359795503	False
dbp	DBP	15:81042816:A:G	0.4708	0.4708	0.01653	0.0150853982121806	True
dbp	DBP	15:78952756:G:A	0.7687	0.23129999999999995	0.01936	0.0174146949029614	True
dbp	DBP	15:75456020:G:T	0.3229	0.3229	0.01728	0.0156411525907871	True
dbp	DBP	15:66941084:G:A	0.2865	0.2865	0.01782	0.0160758546962842	True
dbp	DBP	15:41749391:A:G	0.8555	0.14449999999999996	0.02249	0.0198125074524277	False
dbp	DBP	15:48864367:A:G	0.3017	0.3017	0.0163	0.0145720065803595	True
dbp	DBP	15:48744005:T:C	0.2249	0.2249	0.01774	0.0156891467925328	True
dbp	DBP	15:94215925:A:G	0.4179	0.4179	0.01526	0.0136366368598675	True
dbp	DBP	15:83953236:T:C	0.795	0.20499999999999996	0.01775	0.015550679076092	False
dbp	DBP	15:67987293:T:G	0.603	0.397	0.01453	0.0129601216288652	True
dbp	DBP	15:74521694:C:T	0.0436	0.0436	0.03485	0.0281560227061942	False
dbp	DBP	15:42015413:A:G	0.7032	0.29679999999999995	0.01472	0.0129170776268876	True
dbp	DBP	15:95452639:G:A	0.0357	0.0357	0.03572	0.0285084880561579	False
dbp	DBP	16:20392332:G:A	0.8023	0.1977	0.02617	0.0245261617075964	True
dbp	DBP	16:83045790:A:G	0.2533	0.2533	0.0233	0.0217265581910727	True
dbp	DBP	16:30979818:C:T	0.6065	0.39349999999999996	0.01847	0.0169987476142856	False
dbp	DBP	16:81602264:G:A	0.5354	0.4646	0.01706	0.0156122411451608	True
dbp	DBP	16:2158570:G:A	0.98505	0.014950000000000019	0.07309	0.0680107635982704	False
dbp	DBP	16:31103796:A:G	0.6258	0.3742	0.01565	0.0141009813529171	False
dbp	DBP	16:4014282:C:G	0.6155	0.38449999999999995	0.01529	0.0137396842955077	True
dbp	DBP	16:24730230:T:C	0.8049	0.19510000000000005	0.01875	0.0165073634964752	True
dbp	DBP	16:24845143:G:A	0.8053	0.19469999999999998	0.01871	0.0164669996749793	True
dbp	DBP	16:4961003:A:G	0.8944	0.10560000000000003	0.02368	0.0203894287401479	True
dbp	DBP	16:69317807:G:C	0.7425	0.25749999999999995	0.01645	0.0145537126739614	True
dbp	DBP	16:20028013:T:C	0.3169	0.3169	0.01527	0.0135565151503089	True
dbp	DBP	16:68842480:G:C	0.93717	0.06283000000000005	0.02999	0.025172703065333	False
dbp	DBP	16:67836301:G:C	0.9196	0.08040000000000003	0.02583	0.0217723932272957	False
dbp	DBP	16:49762512:G:A	0.3938	0.3938	0.01428	0.0126892964375082	True
dbp	DBP	16:2047891:C:A	0.2022	0.2022	0.01726	0.0150250992145231	True
dbp	DBP	16:73127723:C:T	0.1359	0.1359	0.0212	0.018065135006675	False
dbp	DBP	16:21088031:C:T	0.5692	0.43079999999999996	0.01394	0.0124035431386792	True
dbp	DBP	16:10629259:G:C	0.2494	0.2494	0.01593	0.0139369722228877	True
dbp	DBP	16:72060908:G:T	0.871	0.129	0.02154	0.0181901581954764	False
dbp	DBP	16:71853713:T:C	0.6583	0.3417	0.01518	0.0133229945379809	True
dbp	DBP	16:56293316:C:G	0.689	0.31100000000000005	0.0146	0.0128357407202008	True
dbp	DBP	16:67619747:G:T	0.8155	0.1845	0.01741	0.0149520533232567	False
dbp	DBP	16:4788893:A:T	0.98907	0.010929999999999995	0.06748	0.054693754130109	False
dbp	DBP	16:66102716:C:A	0.4542	0.4542	0.0133	0.0117208899160801	True
dbp	DBP	16:67319752:G:A	0.8143	0.18569999999999998	0.01698	0.0145556368102354	False
dbp	DBP	17:43173273:T:C	0.4236	0.4236	0.02107	0.0197404785471907	True
dbp	DBP	17:7571752:T:G	0.01262	0.01262	0.09231	0.0889645969863146	False
dbp	DBP	17:7781020:G:A	0.07552	0.07552	0.03775	0.0345105996946599	True
dbp	DBP	17:7921006:G:C	0.05562	0.05562	0.04423	0.0400355328539185	False
dbp	DBP	17:47439302:G:A	0.3632	0.3632	0.01994	0.0184614314300171	True
dbp	DBP	17:2167393:A:G	0.6562	0.3438	0.01866	0.0171035325980462	True
dbp	DBP	17:3981148:G:C	0.3278	0.3278	0.01879	0.0172068359113011	True
dbp	DBP	17:4081975:G:A	0.3096	0.3096	0.01841	0.0167601967163214	True
dbp	DBP	17:7426907:C:T	0.06614	0.06614	0.03568	0.0314755699996987	False
dbp	DBP	17:61298602:G:A	0.9899	0.010099999999999998	0.08676	0.0816916988000652	False
dbp	DBP	17:75316880:A:G	0.6411	0.3589	0.01693	0.0153613305830842	True
dbp	DBP	17:3880148:C:T	0.5147	0.48529999999999995	0.01598	0.0145321321638017	True
dbp	DBP	17:7185092:G:A	0.5719	0.42810000000000004	0.01555	0.0140647869284213	True
dbp	DBP	17:76769434:A:G	0.3862	0.3862	0.01477	0.0132013337900344	True
dbp	DBP	17:4626318:T:G	0.2456	0.2456	0.01638	0.0144249886793897	False
dbp	DBP	17:57384444:G:A	0.6595	0.3405	0.01502	0.0133461314857542	False
dbp	DBP	17:46587273:C:A	0.8498	0.1502	0.01984	0.0170785445181373	False
dbp	DBP	17:46060529:G:A	0.3487	0.3487	0.01456	0.0129211900917891	True
dbp	DBP	17:46701141:C:A	0.03727	0.03727	0.03625	0.0294265464380502	False
dbp	DBP	17:41281550:G:A	0.2353	0.2353	0.01626	0.0141905179504186	False
dbp	DBP	17:76661528:G:A	0.4742	0.4742	0.01359	0.0120366422236372	True
dbp	DBP	17:15388330:G:A	0.92467	0.07533000000000001	0.02539	0.0210506983666507	True
dbp	DBP	17:41445325:A:G	0.2395	0.2395	0.01559	0.0135476361541464	False
dbp	DBP	17:79368016:A:T	0.2705	0.2705	0.01498	0.0130726027522698	False
dbp	DBP	17:15115717:C:T	0.2584	0.2584	0.0152	0.0132054656278139	True
dbp	DBP	18:42220367:C:T	0.2397	0.2397	0.01888	0.0169442956688067	False
dbp	DBP	18:48169638:T:A	0.6979	0.30210000000000004	0.01714	0.0154306818923227	True
dbp	DBP	18:10910453:C:T	0.6818	0.31820000000000004	0.01571	0.0140264431471994	True
dbp	DBP	18:51866974:C:T	0.8978	0.10219999999999996	0.02322	0.0197249127498101	True
dbp	DBP	18:57514434:G:A	0.1844	0.1844	0.01762	0.0152360060598347	True
dbp	DBP	18:20040225:A:T	0.4849	0.4849	0.01358	0.012013745473101	True
dbp	DBP	18:42372487:T:C	0.92321	0.07679000000000002	0.02505	0.0206545218076028	True
dbp	DBP	19:11526765:G:T	0.5296	0.47040000000000004	0.03328	0.0323804481526764	True
dbp	DBP	19:7257990:C:G	0.8704	0.12960000000000005	0.04323	0.0412918216370045	False
dbp	DBP	19:30288177:G:A	0.3297	0.3297	0.02782	0.0267641189109815	True
dbp	DBP	19:45749484:G:C	0.2546	0.2546	0.02022	0.0184301613981477	False
dbp	DBP	19:49605705:G:A	0.8353	0.16469999999999996	0.0221	0.0197942123213921	False
dbp	DBP	19:41135475:G:A	0.1687	0.1687	0.02202	0.0197155676734637	True
dbp	DBP	19:18286546:T:A	0.4889	0.4889	0.01624	0.0147882186630819	True
dbp	DBP	19:31885791:A:G	0.3909	0.3909	0.01613	0.0146043841366634	True
dbp	DBP	19:32215509:A:G	0.6618	0.33819999999999995	0.01581	0.0141030657977665	True
dbp	DBP	19:18449238:G:A	0.7337	0.2663	0.016	0.0141168007041425	True
dbp	DBP	19:21892560:G:C	0.6451	0.3549	0.01475	0.0131181711932138	True
dbp	DBP	19:19393714:G:A	0.1472	0.1472	0.02025	0.0173896880551761	True
dbp	DBP	19:30109533:G:A	0.3581	0.3581	0.01455	0.0129047726502371	True
dbp	DBP	19:17163661:C:T	0.7176	0.2824	0.01537	0.0135534969074418	True
dbp	DBP	19:30709251:G:A	0.793	0.20699999999999996	0.01695	0.0147307610420701	True
dbp	DBP	19:7515695:A:G	0.7742	0.2258	0.01654	0.0144128140991603	False
dbp	DBP	19:39186950:A:G	0.4388	0.4388	0.01357	0.0120074537317152	True
dbp	DBP	19:12149360:G:A	0.96651	0.03349000000000002	0.03838	0.0302383238896791	False
dbp	DBP	19:12569854:C:A	0.4885	0.4885	0.01325	0.0116691326969718	False
dbp	DBP	19:45428234:G:A	0.8406	0.1594	0.01852	0.0157009225159669	True
dbp	DBP	20:10743612:A:T	0.7243	0.27569999999999995	0.032	0.0308757943140599	False
dbp	DBP	20:57728269:C:T	0.1077	0.1077	0.04254	0.0402469518309286	False
dbp	DBP	20:10965998:G:A	0.4767	0.4767	0.02541	0.0243897264748076	True
dbp	DBP	20:10624190:A:G	0.5828	0.4172	0.02131	0.019967189440397	True
dbp	DBP	20:10519587:A:T	0.3993	0.3993	0.02092	0.0195599186155583	True
dbp	DBP	20:62694319:G:T	0.2427	0.2427	0.02309	0.0214772686583963	True
dbp	DBP	20:10864516:A:T	0.4233	0.4233	0.01912	0.0176958743204379	True
dbp	DBP	20:47420709:T:C	0.8509	0.1491	0.02641	0.0243563398787074	True
dbp	DBP	20:62363512:C:T	0.1596	0.1596	0.02296	0.0206319114888623	False
dbp	DBP	20:62529923:A:G	0.4695	0.4695	0.01614	0.0146906046151845	True
dbp	DBP	20:57866884:C:T	0.0199	0.0199	0.05917	0.0508168651701458	False
dbp	DBP	20:47226565:A:G	0.5868	0.4132	0.01534	0.0138175551303849	True
dbp	DBP	20:19475621:G:A	0.7461	0.2539	0.01696	0.0150579992637895	True
dbp	DBP	20:30117956:T:G	0.97144	0.02856000000000003	0.04635	0.0376669341424811	False
dbp	DBP	20:39881517:G:T	0.8298	0.17020000000000002	0.01931	0.0168429225651287	True
dbp	DBP	20:34664971:T:C	0.2111	0.2111	0.01767	0.0155133912893094	True
dbp	DBP	20:35227291:T:C	0.90845	0.09155000000000002	0.02437	0.0207112492739069	True
dbp	DBP	20:30218172:C:T	0.8413	0.15869999999999995	0.01925	0.0166131775146041	False
dbp	DBP	20:29966532:T:C	0.97041	0.029590000000000005	0.04307	0.0344652995338806	False
dbp	DBP	20:57613373:T:C	0.7991	0.20089999999999997	0.01702	0.0147475314624767	True
dbp	DBP	20:35066782:A:T	0.94857	0.051429999999999976	0.03057	0.0249479461919457	False
dbp	DBP	20:39651892:C:G	0.8469	0.1531	0.01845	0.0156782432832859	False
dbp	DBP	20:480851:T:C	0.9848	0.015199999999999991	0.05595	0.042628104271117	False
dbp	DBP	21:39819830:C:T	0.3541	0.3541	0.02311	0.0218131636011796	True
dbp	DBP	21:35596842:T:C	0.1559	0.1559	0.02646	0.0244481082906545	True
dbp	DBP	21:38248682:A:G	0.5534	0.4466	0.01576	0.0142774907036823	True
dbp	DBP	21:39973669:C:G	0.4799	0.4799	0.01551	0.0140557279482506	False
dbp	DBP	21:35293087:G:A	0.8301	0.16990000000000005	0.01989	0.0174483192578562	True
dbp	DBP	21:44829595:C:T	0.98643	0.013569999999999971	0.06446	0.0554587597719407	False
dbp	DBP	21:35150947:A:G	0.344	0.344	0.01532	0.0136765114596631	True
dbp	DBP	21:40074396:C:T	0.7571	0.2429	0.01668	0.0146566795765379	True
dbp	DBP	21:44721027:C:T	0.03782	0.03782	0.0356	0.028851133434364	False
dbp	DBP	21:35032205:T:A	0.3205	0.3205	0.01425	0.0124709638256319	True
dbp	DBP	22:28056338:T:C	0.4381	0.4381	0.01742	0.0159629751749039	True
dbp	DBP	22:29449477:A:G	0.5726	0.4274	0.01738	0.0159103849322186	True
dbp	DBP	22:40530922:G:A	0.7977	0.20230000000000004	0.0194	0.017246021529903	True
dbp	DBP	22:18481510:A:G	0.2888	0.2888	0.01708	0.0153118571674558	True
dbp	DBP	22:18285299:T:C	0.7239	0.2761	0.01671	0.014888678522521	True
dbp	DBP	22:48386670:C:T	0.4376	0.4376	0.01382	0.0122261108576971	True
dbp	DBP	22:42689140:T:A	0.4589	0.4589	0.01367	0.0120716776730215	True
hdl	HDL	1:230297778:A:T	0.6133	0.38670000000000004	0.08829	0.0880709846067755	False
hdl	HDL	1:40002356:A:C	0.7715	0.22850000000000004	0.05922	0.0589063187160723	False
hdl	HDL	1:110232983:A:G	0.7305	0.26949999999999996	0.04716	0.0468932182371913	False
hdl	HDL	1:230398102:A:G	0.9563	0.04369999999999996	0.09723	0.0960937213377018	False
hdl	HDL	1:27021913:G:C	0.9766	0.023399999999999976	0.128	0.12705792253361	False
hdl	HDL	1:220970028:A:G	0.703	0.29700000000000004	0.04146	0.0411618600957154	True
hdl	HDL	1:93843898:G:A	0.1841	0.1841	0.04316	0.0427666873436509	False
hdl	HDL	1:109817590:G:T	0.2214	0.2214	0.03755	0.0370773857222197	True
hdl	HDL	1:182145545:C:T	0.6673	0.3327	0.0325	0.0319541701362527	True
hdl	HDL	1:178515312:G:A	0.4667	0.4667	0.02617	0.0254265806603709	True
hdl	HDL	1:149846196:C:T	0.08341	0.08341	0.04297	0.0421229919292444	False
hdl	HDL	1:110496087:G:A	0.8026	0.19740000000000002	0.02944	0.0284315333099807	True
hdl	HDL	1:234853406:A:G	0.5195	0.48050000000000004	0.02306	0.0221700735985262	True
hdl	HDL	1:150618632:A:C	0.2886	0.2886	0.02509	0.0241168997202574	True
hdl	HDL	1:150737220:A:G	0.08514	0.08514	0.04041	0.0394679682959587	False
hdl	HDL	1:40393160:A:G	0.7344	0.26559999999999995	0.02347	0.0223410818225435	True
hdl	HDL	1:110114504:C:T	0.97428	0.025719999999999965	0.06259	0.0603635944653846	False
hdl	HDL	1:230114579:G:A	0.97678	0.02322000000000002	0.06706	0.0643959150956285	False
hdl	HDL	1:205735891:G:A	0.6638	0.33620000000000005	0.02031	0.019115298084027	True
hdl	HDL	1:228078132:G:A	0.3771	0.3771	0.01974	0.0185431011543438	True
hdl	HDL	1:221103388:A:G	0.2688	0.2688	0.02155	0.0202639742017236	True
hdl	HDL	1:63156043:A:G	0.6503	0.3497	0.01958	0.0183380236100554	True
hdl	HDL	1:40157643:C:T	0.93077	0.06923000000000001	0.03727	0.0357255733892306	True
hdl	HDL	1:154997572:G:A	0.93696	0.06303999999999998	0.03856	0.0370196828916179	False
hdl	HDL	1:219694903:C:A	0.4863	0.4863	0.01819	0.016931481879085	True
hdl	HDL	1:230823363:A:G	0.94713	0.05286999999999997	0.04107	0.0394184246057789	False
hdl	HDL	1:94085147:A:G	0.02506	0.02506	0.057	0.0547233203149784	False
hdl	HDL	1:66073952:C:T	0.3478	0.3478	0.01849	0.0171111322555695	True
hdl	HDL	1:156049877:C:T	0.8645	0.13549999999999995	0.02566	0.0238527114116754	False
hdl	HDL	1:212423789:G:T	0.3786	0.3786	0.01787	0.0164762393753465	True
hdl	HDL	1:23698120:C:G	0.9325	0.0675	0.03419	0.0322272253981974	True
hdl	HDL	1:171455322:C:T	0.90787	0.09213000000000005	0.02943	0.027415108413074	True
hdl	HDL	1:145536716:T:A	0.01049	0.01049	0.08816	0.0824353331422923	False
hdl	HDL	1:62579891:G:T	0.09577	0.09577	0.02925	0.0271816337596128	False
hdl	HDL	1:235095444:A:G	0.3267	0.3267	0.01767	0.0161400717002585	True
hdl	HDL	1:39438889:T:C	0.3361	0.3361	0.01741	0.0158607476398407	True
hdl	HDL	1:19769930:T:A	0.02985	0.02985	0.04936	0.0470922293929166	False
hdl	HDL	1:183739363:C:T	0.5122	0.4878	0.01625	0.0147327364241693	True
hdl	HDL	1:63354972:G:A	0.8389	0.16110000000000002	0.02179	0.0198250584774345	True
hdl	HDL	1:161675155:A:G	0.06429	0.06429	0.03305	0.0306193358103925	True
hdl	HDL	1:183077896:T:C	0.5588	0.44120000000000004	0.01585	0.0142662837067222	True
hdl	HDL	1:243331684:T:C	0.95743	0.04257	0.03926	0.0368990568869478	False
hdl	HDL	1:181070113:G:C	0.1273	0.1273	0.02364	0.0214817805068112	True
hdl	HDL	1:61695452:A:G	0.076	0.076	0.02937	0.026876558897134	True
hdl	HDL	1:243818286:A:T	0.8689	0.1311	0.02316	0.0209823982086477	True
hdl	HDL	1:85765990:C:T	0.4128	0.4128	0.01578	0.0141374646276984	True
hdl	HDL	1:28219658:C:G	0.06664	0.06664	0.03048	0.0278129162261802	False
hdl	HDL	1:42253210:T:C	0.01914	0.01914	0.05892	0.055394405108799	False
hdl	HDL	1:109634341:C:T	0.1686	0.1686	0.02016	0.0180261633326416	True
hdl	HDL	1:65970925:T:C	0.91941	0.08059000000000005	0.02761	0.0249427133373521	True
hdl	HDL	1:82377184:G:T	0.3172	0.3172	0.01612	0.0143113849919599	True
hdl	HDL	1:1705945:T:C	0.3203	0.3203	0.01595	0.0141318235149925	False
hdl	HDL	1:71397835:A:G	0.5371	0.4629	0.01484	0.0131167302048403	True
hdl	HDL	1:161513406:T:G	0.90094	0.09906000000000004	0.02465	0.0220565848518396	True
hdl	HDL	1:224544746:G:A	0.96399	0.036009999999999986	0.04157	0.0387361439015457	False
hdl	HDL	1:178785929:T:C	0.2591	0.2591	0.01674	0.014769748285777	True
hdl	HDL	1:28347491:C:T	0.6943	0.30569999999999997	0.0159	0.014016131538013	False
hdl	HDL	1:25022314:G:A	0.7547	0.24529999999999996	0.01705	0.0150466407719165	True
hdl	HDL	1:154812280:C:T	0.6835	0.3165	0.01562	0.0137195173725377	True
hdl	HDL	1:180852591:A:T	0.5375	0.4625	0.01448	0.0127032427726029	True
hdl	HDL	1:110009802:G:A	0.06373	0.06373	0.02963	0.0265426259836377	False
hdl	HDL	1:211493573:A:G	0.8304	0.16959999999999997	0.01912	0.0168040960195299	True
hdl	HDL	1:26695295:G:A	0.7143	0.28569999999999995	0.01576	0.0137741077197088	True
hdl	HDL	1:72837239:T:C	0.4703	0.4703	0.01438	0.0125726082863109	True
hdl	HDL	1:182328198:C:T	0.01803	0.01803	0.05595	0.0521629591901349	False
hdl	HDL	1:98348885:G:A	0.7836	0.21640000000000004	0.01712	0.0149189352399173	True
hdl	HDL	1:83731219:C:G	0.96739	0.03261000000000003	0.04335	0.0401152526340005	False
hdl	HDL	2:227099180:C:T	0.3532	0.3532	0.05901	0.058769086399099	True
hdl	HDL	2:21231524:G:A	0.2045	0.2045	0.06566	0.0653107690110536	True
hdl	HDL	2:165555539:A:G	0.1194	0.1194	0.06408	0.0635432520863165	False
hdl	HDL	2:20371380:G:A	0.5539	0.44610000000000005	0.02912	0.0284891695791974	True
hdl	HDL	2:3640142:C:T	0.18	0.18	0.03698	0.0363837928728767	True
hdl	HDL	2:203530332:T:C	0.7023	0.29769999999999996	0.02553	0.0246025201433344	True
hdl	HDL	2:219419690:A:G	0.98596	0.014040000000000052	0.09796	0.0941938409323033	False
hdl	HDL	2:48962291:G:T	0.7612	0.2388	0.02517	0.0240579001665027	True
hdl	HDL	2:242237902:C:T	0.3598	0.3598	0.02214	0.0211228334481442	True
hdl	HDL	2:165783637:G:A	0.7009	0.29910000000000003	0.02291	0.0218254469325478	True
hdl	HDL	2:21385318:C:T	0.06335	0.06335	0.04206	0.0408173867216931	False
hdl	HDL	2:277003:A:G	0.3522	0.3522	0.02065	0.0195186918463232	True
hdl	HDL	2:174070111:C:A	0.2035	0.2035	0.02382	0.0224678646094405	True
hdl	HDL	2:100795329:T:C	0.2383	0.2383	0.02207	0.0207239938849012	True
hdl	HDL	2:230020220:C:T	0.6357	0.36429999999999996	0.01903	0.0177537664038956	True
hdl	HDL	2:111609619:G:T	0.6628	0.33720000000000006	0.01877	0.0174101259295471	True
hdl	HDL	2:121347612:G:C	0.2711	0.2711	0.02042	0.0189422041048023	False
hdl	HDL	2:208514343:G:A	0.1824	0.1824	0.02243	0.0207960659638846	False
hdl	HDL	2:65279414:A:G	0.3737	0.3737	0.01776	0.0163529958015184	True
hdl	HDL	2:21546793:G:A	0.01348	0.01348	0.08099	0.0761323830524972	False
hdl	HDL	2:163132346:C:T	0.02468	0.02468	0.05541	0.0530006140348849	False
hdl	HDL	2:136616754:C:T	0.2448	0.2448	0.01997	0.018347219353868	False
hdl	HDL	2:220101974:A:G	0.98145	0.018549999999999955	0.06101	0.0578404625095409	False
hdl	HDL	2:211456637:A:G	0.5559	0.44410000000000005	0.01631	0.0147891338061713	False
hdl	HDL	2:163326297:G:A	0.3296	0.3296	0.01722	0.0156232286664817	True
hdl	HDL	2:58849989:G:A	0.3876	0.3876	0.01648	0.0149154347573834	True
hdl	HDL	2:219706535:C:T	0.5011	0.4989	0.01676	0.0151611712520804	False
hdl	HDL	2:135263081:G:A	0.1489	0.1489	0.02219	0.0201701031984681	True
hdl	HDL	2:111851499:A:G	0.4288	0.4288	0.01597	0.0143587799488983	True
hdl	HDL	2:166922213:T:C	0.0306	0.0306	0.04522	0.042813464965568	True
hdl	HDL	2:169090198:C:T	0.57	0.43000000000000005	0.01571	0.0140829088279907	True
hdl	HDL	2:204325665:C:T	0.94647	0.053529999999999966	0.03425	0.0316735618583847	False
hdl	HDL	2:128593977:A:G	0.5708	0.4292	0.0155	0.0138475934483572	True
hdl	HDL	2:219172069:C:A	0.98897	0.011029999999999984	0.07586	0.0703984449355993	False
hdl	HDL	2:227379213:C:A	0.3316	0.3316	0.01656	0.0147982245502212	False
hdl	HDL	2:20911123:C:T	0.01145	0.01145	0.07314	0.0679787969682236	False
hdl	HDL	2:3460870:T:C	0.6235	0.37649999999999995	0.01573	0.0140036634551489	True
hdl	HDL	2:218947324:G:T	0.98814	0.011859999999999982	0.07264	0.0674612820885496	False
hdl	HDL	2:85979012:G:A	0.01794	0.01794	0.05997	0.0563157799469096	True
hdl	HDL	2:227529482:G:T	0.97837	0.021630000000000038	0.05573	0.0524937769124788	False
hdl	HDL	2:85543222:C:T	0.4844	0.4844	0.01507	0.0133484783507371	True
hdl	HDL	2:36778887:A:C	0.6612	0.3388	0.01574	0.0139413834376017	True
hdl	HDL	2:226306993:C:T	0.8283	0.17169999999999996	0.01973	0.0175630743606142	True
hdl	HDL	2:165346064:G:A	0.3353	0.3353	0.01567	0.0138525066987858	True
hdl	HDL	2:66673862:A:C	0.6634	0.3366	0.01564	0.0138130708872662	True
hdl	HDL	2:147806204:C:T	0.6208	0.3792	0.01518	0.013381056419886	True
hdl	HDL	2:59335104:T:G	0.6023	0.39770000000000005	0.01494	0.0131494976298467	True
hdl	HDL	2:71233765:C:G	0.4256	0.4256	0.01489	0.0130690225955967	False
hdl	HDL	2:48755477:C:T	0.4601	0.4601	0.01449	0.0126977997348963	True
hdl	HDL	2:3353632:C:T	0.02072	0.02072	0.05159	0.048213449498055	False
hdl	HDL	2:129067080:T:C	0.96067	0.039329999999999976	0.03735	0.0342039866110519	False
hdl	HDL	2:135123071:G:A	0.03824	0.03824	0.03753	0.0343792981161213	False
hdl	HDL	2:117235686:T:C	0.5295	0.47050000000000003	0.01436	0.0125421400120255	True
hdl	HDL	2:36484302:A:G	0.98965	0.01034999999999997	0.0747	0.0684233396342939	False
hdl	HDL	2:36039572:A:T	0.251	0.251	0.01635	0.0142287012322483	True
hdl	HDL	3:50041313:C:T	0.4703	0.4703	0.03301	0.0325468489477431	True
hdl	HDL	3:135880410:A:T	0.1915	0.1915	0.03965	0.0391911322765418	True
hdl	HDL	3:185822353:T:G	0.8631	0.13690000000000002	0.04356	0.0430575465518674	True
hdl	HDL	3:150066540:T:A	0.94025	0.05974999999999997	0.05795	0.0569435243420904	False
hdl	HDL	3:156795414:G:T	0.3867	0.3867	0.02674	0.0259700346698353	True
hdl	HDL	3:48357600:G:A	0.98414	0.015859999999999985	0.09502	0.0919392192898563	False
hdl	HDL	3:52501451:G:T	0.1896	0.1896	0.02947	0.028457664723035	True
hdl	HDL	3:12359049:G:A	0.2141	0.2141	0.0273	0.0262425858838966	True
hdl	HDL	3:15647537:G:C	0.7339	0.2661	0.02526	0.0242410690892636	True
hdl	HDL	3:53122257:T:C	0.4401	0.4401	0.0222	0.0212600076633849	True
hdl	HDL	3:52830764:C:T	0.1219	0.1219	0.03281	0.0316317131934611	True
hdl	HDL	3:12159193:T:C	0.7393	0.26070000000000004	0.02402	0.0229086416074717	False
hdl	HDL	3:49690627:G:A	0.1222	0.1222	0.03181	0.0305422807577269	False
hdl	HDL	3:185926247:A:T	0.232	0.232	0.0247	0.0235301684531911	False
hdl	HDL	3:119529113:G:T	0.0655	0.0655	0.0416	0.0404131545852283	True
hdl	HDL	3:12471871:C:T	0.5123	0.4877	0.02064	0.0195639847236489	True
hdl	HDL	3:50289853:C:T	0.01839	0.01839	0.07269	0.0695758518376354	False
hdl	HDL	3:12589896:G:A	0.4962	0.4962	0.0194	0.0182485969537523	True
hdl	HDL	3:133478557:T:G	0.4646	0.4646	0.01873	0.0175243768772676	True
hdl	HDL	3:196073072:G:A	0.7364	0.26359999999999995	0.02124	0.0199162331078833	True
hdl	HDL	3:87037543:A:G	0.09027	0.09027	0.03249	0.0308580971505435	False
hdl	HDL	3:12058246:C:T	0.9705	0.02949999999999997	0.05405	0.0521003689714816	False
hdl	HDL	3:154088411:T:G	0.1577	0.1577	0.02485	0.0232512911386675	False
hdl	HDL	3:71579022:C:A	0.4295	0.4295	0.01826	0.0169730275357941	False
hdl	HDL	3:127394820:C:T	0.7978	0.20220000000000005	0.02177	0.0202042651866659	True
hdl	HDL	3:51926817:C:A	0.2197	0.2197	0.02175	0.0201552901618432	True
hdl	HDL	3:36892717:T:C	0.6267	0.37329999999999997	0.01768	0.0162648382124074	True
hdl	HDL	3:47061183:G:A	0.8241	0.17589999999999995	0.02167	0.0198879090330462	False
hdl	HDL	3:153176350:C:G	0.7404	0.25960000000000005	0.0188	0.0171763939115258	True
hdl	HDL	3:132235344:A:T	0.94473	0.05527000000000004	0.03576	0.0335467569729678	False
hdl	HDL	3:108870839:T:C	0.4324	0.4324	0.01637	0.0148469196330429	True
hdl	HDL	3:174013124:T:C	0.7151	0.28490000000000004	0.01721	0.015375921213471	False
hdl	HDL	3:131642852:T:C	0.7349	0.2651	0.01729	0.0154439777048164	True
hdl	HDL	3:37025661:T:C	0.4634	0.4634	0.01504	0.0133453474683996	True
hdl	HDL	3:136798986:G:T	0.90315	0.09684999999999999	0.02564	0.0229895950929145	False
hdl	HDL	3:161468820:C:T	0.5646	0.4354	0.01488	0.0131504555942072	True
hdl	HDL	3:160004026:A:G	0.4627	0.4627	0.01472	0.0129767330408418	True
hdl	HDL	3:115036431:C:A	0.94959	0.050409999999999955	0.03347	0.0304789267262362	True
hdl	HDL	3:185519107:G:A	0.6867	0.3133	0.01531	0.013358669405646	True
hdl	HDL	3:62492172:C:A	0.2281	0.2281	0.01706	0.0149015495008872	True
hdl	HDL	3:183985110:T:C	0.07293	0.07293	0.02776	0.0246367714852424	False
hdl	HDL	3:185360578:C:A	0.7026	0.2974	0.01552	0.0135240983333969	True
hdl	HDL	4:103188709:C:T	0.92535	0.07465	0.1198	0.119419379504879	False
hdl	HDL	4:89730074:C:T	0.5383	0.4617	0.02972	0.0291212605208697	True
hdl	HDL	4:88049850:T:C	0.3944	0.3944	0.02905	0.0283966418762	True
hdl	HDL	4:26047616:A:G	0.8325	0.16749999999999998	0.03423	0.0334498167714733	False
hdl	HDL	4:87936842:A:G	0.8007	0.19930000000000003	0.03148	0.0306401304541019	False
hdl	HDL	4:110569620:C:T	0.9794	0.02059999999999995	0.07452	0.0717419886488839	False
hdl	HDL	4:103847267:G:A	0.1951	0.1951	0.02661	0.0254091076275349	True
hdl	HDL	4:39788949:T:C	0.3777	0.3777	0.02088	0.0197846429519488	True
hdl	HDL	4:100268856:A:C	0.68	0.31999999999999995	0.02071	0.0195179555407174	True
hdl	HDL	4:55515359:A:G	0.3868	0.3868	0.01921	0.0179941791449603	True
hdl	HDL	4:89625427:G:C	0.1624	0.1624	0.02496	0.0234208894258783	True
hdl	HDL	4:970112:A:G	0.4617	0.4617	0.01816	0.0168819955954014	False
hdl	HDL	4:69361445:T:C	0.6567	0.34330000000000005	0.01893	0.0175822449098876	True
hdl	HDL	4:146403165:A:G	0.8515	0.14849999999999997	0.02467	0.0229165930234899	True
hdl	HDL	4:103560745:A:T	0.8039	0.19610000000000005	0.02178	0.0201630300783912	True
hdl	HDL	4:83925895:T:C	0.7388	0.2612	0.01923	0.0176853636068271	True
hdl	HDL	4:88161355:T:C	0.1008	0.1008	0.02766	0.0255306963502613	False
hdl	HDL	4:96163244:A:G	0.6029	0.3971	0.01637	0.0148001732216209	True
hdl	HDL	4:91245506:T:C	0.4527	0.4527	0.01598	0.0144194810063985	True
hdl	HDL	4:157696636:C:T	0.224	0.224	0.01898	0.0171831253943685	True
hdl	HDL	4:145661915:G:T	0.0374	0.0374	0.04062	0.0381554703657522	False
hdl	HDL	4:109650804:A:T	0.98988	0.010120000000000018	0.08271	0.0761853221656969	False
hdl	HDL	4:41398379:T:G	0.2514	0.2514	0.01697	0.0150048101391871	True
hdl	HDL	4:99986316:G:C	0.5469	0.45309999999999995	0.0149	0.0131477493309565	True
hdl	HDL	4:76572191:A:C	0.5405	0.4595	0.01467	0.01292271729729	True
hdl	HDL	4:27979911:T:G	0.96641	0.03359000000000001	0.0442	0.0412783251821637	False
hdl	HDL	4:37136050:A:G	0.7252	0.27480000000000004	0.01623	0.0142404951598549	False
hdl	HDL	4:110766064:A:G	0.97716	0.02283999999999997	0.05102	0.0477401303471193	False
hdl	HDL	4:151288860:T:A	0.7699	0.23009999999999997	0.01711	0.0150099740240733	False
hdl	HDL	4:122692957:A:G	0.94005	0.05994999999999995	0.0301	0.0269478374370039	False
hdl	HDL	4:57948224:T:C	0.5837	0.4163	0.01448	0.0126555666211823	True
hdl	HDL	4:100504575:G:C	0.03974	0.03974	0.03626	0.0330190901554756	True
hdl	HDL	4:92599431:C:T	0.02111	0.02111	0.04932	0.0459582741997716	False
hdl	HDL	4:17924734:T:C	0.8365	0.16349999999999998	0.01915	0.0167396537540824	True
hdl	HDL	4:38946448:C:T	0.8264	0.17359999999999998	0.0186	0.0162294925738359	True
hdl	HDL	4:24643228:T:A	0.5963	0.40369999999999995	0.01441	0.0125445240663414	True
hdl	HDL	5:55804552:A:C	0.2274	0.2274	0.04338	0.0430506161467174	True
hdl	HDL	5:75003678:T:C	0.3932	0.3932	0.02792	0.0272143765783809	True
hdl	HDL	5:158003020:A:G	0.7661	0.2339	0.02652	0.0254683551019174	True
hdl	HDL	5:118729327:A:G	0.2719	0.2719	0.02448	0.0234213005169951	True
hdl	HDL	5:53405314:G:A	0.93817	0.06183000000000005	0.04387	0.0427407183311892	False
hdl	HDL	5:180308441:T:C	0.98814	0.011859999999999982	0.1009	0.0967107022116764	False
hdl	HDL	5:82815158:A:G	0.04106	0.04106	0.04694	0.0453961727060175	False
hdl	HDL	5:53283630:T:A	0.3826	0.3826	0.01918	0.0179493156370421	False
hdl	HDL	5:127349745:C:T	0.3453	0.3453	0.01955	0.0182964079493834	True
hdl	HDL	5:149211868:G:A	0.3075	0.3075	0.02004	0.0187508964540022	True
hdl	HDL	5:134441457:A:G	0.5891	0.41090000000000004	0.01863	0.0173773747856265	True
hdl	HDL	5:153374892:A:G	0.3674	0.3674	0.01849	0.0171677776213743	True
hdl	HDL	5:153072199:C:T	0.3681	0.3681	0.01811	0.0167325599451385	True
hdl	HDL	5:170612546:G:A	0.3169	0.3169	0.0183	0.0168198940954989	True
hdl	HDL	5:96869270:A:C	0.02558	0.02558	0.05277	0.0504550583037872	False
hdl	HDL	5:39520600:A:T	0.353	0.353	0.01729	0.015764689591514	True
hdl	HDL	5:81569672:G:A	0.8085	0.1915	0.02039	0.0185206909384482	False
hdl	HDL	5:67714246:A:G	0.599	0.401	0.01635	0.0147435996749203	True
hdl	HDL	5:152752962:G:A	0.108	0.108	0.02559	0.023351752450572	True
hdl	HDL	5:103934169:T:A	0.5966	0.4034	0.01655	0.0149005014224883	True
hdl	HDL	5:43824263:T:G	0.92357	0.07643	0.02948	0.0270198961567603	False
hdl	HDL	5:1282414:G:A	0.6628	0.33720000000000006	0.01642	0.0147328224810893	True
hdl	HDL	5:74329506:T:A	0.1428	0.1428	0.02358	0.0213530427762046	False
hdl	HDL	5:148048215:C:T	0.2265	0.2265	0.01845	0.0165620029561892	True
hdl	HDL	5:86249792:T:C	0.7496	0.25039999999999996	0.01775	0.0159172189242101	True
hdl	HDL	5:130673669:C:T	0.96293	0.03707000000000005	0.04075	0.0382628422368865	False
hdl	HDL	5:134562214:T:C	0.6563	0.3437	0.01573	0.0139526052561911	True
hdl	HDL	5:111226812:C:T	0.672	0.32799999999999996	0.01568	0.0138409713062273	True
hdl	HDL	5:129642745:G:T	0.01104	0.01104	0.07217	0.0666898226979902	False
hdl	HDL	5:167466119:C:T	0.1079	0.1079	0.02375	0.0211471215740038	True
hdl	HDL	5:91826959:T:A	0.98756	0.012440000000000007	0.06872	0.0636522335583086	True
hdl	HDL	5:158279415:T:C	0.95331	0.04669000000000001	0.03447	0.0314562793917798	False
hdl	HDL	5:171928245:C:T	0.3393	0.3393	0.0153	0.0134281551240364	True
hdl	HDL	5:59675005:G:C	0.7838	0.21619999999999995	0.0176	0.0154340573323629	True
hdl	HDL	5:135453493:G:A	0.6954	0.3046	0.01542	0.013457701207351	True
hdl	HDL	6:161008646:G:A	0.8937	0.10629999999999995	0.07751	0.0769135310502154	False
hdl	HDL	6:43757896:C:A	0.5187	0.48129999999999995	0.04734	0.0471279297853876	True
hdl	HDL	6:127454893:G:A	0.95	0.050000000000000044	0.06976	0.0685294977311169	False
hdl	HDL	6:139831981:T:C	0.6278	0.3722	0.02817	0.0274616583076486	True
hdl	HDL	6:109510972:G:A	0.6349	0.3651	0.02795	0.0272209527748075	True
hdl	HDL	6:160758982:A:T	0.95819	0.041810000000000014	0.06595	0.0645342720248944	True
hdl	HDL	6:42915021:G:A	0.5354	0.4646	0.02625	0.025503933210514	True
hdl	HDL	6:41991740:C:T	0.757	0.243	0.02875	0.0278705631839438	True
hdl	HDL	6:153459904:T:A	0.4254	0.4254	0.02239	0.0214417889844075	False
hdl	HDL	6:116322349:C:T	0.4013	0.4013	0.02201	0.0210293231501618	True
hdl	HDL	6:131897278:C:T	0.8329	0.16710000000000003	0.02803	0.0267877867486702	True
hdl	HDL	6:109189664:C:G	0.2359	0.2359	0.02412	0.0229347972084071	True
hdl	HDL	6:98574560:C:T	0.483	0.483	0.01874	0.0175429630781329	True
hdl	HDL	6:137135472:A:G	0.5705	0.4295	0.01894	0.0177305347683452	True
hdl	HDL	6:163740322:A:G	0.5713	0.42869999999999997	0.01888	0.0176425393762018	True
hdl	HDL	6:140615204:A:T	0.4259	0.4259	0.01905	0.0177803883571871	False
hdl	HDL	6:42767253:T:C	0.5122	0.4878	0.01751	0.0161603963767117	True
hdl	HDL	6:121762233:T:C	0.7276	0.2724	0.01907	0.0175390476094304	False
hdl	HDL	6:164133001:C:T	0.134	0.134	0.02466	0.0227445524513489	True
hdl	HDL	6:41703041:G:A	0.7376	0.26239999999999997	0.01894	0.0173063759565342	True
hdl	HDL	6:160521885:C:T	0.92549	0.07450999999999997	0.03129	0.0290515668548552	False
hdl	HDL	6:143256102:C:T	0.2064	0.2064	0.01953	0.0176746179990784	True
hdl	HDL	6:39156410:G:A	0.2147	0.2147	0.01914	0.0172890653164806	True
hdl	HDL	6:106373965:A:G	0.7378	0.2622	0.01781	0.0160317879883654	True
hdl	HDL	6:127566282:C:T	0.6822	0.31779999999999997	0.01673	0.015007807932056	False
hdl	HDL	6:139690186:A:T	0.1796	0.1796	0.01997	0.0179427745896742	False
hdl	HDL	6:139350182:G:A	0.285	0.285	0.01705	0.0152368443197763	True
hdl	HDL	6:100953148:G:A	0.5327	0.46730000000000005	0.01531	0.0136369182391388	True
hdl	HDL	6:20304563:A:T	0.6851	0.31489999999999996	0.01626	0.0144363891744861	True
hdl	HDL	6:16825137:G:A	0.2911	0.2911	0.01646	0.0145916471429418	True
hdl	HDL	6:142003104:G:A	0.05065	0.05065	0.03469	0.031846583965487	False
hdl	HDL	6:127167591:A:T	0.96095	0.03905000000000003	0.0387	0.0359219908690761	False
hdl	HDL	6:107436259:C:T	0.03199	0.03199	0.04494	0.0421793378882528	False
hdl	HDL	6:96177964:T:C	0.9718	0.028200000000000003	0.04508	0.0423026794672011	True
hdl	HDL	6:9456809:C:T	0.08159	0.08159	0.02722	0.024476965538065	True
hdl	HDL	6:161618688:G:A	0.98552	0.014480000000000048	0.06212	0.0578854105234478	False
hdl	HDL	6:8530167:C:A	0.1522	0.1522	0.02035	0.0179978493805452	True
hdl	HDL	6:95886501:A:G	0.8343	0.16569999999999996	0.01971	0.0174060145560034	True
hdl	HDL	6:130436472:C:T	0.3826	0.3826	0.01477	0.0129328616379164	True
hdl	HDL	6:109810870:T:G	0.3515	0.3515	0.01481	0.0129096804962823	True
hdl	HDL	6:43052164:A:G	0.3071	0.3071	0.01534	0.013349854052882	True
hdl	HDL	7:130430930:C:T	0.4953	0.4953	0.04743	0.0472179185942461	True
hdl	HDL	7:73039406:C:G	0.2033	0.2033	0.05686	0.0565237893001258	True
hdl	HDL	7:17920613:C:T	0.6041	0.39590000000000003	0.03852	0.0382101361839277	True
hdl	HDL	7:6456091:C:T	0.2761	0.2761	0.03169	0.0310350503767942	True
hdl	HDL	7:1183964:C:A	0.1671	0.1671	0.03403	0.0332343273893217	True
hdl	HDL	7:150540196:C:T	0.6696	0.3304	0.02401	0.0230405629267046	True
hdl	HDL	7:150293951:T:C	0.7936	0.20640000000000003	0.02787	0.0267515111918267	False
hdl	HDL	7:50306810:C:G	0.319	0.319	0.02293	0.0218915214830856	True
hdl	HDL	7:150645534:T:G	0.2459	0.2459	0.02295	0.0217178731464203	True
hdl	HDL	7:74102895:A:C	0.95439	0.04561000000000004	0.04658	0.0451867788602414	False
hdl	HDL	7:95042426:A:C	0.03171	0.03171	0.05674	0.0548072965697065	False
hdl	HDL	7:106992467:C:T	0.2049	0.2049	0.0231	0.0216319972267091	True
hdl	HDL	7:25827967:T:C	0.95967	0.04032999999999998	0.04576	0.0440360955598358	True
hdl	HDL	7:36193142:T:G	0.5614	0.4386	0.01778	0.0164404832630121	True
hdl	HDL	7:36306237:G:A	0.4291	0.4291	0.01765	0.0162988318794403	True
hdl	HDL	7:94938786:T:C	0.1329	0.1329	0.02548	0.0236667982310023	False
hdl	HDL	7:38296975:C:A	0.6935	0.3065	0.01849	0.0169633258180336	False
hdl	HDL	7:26397239:C:A	0.5398	0.46020000000000005	0.01632	0.0148168504540718	True
hdl	HDL	7:134681306:T:C	0.856	0.14400000000000002	0.02323	0.0212680216689649	True
hdl	HDL	7:26160458:A:G	0.2118	0.2118	0.01976	0.0179738135520309	True
hdl	HDL	7:44790807:T:C	0.87	0.13	0.02372	0.02163810414788	True
hdl	HDL	7:130585553:T:G	0.3034	0.3034	0.01721	0.0155245961803093	True
hdl	HDL	7:5393149:C:G	0.1525	0.1525	0.02117	0.0190096398577891	True
hdl	HDL	7:139099817:T:G	0.1927	0.1927	0.01986	0.0177542802148938	False
hdl	HDL	7:17287269:A:T	0.3698	0.3698	0.01523	0.0134781483454672	True
hdl	HDL	7:150188763:T:C	0.6057	0.3943	0.01511	0.0133507805686319	True
hdl	HDL	7:4784652:T:C	0.573	0.42700000000000005	0.01472	0.0129555522637004	True
hdl	HDL	7:15893367:G:A	0.7544	0.24560000000000004	0.01687	0.0148445314655973	True
hdl	HDL	7:150407977:G:A	0.3101	0.3101	0.01583	0.0139122571998297	True
hdl	HDL	7:135245734:T:A	0.7917	0.20830000000000004	0.01781	0.0156742009620618	True
hdl	HDL	7:29338213:C:G	0.7041	0.29590000000000005	0.01585	0.0139117480286892	True
hdl	HDL	7:150761880:C:A	0.7473	0.25270000000000004	0.01658	0.0145530215783506	True
hdl	HDL	7:137992019:A:T	0.3491	0.3491	0.01589	0.0139377641144296	False
hdl	HDL	8:19912370:G:A	0.1152	0.1152	0.2389	0.238823043344645	True
hdl	HDL	8:9183358:A:G	0.9079	0.09209999999999996	0.1432	0.143046065712305	True
hdl	HDL	8:19668707:C:T	0.1405	0.1405	0.0769	0.0764280331137354	True
hdl	HDL	8:126480367:C:T	0.6561	0.3439	0.04896	0.0487276611746748	True
hdl	HDL	8:116624987:C:G	0.5585	0.4415	0.03975	0.0394703780760819	True
hdl	HDL	8:144302570:T:C	0.1851	0.1851	0.04603	0.0456698730973116	True
hdl	HDL	8:19517997:G:T	0.4741	0.4741	0.0316	0.0310380961223259	True
hdl	HDL	8:9459933:C:T	0.9852	0.014800000000000035	0.1084	0.105822385409414	True
hdl	HDL	8:10643164:C:T	0.796	0.20399999999999996	0.02924	0.02826390289788	True
hdl	HDL	8:121857366:C:T	0.01567	0.01567	0.09441	0.0912659260343772	False
hdl	HDL	8:9343978:A:G	0.3584	0.3584	0.02441	0.0235109839302089	True
hdl	HDL	8:20056640:G:A	0.01507	0.01507	0.09371	0.0904042938201874	False
hdl	HDL	8:9717368:T:G	0.202	0.202	0.02829	0.0272449008732367	True
hdl	HDL	8:103876780:C:T	0.1823	0.1823	0.02821	0.0270682042765379	True
hdl	HDL	8:71338185:T:C	0.5908	0.4092	0.02057	0.0194941314093919	True
hdl	HDL	8:126634888:G:A	0.8446	0.15539999999999998	0.02786	0.0265225530020257	True
hdl	HDL	8:64653461:T:C	0.7424	0.25760000000000005	0.02287	0.0216710082955681	True
hdl	HDL	8:10781320:C:T	0.2135	0.2135	0.02388	0.0225748173317231	False
hdl	HDL	8:12623463:G:A	0.6658	0.33420000000000005	0.0209	0.0197115514699459	True
hdl	HDL	8:25464670:G:T	0.7085	0.2915	0.02215	0.0208919237032854	True
hdl	HDL	8:11604026:C:T	0.1183	0.1183	0.02933	0.0277478305329924	False
hdl	HDL	8:11773599:C:A	0.09132	0.09132	0.03088	0.0290337658242695	False
hdl	HDL	8:19389554:C:G	0.98934	0.010660000000000003	0.08473	0.0794110563364413	False
hdl	HDL	8:10119765:G:A	0.90167	0.09833000000000003	0.02875	0.0267107051196761	True
hdl	HDL	8:71571981:T:C	0.05277	0.05277	0.03736	0.0352978914079923	False
hdl	HDL	8:9008908:A:C	0.3296	0.3296	0.01749	0.0159025722991294	True
hdl	HDL	8:4795928:C:T	0.7742	0.2258	0.01929	0.017550821185485	False
hdl	HDL	8:116891360:T:A	0.1135	0.1135	0.02596	0.0237757003065818	True
hdl	HDL	8:12973078:T:C	0.5012	0.4988	0.01588	0.0143006769106709	True
hdl	HDL	8:34395179:T:C	0.4151	0.4151	0.016	0.0143975100581814	True
hdl	HDL	8:74771218:T:C	0.90674	0.09326000000000001	0.02853	0.0260521874963698	False
hdl	HDL	8:20441920:C:T	0.7444	0.25560000000000005	0.0179	0.0160481940744874	False
hdl	HDL	8:71459506:A:G	0.2696	0.2696	0.0173	0.0154617744680807	True
hdl	HDL	8:117132123:A:G	0.9753	0.024700000000000055	0.05087	0.0480780238129866	False
hdl	HDL	8:38324616:G:A	0.5015	0.49850000000000005	0.01509	0.0134202007328243	True
hdl	HDL	8:95637848:C:T	0.97977	0.02022999999999997	0.05394	0.0508312285609859	False
hdl	HDL	8:26271120:C:T	0.4078	0.4078	0.01543	0.013694864718375	True
hdl	HDL	8:73433886:C:T	0.6833	0.3167	0.01611	0.0142920924157516	True
hdl	HDL	8:1248648:G:A	0.745	0.255	0.01706	0.0151269357489314	True
hdl	HDL	8:21587539:G:C	0.744	0.256	0.01804	0.01596077393302	False
hdl	HDL	8:142615222:C:T	0.6289	0.3711	0.01545	0.0136143972314137	True
hdl	HDL	8:100605636:A:G	0.03463	0.03463	0.04064	0.0377657189989232	False
hdl	HDL	8:105982216:A:C	0.8129	0.18710000000000004	0.01905	0.0168326972356577	True
hdl	HDL	8:126350794:T:G	0.07558	0.07558	0.02736	0.0244476504190529	False
hdl	HDL	8:19115183:T:C	0.03473	0.03473	0.03954	0.036509373016937	False
hdl	HDL	8:17783508:T:G	0.4524	0.4524	0.01481	0.0129191893958101	False
hdl	HDL	8:9998549:G:A	0.98755	0.012449999999999961	0.06466	0.0598043644605427	False
hdl	HDL	8:14235436:C:T	0.7441	0.2559	0.01688	0.0147064656296372	True
hdl	HDL	9:107661742:A:C	0.7354	0.26459999999999995	0.08898	0.0887149595043915	True
hdl	HDL	9:15304782:C:A	0.8588	0.1412	0.0764	0.0759312106039609	True
hdl	HDL	9:107557865:A:G	0.9031	0.09689999999999999	0.07165	0.0709940255562965	False
hdl	HDL	9:136149830:G:A	0.1853	0.1853	0.033	0.0322062603036602	True
hdl	HDL	9:19322511:G:A	0.07648	0.07648	0.03853	0.037321585745376	True
hdl	HDL	9:117098650:C:T	0.9107	0.08930000000000005	0.0345	0.0330552484879976	False
hdl	HDL	9:107780966:T:C	0.7431	0.2569	0.02058	0.0191761724987841	True
hdl	HDL	9:95382297:C:T	0.8259	0.17410000000000003	0.02353	0.0219454829500171	True
hdl	HDL	9:102162570:C:T	0.1735	0.1735	0.02358	0.0219660452546759	False
hdl	HDL	9:139987756:A:G	0.291	0.291	0.01927	0.0178446327848132	True
hdl	HDL	9:94010298:G:A	0.90492	0.09508000000000005	0.02996	0.0280642921867234	True
hdl	HDL	9:107254232:T:G	0.02133	0.02133	0.06074	0.0579632783477465	False
hdl	HDL	9:107422611:A:G	0.98696	0.013040000000000052	0.07787	0.0733315656244529	False
hdl	HDL	9:1033773:C:G	0.692	0.30800000000000005	0.01851	0.0170293546416181	True
hdl	HDL	9:86592026:A:G	0.2135	0.2135	0.02021	0.0185305374758524	False
hdl	HDL	9:94963828:G:C	0.3275	0.3275	0.01779	0.0160763978475877	True
hdl	HDL	9:107945263:G:C	0.04026	0.04026	0.04013	0.0377717881731477	False
hdl	HDL	9:136876021:G:A	0.2912	0.2912	0.01719	0.0154316789585438	True
hdl	HDL	9:13703275:T:A	0.6579	0.34209999999999996	0.0162	0.014485298551494	True
hdl	HDL	9:35690102:A:G	0.4106	0.4106	0.01554	0.0138775305316366	True
hdl	HDL	9:6051924:T:G	0.8129	0.18710000000000004	0.01893	0.0167759439466672	True
hdl	HDL	9:134936285:G:A	0.8568	0.1432	0.02098	0.0185698407301635	True
hdl	HDL	9:28410683:T:C	0.6712	0.3288	0.01546	0.0135807312710229	True
hdl	HDL	9:113248669:C:G	0.1676	0.1676	0.01941	0.0171261128244463	True
hdl	HDL	9:14798947:C:T	0.6318	0.36819999999999997	0.01499	0.0131545377128517	True
hdl	HDL	9:15134968:A:G	0.0937	0.0937	0.02469	0.0218859812578929	True
hdl	HDL	9:131561110:G:A	0.7586	0.24139999999999995	0.01671	0.0146248800156524	True
hdl	HDL	9:106905272:G:A	0.01966	0.01966	0.05188	0.0484552281536575	True
hdl	HDL	9:11274206:C:T	0.4012	0.4012	0.01455	0.0127028051385624	False
hdl	HDL	9:92177897:A:G	0.4897	0.4897	0.01444	0.0125990780198701	False
hdl	HDL	9:113774748:C:T	0.03388	0.03388	0.04041	0.0372098022698218	False
hdl	HDL	9:106739030:T:A	0.4855	0.4855	0.01413	0.0123151918355372	True
hdl	HDL	10:113940329:T:C	0.2735	0.2735	0.04704	0.0467728789373051	True
hdl	HDL	10:45994596:G:C	0.2403	0.2403	0.04153	0.0411873203462972	True
hdl	HDL	10:115797947:T:A	0.1315	0.1315	0.04727	0.0467928791359119	False
hdl	HDL	10:114042643:A:G	0.8176	0.1824	0.03654	0.0359399917463157	True
hdl	HDL	10:95309022:C:T	0.8746	0.12539999999999996	0.03933	0.0386459446923771	True
hdl	HDL	10:94839642:G:A	0.4491	0.4491	0.02502	0.0242192682184854	True
hdl	HDL	10:33647091:G:A	0.7346	0.26539999999999997	0.02564	0.0246200861164932	True
hdl	HDL	10:80954251:G:A	0.4206	0.4206	0.02207	0.0211074488500171	True
hdl	HDL	10:101912064:T:C	0.4997	0.4997	0.01913	0.0179804894035344	True
hdl	HDL	10:65318766:G:T	0.5118	0.48819999999999997	0.01842	0.0171863392456292	True
hdl	HDL	10:17265447:T:C	0.4195	0.4195	0.01744	0.0160529120074995	True
hdl	HDL	10:99772190:T:C	0.4428	0.4428	0.01732	0.0159382424737701	True
hdl	HDL	10:71099109:A:G	0.8837	0.11629999999999996	0.02681	0.0249189593788012	False
hdl	HDL	10:95204466:C:G	0.96673	0.03327000000000002	0.04779	0.0456319173737033	False
hdl	HDL	10:81135853:T:A	0.1387	0.1387	0.02384	0.0218604168888534	False
hdl	HDL	10:30480724:C:T	0.97974	0.020259999999999945	0.05693	0.0538670529916031	False
hdl	HDL	10:45751692:G:A	0.5642	0.43579999999999997	0.01578	0.0141618586623	False
hdl	HDL	10:122996499:C:A	0.406	0.406	0.01557	0.0138915693507184	True
hdl	HDL	10:88511326:G:T	0.7271	0.27290000000000003	0.01713	0.0153018342431029	False
hdl	HDL	10:95039264:C:T	0.5846	0.4154	0.01544	0.0137494341648947	False
hdl	HDL	10:76847490:C:T	0.4783	0.4783	0.01519	0.0135155483650904	True
hdl	HDL	10:94539856:T:A	0.4883	0.4883	0.01498	0.0132782101822102	True
hdl	HDL	10:33448764:G:T	0.94259	0.05740999999999996	0.03187	0.0290206811526462	True
hdl	HDL	10:60985908:G:A	0.1509	0.1509	0.02063	0.0183594189469382	True
hdl	HDL	10:122853958:T:G	0.91233	0.08767000000000003	0.02599	0.0232673667924054	False
hdl	HDL	10:21879084:C:G	0.5111	0.4889	0.01441	0.0126343196750374	True
hdl	HDL	10:104531148:T:G	0.02364	0.02364	0.04735	0.044249008319885	False
hdl	HDL	10:126733546:T:C	0.6133	0.38670000000000004	0.01476	0.0129307163727357	True
hdl	HDL	10:126383363:T:C	0.5271	0.4729	0.01438	0.0125864525674345	True
hdl	HDL	10:63837016:C:T	0.4231	0.4231	0.01442	0.0125949410216827	True
hdl	HDL	10:118604186:T:C	0.4895	0.4895	0.01411	0.0122894594553295	True
hdl	HDL	11:116648917:G:C	0.8676	0.13239999999999996	0.1549	0.154816920193626	True
hdl	HDL	11:61592362:A:G	0.6488	0.35119999999999996	0.06189	0.0616439595715436	True
hdl	HDL	11:47354787:C:T	0.3232	0.3232	0.06123	0.0609751609563476	True
hdl	HDL	11:116916060:G:C	0.9893	0.010700000000000043	0.2729	0.27201845741148	False
hdl	HDL	11:47475189:G:T	0.6484	0.3516	0.05616	0.0559236155028841	True
hdl	HDL	11:48048802:G:A	0.2476	0.2476	0.05411	0.0538241725949409	True
hdl	HDL	11:117042408:C:T	0.01116	0.01116	0.2182	0.217537752504906	False
hdl	HDL	11:50016058:G:A	0.1137	0.1137	0.05965	0.059102704520356	False
hdl	HDL	11:51514678:C:T	0.1152	0.1152	0.05901	0.0584645689116094	False
hdl	HDL	11:54796787:C:T	0.1129	0.1129	0.05834	0.0577826064234512	False
hdl	HDL	11:116801201:A:C	0.9106	0.08940000000000003	0.06351	0.0628160380630159	False
hdl	HDL	11:122514403:C:T	0.3788	0.3788	0.03647	0.0361003690245214	True
hdl	HDL	11:75474195:C:A	0.90662	0.09338000000000002	0.05902	0.05836607919512	True
hdl	HDL	11:27748493:C:A	0.7929	0.20709999999999995	0.03359	0.0329025488500725	True
hdl	HDL	11:46570522:G:A	0.03486	0.03486	0.07359	0.0718858667452241	False
hdl	HDL	11:64004723:G:C	0.95449	0.04551000000000005	0.06457	0.0632520993510624	False
hdl	HDL	11:126225876:C:G	0.92771	0.07228999999999997	0.04937	0.0485611374128356	True
hdl	HDL	11:46320022:G:A	0.5161	0.4839	0.02508	0.0242773423916542	True
hdl	HDL	11:45913607:G:A	0.06365	0.06365	0.05068	0.0497404209668701	False
hdl	HDL	11:118913993:C:T	0.5443	0.4557	0.02341	0.0225300555120472	True
hdl	HDL	11:116399521:C:T	0.98913	0.010870000000000046	0.1138	0.110378038002568	False
hdl	HDL	11:10381766:A:T	0.7185	0.2815	0.02355	0.0224745328507191	True
hdl	HDL	11:14561945:G:C	0.02864	0.02864	0.06305	0.0610542874350231	False
hdl	HDL	11:68562328:C:T	0.93413	0.06586999999999998	0.03959	0.0382700944235327	False
hdl	HDL	11:2936952:G:A	0.90674	0.09326000000000001	0.03383	0.0323906549725513	True
hdl	HDL	11:823586:C:G	0.98594	0.014059999999999961	0.08256	0.078647970339605	False
hdl	HDL	11:61805045:T:C	0.0343	0.0343	0.0542	0.0523933076016657	False
hdl	HDL	11:110002744:A:G	0.2869	0.2869	0.02078	0.0194735059127398	True
hdl	HDL	11:111421906:A:G	0.04165	0.04165	0.04688	0.0453121018456677	False
hdl	HDL	11:111845332:G:T	0.1047	0.1047	0.03052	0.0288551435632731	False
hdl	HDL	11:62316195:C:G	0.6268	0.3732	0.01908	0.0178268260214398	True
hdl	HDL	11:64954338:G:A	0.1295	0.1295	0.0271	0.0254203674199571	True
hdl	HDL	11:64827087:C:T	0.7116	0.2884	0.01976	0.0183821564893149	True
hdl	HDL	11:66182249:C:T	0.94688	0.053119999999999945	0.04024	0.0385246853835161	False
hdl	HDL	11:62534515:G:C	0.94971	0.050289999999999946	0.04114	0.0394318394882428	False
hdl	HDL	11:117382799:A:C	0.97765	0.02234999999999998	0.06037	0.0576313739443174	False
hdl	HDL	11:126112575:A:G	0.8851	0.1149	0.02699	0.0251106936096462	True
hdl	HDL	11:65645354:A:G	0.7994	0.2006	0.02145	0.0198383053483245	True
hdl	HDL	11:65351074:G:A	0.2885	0.2885	0.01904	0.0175575275618845	True
hdl	HDL	11:68778383:T:C	0.6341	0.3659	0.01754	0.0160816488364247	True
hdl	HDL	11:66439975:T:C	0.05543	0.05543	0.03905	0.0370857208213479	False
hdl	HDL	11:126331836:G:A	0.6073	0.39270000000000005	0.0172	0.0157486110857889	True
hdl	HDL	11:43719101:C:T	0.6837	0.3163	0.01794	0.0164199441266997	True
hdl	HDL	11:3066640:A:G	0.4328	0.4328	0.01746	0.0159670724314232	True
hdl	HDL	11:95319200:T:G	0.2522	0.2522	0.02006	0.0184009183164856	False
hdl	HDL	11:567630:G:A	0.3824	0.3824	0.01705	0.0155551871380548	True
hdl	HDL	11:30435051:G:T	0.6147	0.3853	0.01677	0.0152372897615096	True
hdl	HDL	11:66050712:G:A	0.3599	0.3599	0.0168	0.015228000823387	True
hdl	HDL	11:117495067:C:T	0.01139	0.01139	0.08305	0.0772446519329777	False
hdl	HDL	11:14033524:A:G	0.3903	0.3903	0.01644	0.0148639311740746	True
hdl	HDL	11:14431709:G:A	0.6556	0.34440000000000004	0.01648	0.0148022881971338	True
hdl	HDL	11:2195981:T:C	0.6207	0.37929999999999997	0.01594	0.0142768775389701	True
hdl	HDL	11:75887292:A:G	0.07845	0.07845	0.02866	0.0261376555653861	False
hdl	HDL	11:45183379:C:T	0.881	0.119	0.02386	0.0215747093635368	False
hdl	HDL	11:130721080:C:T	0.8469	0.1531	0.02147	0.0193136227957136	True
hdl	HDL	11:73249379:C:A	0.2325	0.2325	0.01864	0.0166994541568837	False
hdl	HDL	11:79059444:A:G	0.2084	0.2084	0.01872	0.0167263506658122	True
hdl	HDL	11:65775786:G:C	0.98142	0.01858000000000004	0.05649	0.0532085427785206	False
hdl	HDL	11:95493046:G:A	0.03609	0.03609	0.03959	0.0367332155230876	False
hdl	HDL	11:1881256:T:C	0.6368	0.36319999999999997	0.0152	0.0133979700379359	True
hdl	HDL	11:126892634:A:G	0.7191	0.28090000000000004	0.01614	0.0141829719490542	True
hdl	HDL	11:75678647:C:T	0.8713	0.12870000000000004	0.0214	0.018872259200915	True
hdl	HDL	11:67210880:G:T	0.98859	0.011410000000000031	0.07192	0.0661390050552577	False
hdl	HDL	11:380315:C:T	0.96293	0.03707000000000005	0.03758	0.0343905120414648	False
hdl	HDL	12:125265201:G:A	0.3294	0.3294	0.06652	0.0662511407130922	True
hdl	HDL	12:124409502:G:A	0.3178	0.3178	0.05209	0.051845811003464	True
hdl	HDL	12:123188475:G:T	0.2109	0.2109	0.05419	0.0538690407512884	True
hdl	HDL	12:123736084:G:T	0.3318	0.3318	0.03926	0.0389398093443118	True
hdl	HDL	12:125077567:C:T	0.6386	0.36140000000000005	0.03741	0.0370566670347131	False
hdl	HDL	12:111884608:T:C	0.5179	0.4821	0.03488	0.0344857316198408	True
hdl	HDL	12:57848639:G:A	0.5624	0.4376	0.03492	0.0345077330701038	True
hdl	HDL	12:109871179:A:G	0.5222	0.4778	0.03249	0.0320097694885804	True
hdl	HDL	12:20470221:A:C	0.1981	0.1981	0.04035	0.0399195709788374	True
hdl	HDL	12:123335325:C:T	0.05517	0.05517	0.06717	0.0660755746508174	False
hdl	HDL	12:125378409:A:C	0.124	0.124	0.04362	0.0430701734600372	True
hdl	HDL	12:122963550:C:T	0.90816	0.09184000000000003	0.04857	0.0479165953772664	True
hdl	HDL	12:58153059:A:G	0.07475	0.07475	0.04736	0.0465357956249554	True
hdl	HDL	12:6731818:G:A	0.8145	0.1855	0.03161	0.0307037427090459	True
hdl	HDL	12:124622352:A:G	0.7825	0.21750000000000003	0.02933	0.0284001698387278	True
hdl	HDL	12:20591332:G:A	0.93216	0.06784000000000001	0.04619	0.0452653657340077	True
hdl	HDL	12:9097795:A:G	0.377	0.377	0.0238	0.0228950928769927	True
hdl	HDL	12:121405210:T:C	0.5194	0.4806	0.02082	0.0198029315733631	True
hdl	HDL	12:124134802:C:T	0.90664	0.09336	0.03584	0.0346169894893772	False
hdl	HDL	12:67643414:T:A	0.6736	0.3264	0.02268	0.0215324641556959	False
hdl	HDL	12:53796744:T:C	0.528	0.472	0.01976	0.0186461987000401	False
hdl	HDL	12:122631481:C:T	0.1702	0.1702	0.02577	0.0243155705016564	True
hdl	HDL	12:6854370:C:G	0.6244	0.37560000000000004	0.01952	0.0183068689038687	True
hdl	HDL	12:53999912:G:A	0.647	0.353	0.01948	0.0182352776220405	True
hdl	HDL	12:123069759:A:T	0.2536	0.2536	0.02124	0.0198869490951583	True
hdl	HDL	12:51204938:T:C	0.4064	0.4064	0.01851	0.0172484128231535	True
hdl	HDL	12:107128090:T:A	0.4814	0.4814	0.01805	0.0167797853184284	True
hdl	HDL	12:57622371:G:T	0.92465	0.07535000000000003	0.03444	0.0326720206524496	False
hdl	HDL	12:112769599:A:T	0.1247	0.1247	0.02718	0.0253896893365867	False
hdl	HDL	12:26443030:G:A	0.7568	0.24319999999999997	0.01964	0.018048477635089	True
hdl	HDL	12:122483139:T:C	0.6239	0.3761	0.01846	0.016899220432776	True
hdl	HDL	12:53649874:C:G	0.3767	0.3767	0.01716	0.0156663778167952	False
hdl	HDL	12:121230332:G:A	0.8747	0.12529999999999997	0.02534	0.0233394607843822	False
hdl	HDL	12:7681181:T:G	0.1335	0.1335	0.02448	0.0225125363449957	True
hdl	HDL	12:56469953:T:C	0.5881	0.41190000000000004	0.01677	0.0152655881933506	False
hdl	HDL	12:117175856:G:A	0.1072	0.1072	0.02668	0.0245830475714717	False
hdl	HDL	12:27020853:C:T	0.06921	0.06921	0.03252	0.0303096851012484	False
hdl	HDL	12:57391292:C:T	0.08481	0.08481	0.02929	0.0270776389348936	True
hdl	HDL	12:16473710:T:A	0.7967	0.20330000000000004	0.0203	0.0185346496949438	True
hdl	HDL	12:113671175:A:G	0.95992	0.040080000000000005	0.04293	0.0407830852879771	False
hdl	HDL	12:113185462:C:T	0.5592	0.44079999999999997	0.01626	0.0147168147995069	True
hdl	HDL	12:58259752:C:T	0.3651	0.3651	0.01671	0.0151077501744449	False
hdl	HDL	12:109691672:T:C	0.419	0.419	0.01619	0.0146240953036266	True
hdl	HDL	12:27130329:A:G	0.2054	0.2054	0.01959	0.0177301651170729	False
hdl	HDL	12:121096987:A:G	0.2716	0.2716	0.01793	0.0161847151149152	True
hdl	HDL	12:124974912:C:T	0.02851	0.02851	0.04582	0.0432638779045843	True
hdl	HDL	12:50248052:C:T	0.5422	0.4578	0.01537	0.0137144671076526	True
hdl	HDL	12:122381427:C:A	0.92953	0.07047000000000003	0.0309	0.0282439416930748	False
hdl	HDL	12:71113087:T:C	0.4545	0.4545	0.01521	0.0135267001175425	True
hdl	HDL	12:26294773:A:T	0.3328	0.3328	0.01597	0.0141946487248529	True
hdl	HDL	12:114075853:G:C	0.8511	0.14890000000000003	0.02105	0.0186924664477213	True
hdl	HDL	12:124759487:T:C	0.97016	0.029839999999999978	0.04521	0.0423066519038906	False
hdl	HDL	12:23885633:C:T	0.7705	0.22950000000000004	0.01715	0.0150394113767494	True
hdl	HDL	12:124869817:C:T	0.7878	0.21220000000000006	0.01837	0.0161273691881132	False
hdl	HDL	12:109093271:G:A	0.03642	0.03642	0.03847	0.0353732523322467	False
hdl	HDL	12:12173882:G:C	0.1956	0.1956	0.0179	0.0156504899564866	True
hdl	HDL	12:121647535:A:G	0.8744	0.12560000000000004	0.02131	0.0186886535470177	False
hdl	HDL	13:108960385:T:A	0.97934	0.02066000000000001	0.08038	0.0773283425777285	False
hdl	HDL	13:41689067:A:G	0.92317	0.07682999999999995	0.0397	0.0385632720414413	False
hdl	HDL	13:113927208:G:T	0.2511	0.2511	0.02498	0.0238018951095348	True
hdl	HDL	13:51184425:G:A	0.1205	0.1205	0.02589	0.023954466794125	True
hdl	HDL	13:28604007:T:C	0.98705	0.012950000000000017	0.07585	0.0711540564278356	False
hdl	HDL	13:49504810:T:C	0.4032	0.4032	0.0163	0.0147336740395425	True
hdl	HDL	13:30976446:A:C	0.94115	0.05884999999999996	0.03305	0.0302715967751702	False
hdl	HDL	13:112597785:C:T	0.1544	0.1544	0.01963	0.0172093484635019	False
hdl	HDL	13:25530179:C:A	0.1514	0.1514	0.0199	0.0174477001243179	True
hdl	HDL	13:72742343:A:C	0.1926	0.1926	0.01801	0.0157437710200166	True
hdl	HDL	14:105258892:C:T	0.3823	0.3823	0.03691	0.0365549056039888	True
hdl	HDL	14:74250126:T:C	0.2787	0.2787	0.03016	0.0294065881907432	True
hdl	HDL	14:69273090:A:G	0.2413	0.2413	0.02444	0.0232867225409916	False
hdl	HDL	14:100686816:G:A	0.06605	0.06605	0.0404	0.0391004090432276	False
hdl	HDL	14:75261641:G:A	0.4566	0.4566	0.01923	0.0180788003133732	True
hdl	HDL	14:81635888:C:T	0.4766	0.4766	0.01792	0.0166215266922314	True
hdl	HDL	14:103247844:C:A	0.6581	0.3419	0.01867	0.0173191653378359	True
hdl	HDL	14:33175822:G:A	0.5754	0.4246	0.01741	0.0159696216072828	True
hdl	HDL	14:100903477:C:G	0.875	0.125	0.02544	0.0235228252910118	False
hdl	HDL	14:88605509:C:A	0.9197	0.08030000000000004	0.03037	0.0281894266045976	True
hdl	HDL	14:74114837:C:T	0.6571	0.3429	0.0169	0.0153029832275199	True
hdl	HDL	14:98396293:C:T	0.4571	0.4571	0.01585	0.0142676911405797	True
hdl	HDL	14:89804276:A:G	0.8063	0.19369999999999998	0.01997	0.0180724154995171	True
hdl	HDL	14:69149372:A:G	0.07235	0.07235	0.03067	0.0281979642517184	True
hdl	HDL	14:24759319:G:C	0.5402	0.4598	0.01551	0.013889360035845	True
hdl	HDL	14:100795139:G:T	0.4855	0.4855	0.01556	0.0139222363887879	False
hdl	HDL	14:24636025:C:T	0.8255	0.1745	0.02012	0.0180590218909834	True
hdl	HDL	14:20938251:A:C	0.2476	0.2476	0.01764	0.0157699815108515	True
hdl	HDL	14:92590192:A:C	0.1688	0.1688	0.02008	0.017959273315298	True
hdl	HDL	14:52581893:G:A	0.1828	0.1828	0.01976	0.017638572312044	False
hdl	HDL	14:86561740:T:C	0.05523	0.05523	0.03224	0.0293207507270535	False
hdl	HDL	14:105428491:T:C	0.97471	0.025290000000000035	0.04638	0.0434268918462664	False
hdl	HDL	15:58723939:G:A	0.219	0.219	0.1734	0.173357258945354	True
hdl	HDL	15:58573833:T:G	0.8619	0.1381	0.08641	0.085958645551919	True
hdl	HDL	15:43726625:A:C	0.97519	0.02481	0.1264	0.125480362336007	False
hdl	HDL	15:41888918:A:G	0.311	0.311	0.02423	0.0232522179300716	True
hdl	HDL	15:58448287:G:A	0.4169	0.4169	0.02037	0.0192680680730331	True
hdl	HDL	15:64167098:G:A	0.7143	0.28569999999999995	0.02076	0.019478655628187	False
hdl	HDL	15:58854417:C:G	0.5615	0.4385	0.01883	0.0176219486203152	True
hdl	HDL	15:59207747:T:C	0.95192	0.04808000000000001	0.04397	0.0424348758387387	False
hdl	HDL	15:63344167:A:G	0.6979	0.30210000000000004	0.02007	0.0187385042359945	True
hdl	HDL	15:74620146:T:C	0.7083	0.29169999999999996	0.01995	0.0186011837872243	True
hdl	HDL	15:31637569:G:C	0.8293	0.17069999999999996	0.0228	0.0210977632701233	True
hdl	HDL	15:59005177:A:G	0.01494	0.01494	0.07041	0.0665646466857795	True
hdl	HDL	15:83465789:A:C	0.7106	0.2894	0.01875	0.01721330621655	False
hdl	HDL	15:41787972:C:G	0.6419	0.3581	0.01755	0.0160749794419789	True
hdl	HDL	15:75457873:T:C	0.6358	0.36419999999999997	0.01666	0.0150752563087668	True
hdl	HDL	15:41057507:C:T	0.09693	0.09693	0.02716	0.0248565543109521	False
hdl	HDL	15:75238663:A:G	0.6553	0.3447	0.01677	0.0151347844871336	True
hdl	HDL	15:101125082:C:T	0.3567	0.3567	0.0163	0.0146374493911201	True
hdl	HDL	15:64048451:T:C	0.97751	0.02249000000000001	0.05335	0.0505072760598665	False
hdl	HDL	15:58246474:C:G	0.98668	0.013319999999999999	0.06746	0.0631457370110542	False
hdl	HDL	15:91422543:T:C	0.4761	0.4761	0.01481	0.0130794709244201	True
hdl	HDL	15:96179966:A:G	0.93348	0.06652000000000002	0.02986	0.0269610366222255	True
hdl	HDL	15:81361948:T:C	0.92714	0.07286000000000004	0.02797	0.0250074963172733	True
hdl	HDL	15:57870164:A:T	0.06244	0.06244	0.0299	0.0267729704468499	False
hdl	HDL	15:99258710:A:T	0.6129	0.3871	0.01468	0.0128312575982155	True
hdl	HDL	16:56991363:C:T	0.3247	0.3247	0.2406	0.240563988643313	True
hdl	HDL	16:56834254:C:G	0.90764	0.09236	0.132	0.131785606700822	True
hdl	HDL	16:67947158:T:C	0.1165	0.1165	0.08098	0.0804349481003898	True
hdl	HDL	16:81534790:T:C	0.6987	0.3013	0.05428	0.0540264789919908	True
hdl	HDL	16:56732477:G:C	0.8735	0.12649999999999995	0.06334	0.0628290915738081	True
hdl	HDL	16:57161020:C:T	0.98119	0.018809999999999993	0.149	0.148371514718696	False
hdl	HDL	16:56418284:T:C	0.98683	0.013170000000000015	0.1768	0.176188094836504	False
hdl	HDL	16:67506247:T:C	0.9619	0.03810000000000002	0.09301	0.0916366643594932	False
hdl	HDL	16:56304436:C:T	0.98624	0.013759999999999994	0.1455	0.144467835467821	False
hdl	HDL	16:15150505:C:A	0.2959	0.2959	0.03145	0.0308145764975627	False
hdl	HDL	16:56630225:A:G	0.1017	0.1017	0.04534	0.0447167455303875	False
hdl	HDL	16:55910194:T:C	0.98796	0.01204000000000005	0.1227	0.119965655794945	False
hdl	HDL	16:68878721:A:G	0.925	0.07499999999999996	0.04314	0.0422128913975108	False
hdl	HDL	16:53805207:C:A	0.5769	0.42310000000000003	0.02171	0.0207291251394261	True
hdl	HDL	16:88004092:A:G	0.5409	0.45909999999999995	0.02068	0.0196423230525792	True
hdl	HDL	16:15560425:G:C	0.6221	0.3779	0.02048	0.0193661754156912	True
hdl	HDL	16:85951258:A:G	0.2692	0.2692	0.0216	0.0203283653466082	True
hdl	HDL	16:4677604:C:A	0.8604	0.13959999999999995	0.02817	0.0266076075080763	False
hdl	HDL	16:14650141:G:A	0.2151	0.2151	0.02284	0.0214497963609676	False
hdl	HDL	16:85150163:A:G	0.8926	0.10740000000000005	0.03156	0.0299020480033435	False
hdl	HDL	16:71856727:T:C	0.7447	0.25529999999999997	0.0212	0.0198504100692345	True
hdl	HDL	16:57363066:G:A	0.94145	0.05854999999999999	0.03853	0.036857241835418	False
hdl	HDL	16:68510409:C:T	0.02363	0.02363	0.06097	0.0583848069830489	False
hdl	HDL	16:29994922:C:T	0.5162	0.4838	0.01696	0.0155425225525227	True
hdl	HDL	16:949766:C:G	0.4045	0.4045	0.01742	0.015966886827942	True
hdl	HDL	16:58616997:C:T	0.98609	0.013909999999999978	0.07386	0.06957112161588	False
hdl	HDL	16:11455606:G:C	0.3198	0.3198	0.018	0.0164897633925657	True
hdl	HDL	16:69940355:G:A	0.5075	0.49250000000000005	0.01627	0.0147255234182501	True
hdl	HDL	16:23824885:A:G	0.8059	0.19410000000000005	0.02035	0.0185298183399751	True
hdl	HDL	16:89316781:T:C	0.201	0.201	0.01999	0.0181425467335978	False
hdl	HDL	16:15838940:G:C	0.3446	0.3446	0.0161	0.0143723783152802	False
hdl	HDL	16:80943856:T:C	0.822	0.17800000000000005	0.01989	0.01785146033988	False
hdl	HDL	16:14760527:G:A	0.02653	0.02653	0.05029	0.0475105572546014	False
hdl	HDL	16:31185882:G:A	0.389	0.389	0.01571	0.0139686138730284	True
hdl	HDL	16:75304957:C:T	0.5363	0.4637	0.01511	0.0133898489174594	True
hdl	HDL	16:12649358:G:A	0.8053	0.19469999999999998	0.01885	0.0167706966803276	True
hdl	HDL	16:73094493:T:A	0.6856	0.3144	0.01615	0.0143157065274921	True
hdl	HDL	16:56172401:G:A	0.0513	0.0513	0.0342	0.0313429723411024	False
hdl	HDL	16:73602926:A:G	0.4605	0.4605	0.01482	0.0131058472146977	True
hdl	HDL	16:73912588:G:C	0.574	0.42600000000000005	0.015	0.013236619332621	True
hdl	HDL	16:83185423:T:C	0.3209	0.3209	0.01578	0.0138870938859916	True
hdl	HDL	16:2254626:G:A	0.95216	0.047839999999999994	0.03414	0.0311013956904982	False
hdl	HDL	16:54404157:C:G	0.94795	0.05205000000000004	0.03517	0.0320815967665928	False
hdl	HDL	16:28209310:A:C	0.3197	0.3197	0.0172	0.0151073982378581	False
hdl	HDL	16:62844108:A:G	0.4908	0.4908	0.01443	0.0126463632847471	True
hdl	HDL	17:41926126:C:T	0.96799	0.03200999999999998	0.2024	0.202173932146138	False
hdl	HDL	17:76405736:T:C	0.6264	0.37360000000000004	0.0418	0.0415351234597185	True
hdl	HDL	17:37815899:G:A	0.6663	0.3337	0.04098	0.0406937507750485	True
hdl	HDL	17:66879927:C:T	0.93863	0.061370000000000036	0.06754	0.066553956052664	False
hdl	HDL	17:7462969:A:G	0.7886	0.21140000000000003	0.03396	0.0333032125035347	True
hdl	HDL	17:17425069:C:T	0.9433	0.05669999999999997	0.05306	0.0520502137819238	False
hdl	HDL	17:38178149:A:G	0.451	0.451	0.02372	0.0228342663347687	True
hdl	HDL	17:41571268:G:C	0.98609	0.013909999999999978	0.09716	0.0936892179997048	False
hdl	HDL	17:40787764:C:G	0.7135	0.2865	0.02192	0.0207380794162985	True
hdl	HDL	17:568515:C:T	0.7713	0.22870000000000001	0.02333	0.0220581623127773	False
hdl	HDL	17:44078618:T:C	0.95914	0.04086000000000001	0.04824	0.0467438290790107	False
hdl	HDL	17:28781792:G:A	0.6481	0.3519	0.0198	0.0185882143632992	True
hdl	HDL	17:7576276:T:A	0.8676	0.13239999999999996	0.02787	0.0262875702586855	False
hdl	HDL	17:18070761:G:A	0.6835	0.3165	0.01981	0.0185143526100833	True
hdl	HDL	17:29259899:G:A	0.3786	0.3786	0.01869	0.0174071060456296	True
hdl	HDL	17:42055169:T:C	0.2319	0.2319	0.02063	0.0190829481983648	False
hdl	HDL	17:38505824:C:G	0.74	0.26	0.01951	0.0180024545022443	False
hdl	HDL	17:37377258:G:C	0.92344	0.07655999999999996	0.03235	0.0303266101084396	False
hdl	HDL	17:26644308:C:T	0.4087	0.4087	0.01701	0.0155528929010073	True
hdl	HDL	17:46230891:C:T	0.06985	0.06985	0.03256	0.0304150158035968	False
hdl	HDL	17:53387877:T:A	0.3299	0.3299	0.01753	0.0159513040225709	True
hdl	HDL	17:46957987:A:G	0.4801	0.4801	0.01615	0.0146237920782033	False
hdl	HDL	17:16828713:A:T	0.6725	0.3275	0.01681	0.015149762233181	True
hdl	HDL	17:3884026:A:G	0.6857	0.3143	0.01696	0.0152690549137221	True
hdl	HDL	17:2326480:C:T	0.5996	0.4004	0.01564	0.013953069834011	True
hdl	HDL	17:8054759:G:A	0.3941	0.3941	0.01554	0.0138260717805652	True
hdl	HDL	17:66618029:A:G	0.7206	0.2794	0.01688	0.0150407815564624	False
hdl	HDL	17:18241345:T:C	0.307	0.307	0.01641	0.0145992450262658	False
hdl	HDL	17:43213772:A:C	0.8344	0.16559999999999997	0.02036	0.0182168226484557	True
hdl	HDL	17:79775089:T:C	0.2881	0.2881	0.0167	0.0147560209165204	False
hdl	HDL	17:68470163:A:G	0.5133	0.4867	0.01464	0.0128990801291194	False
hdl	HDL	17:8236404:C:G	0.4786	0.4786	0.01569	0.013824598303392	False
hdl	HDL	17:74214276:C:T	0.92096	0.07904	0.02694	0.0240585767218957	False
hdl	HDL	17:79887045:G:A	0.05681	0.05681	0.03259	0.0294653015098743	False
hdl	HDL	17:17762970:A:G	0.8925	0.10750000000000004	0.02311	0.0203977676783216	True
hdl	HDL	18:47109955:A:G	0.0134	0.0134	0.4213	0.420476673889797	False
hdl	HDL	18:46578242:C:A	0.01118	0.01118	0.3865	0.385504035672088	False
hdl	HDL	18:47632322:T:C	0.01032	0.01032	0.2337	0.232827688087959	False
hdl	HDL	18:47385799:A:G	0.9147	0.08530000000000004	0.07276	0.071994417743662	False
hdl	HDL	18:47947138:T:C	0.01217	0.01217	0.1438	0.142595111214887	False
hdl	HDL	18:46727935:T:C	0.06249	0.06249	0.06124	0.0602834979455013	False
hdl	HDL	18:57739072:C:T	0.7324	0.26759999999999995	0.0327	0.0320855057029734	True
hdl	HDL	18:47007234:G:A	0.7353	0.26470000000000005	0.03274	0.0321257044414843	False
hdl	HDL	18:46458337:C:A	0.01836	0.01836	0.1085	0.106394852011587	False
hdl	HDL	18:47494729:A:T	0.0864	0.0864	0.04726	0.0465295391242441	False
hdl	HDL	18:48065975:G:A	0.01118	0.01118	0.1297	0.127415675741218	False
hdl	HDL	18:47733337:G:A	0.03899	0.03899	0.06557	0.0639815493501942	False
hdl	HDL	18:56118358:C:T	0.98766	0.012340000000000018	0.104	0.100452474753697	False
hdl	HDL	18:21097460:A:G	0.4967	0.4967	0.02124	0.0202520274837291	True
hdl	HDL	18:293519:G:A	0.08336	0.08336	0.03361	0.0319861937110721	True
hdl	HDL	18:19909866:A:G	0.5415	0.4585	0.01805	0.0167601411351709	True
hdl	HDL	18:19658460:C:T	0.7113	0.28869999999999996	0.02022	0.0187407233873982	False
hdl	HDL	18:40744790:C:A	0.3742	0.3742	0.0168	0.0152499420435545	True
hdl	HDL	18:74976835:C:T	0.95786	0.042139999999999955	0.04026	0.038099305699882	True
hdl	HDL	18:48897509:G:A	0.02129	0.02129	0.06186	0.0585559052871917	False
hdl	HDL	18:56251818:A:G	0.97448	0.025519999999999987	0.04925	0.0466836414209739	False
hdl	HDL	18:39916583:C:A	0.7074	0.29259999999999997	0.01711	0.0153590249801063	True
hdl	HDL	18:42437417:T:C	0.884	0.11599999999999999	0.0239	0.0215796643653519	True
hdl	HDL	18:63802542:C:A	0.02937	0.02937	0.04525	0.0427129186235857	False
hdl	HDL	18:19489745:A:G	0.8646	0.13539999999999996	0.02182	0.0195051102331211	True
hdl	HDL	18:55994185:G:A	0.814	0.18600000000000005	0.0189	0.0167252288025111	True
hdl	HDL	18:50291068:G:A	0.8615	0.13849999999999996	0.02119	0.0188099680273217	False
hdl	HDL	18:20764273:G:A	0.7713	0.22870000000000001	0.01741	0.015365826790776	False
hdl	HDL	18:50839145:G:C	0.1049	0.1049	0.02381	0.0211804996012909	True
hdl	HDL	18:73089179:T:C	0.98943	0.010569999999999968	0.07306	0.0669746513624135	False
hdl	HDL	18:64251094:T:C	0.02853	0.02853	0.04454	0.0412987320823167	False
hdl	HDL	19:8429323:G:A	0.01934	0.01934	0.308	0.307504070394923	False
hdl	HDL	19:45411941:T:C	0.8438	0.1562	0.09872	0.0983847475683766	True
hdl	HDL	19:54800500:A:G	0.2283	0.2283	0.06281	0.0624875101032852	True
hdl	HDL	19:46384830:C:T	0.8801	0.1199	0.05794	0.057420058708398	False
hdl	HDL	19:11350488:C:T	0.9659	0.03410000000000002	0.08701	0.0854104337442386	True
hdl	HDL	19:33891013:A:T	0.7147	0.2853	0.03425	0.0337314383030024	True
hdl	HDL	19:45523583:G:A	0.2239	0.2239	0.03527	0.034667921132741	True
hdl	HDL	19:52341757:T:A	0.6559	0.34409999999999996	0.02666	0.0258531559599203	True
hdl	HDL	19:45296364:G:A	0.01978	0.01978	0.08422	0.0813975400477822	False
hdl	HDL	19:33784657:T:C	0.92809	0.07191000000000003	0.04356	0.0425665414569511	False
hdl	HDL	19:46163769:T:C	0.7189	0.2811	0.02449	0.0234621945920266	True
hdl	HDL	19:47581242:C:T	0.3148	0.3148	0.02182	0.0207036284265733	False
hdl	HDL	19:7968168:G:A	0.619	0.381	0.02077	0.0196864650257805	True
hdl	HDL	19:4053013:G:A	0.2827	0.2827	0.02198	0.0207737981485915	True
hdl	HDL	19:7222655:C:T	0.5714	0.4286	0.01956	0.018421415051502	True
hdl	HDL	19:8288543:G:A	0.03888	0.03888	0.05185	0.0501528457795711	False
hdl	HDL	19:52457468:G:A	0.93419	0.06581000000000004	0.03747	0.0359174585666649	True
hdl	HDL	19:41375030:C:G	0.061	0.061	0.03776	0.0361104959430066	False
hdl	HDL	19:44153100:A:G	0.8432	0.15680000000000005	0.02403	0.0223441445270733	False
hdl	HDL	19:3414088:G:A	0.6976	0.3024	0.01862	0.0171265119782803	True
hdl	HDL	19:18614935:T:C	0.1939	0.1939	0.02136	0.019658813345855	True
hdl	HDL	19:18407643:A:G	0.3809	0.3809	0.01803	0.0165214032621725	True
hdl	HDL	19:7511798:G:A	0.3513	0.3513	0.018	0.0164636406543561	True
hdl	HDL	19:45176557:A:G	0.9842	0.015800000000000036	0.06996	0.0658011191881486	False
hdl	HDL	19:57497185:T:C	0.3079	0.3079	0.01729	0.0156258434191182	True
hdl	HDL	19:41740895:T:C	0.4569	0.4569	0.01595	0.0143753206760622	True
hdl	HDL	19:34107641:T:C	0.6152	0.38480000000000003	0.01632	0.0147118793662581	True
hdl	HDL	19:48093953:A:G	0.8779	0.12209999999999999	0.0238	0.0215701407421906	True
hdl	HDL	19:38740925:C:T	0.5355	0.4645	0.01541	0.0137747964087697	True
hdl	HDL	19:4999932:A:G	0.3663	0.3663	0.01588	0.014160692037961	False
hdl	HDL	19:45672478:G:A	0.02945	0.02945	0.04631	0.0436536913470243	False
hdl	HDL	19:56181408:T:C	0.8846	0.11539999999999995	0.02354	0.0211517568157476	True
hdl	HDL	19:40937704:C:A	0.5933	0.40669999999999995	0.01613	0.0143184538462195	False
hdl	HDL	19:15317073:G:A	0.08864	0.08864	0.02587	0.0231394308869946	True
hdl	HDL	19:54640480:T:C	0.3882	0.3882	0.01465	0.0128187128217416	True
hdl	HDL	19:11230362:A:C	0.3604	0.3604	0.01482	0.0129370139042618	True
hdl	HDL	19:18883593:C:T	0.2062	0.2062	0.01756	0.0153280285853782	True
hdl	HDL	20:43042364:C:T	0.96859	0.03141000000000005	0.212	0.21176459422514	True
hdl	HDL	20:44551855:T:C	0.8016	0.19840000000000002	0.09114	0.0908256191752821	True
hdl	HDL	20:46340596:T:C	0.7921	0.20789999999999997	0.03539	0.0348003814392544	True
hdl	HDL	20:42819289:T:A	0.96224	0.037760000000000016	0.075	0.0732272564599859	False
hdl	HDL	20:17600114:G:C	0.8416	0.15839999999999999	0.02859	0.0273410849159297	True
hdl	HDL	20:44219189:C:T	0.98386	0.016140000000000043	0.08324	0.0798079422088077	False
hdl	HDL	20:55836040:G:A	0.2537	0.2537	0.02366	0.0225081369514613	True
hdl	HDL	20:571467:A:C	0.98382	0.016179999999999972	0.07881	0.0751685264258634	False
hdl	HDL	20:44077129:G:C	0.90129	0.09870999999999996	0.03476	0.0333114367674071	True
hdl	HDL	20:33604042:T:C	0.5152	0.4848	0.01902	0.01785458951548	True
hdl	HDL	20:43232080:C:T	0.96773	0.03227000000000002	0.05365	0.0518731392731076	False
hdl	HDL	20:45602638:G:A	0.2831	0.2831	0.02051	0.019190505479231	True
hdl	HDL	20:62376939:A:C	0.277	0.277	0.01995	0.018532105579919	True
hdl	HDL	20:33840199:C:T	0.8697	0.13029999999999997	0.02524	0.0233623233923443	False
hdl	HDL	20:21885805:T:G	0.4328	0.4328	0.01681	0.015354963301498	True
hdl	HDL	20:30143278:C:T	0.17	0.17	0.02229	0.0204954353607796	True
hdl	HDL	20:57459868:T:C	0.97629	0.02371000000000001	0.05408	0.0515967479605039	False
hdl	HDL	20:44771565:T:G	0.4853	0.4853	0.01646	0.0149741243668005	True
hdl	HDL	20:45050895:T:G	0.08594	0.08594	0.02843	0.025953539463051	False
hdl	HDL	20:51591938:A:C	0.8119	0.18810000000000004	0.01915	0.0169807722757389	True
hdl	HDL	20:62711459:C:T	0.49	0.49	0.01472	0.0129827566039187	True
hdl	HDL	20:51031169:T:C	0.3655	0.3655	0.01488	0.013024871933952	True
hdl	HDL	21:46271452:C:T	0.4684	0.4684	0.02157	0.0205986602313156	True
hdl	HDL	21:16863515:T:C	0.7606	0.23939999999999995	0.02271	0.0214394419478648	True
hdl	HDL	21:43718792:A:G	0.581	0.41900000000000004	0.01773	0.0163805330090792	True
hdl	HDL	21:46899279:A:G	0.7441	0.2559	0.01848	0.0167228312796239	False
hdl	HDL	21:16403394:G:A	0.5126	0.48740000000000006	0.0169	0.0151274769836991	False
hdl	HDL	21:37548401:T:C	0.4083	0.4083	0.01592	0.0141712446297159	False
hdl	HDL	21:30601827:G:T	0.2367	0.2367	0.01816	0.016065034329651	True
hdl	HDL	22:21925017:A:G	0.8107	0.18930000000000002	0.04569	0.0453336346478227	True
hdl	HDL	22:38599857:G:C	0.4191	0.4191	0.03055	0.0299725756100725	True
hdl	HDL	22:39065172:A:G	0.715	0.28500000000000003	0.02582	0.0248812698002588	True
hdl	HDL	22:30794719:C:T	0.181	0.181	0.0279	0.0267353205845064	True
hdl	HDL	22:30348399:G:T	0.516	0.484	0.02147	0.0204477368096735	False
hdl	HDL	22:30931307:T:C	0.7572	0.24280000000000002	0.02176	0.0204150115003108	True
hdl	HDL	22:29905277:A:G	0.7702	0.2298	0.02131	0.0198437478798972	False
hdl	HDL	22:22132196:T:C	0.96412	0.03588000000000002	0.04381	0.0416180130155651	False
hdl	HDL	22:29453193:G:C	0.4384	0.4384	0.01607	0.0145114935538683	True
hdl	HDL	22:39739187:C:T	0.6985	0.3015	0.0167	0.0149374596503659	True
hdl	HDL	22:50347996:A:C	0.7764	0.22360000000000002	0.01766	0.0156325129628131	True
hdl	HDL	22:28213866:C:T	0.7229	0.2771	0.01622	0.01424810802164	True
hdl	HDL	22:28876170:C:G	0.4496	0.4496	0.0144	0.0126061199593182	True
height	Height	1:149906413:T:C	0.4086	0.4086	0.06036	0.0602158027757614	True
height	Height	1:17306029:C:A	0.5202	0.4798	0.05455	0.0544059148815434	True
height	Height	1:184014199:A:G	0.3591	0.3591	0.05633	0.0561722046286029	True
height	Height	1:172223370:T:C	0.2129	0.2129	0.06145	0.0612442273949323	True
height	Height	1:172105162:T:C	0.3148	0.3148	0.04962	0.0494466320021914	True
height	Height	1:118862669:T:C	0.7446	0.25539999999999996	0.05242	0.052227813211047	True
height	Height	1:218605609:G:A	0.2863	0.2863	0.04739	0.0472016303862541	True
height	Height	1:41544279:G:T	0.3357	0.3357	0.04057	0.0403650084922575	True
height	Height	1:176521655:G:A	0.97133	0.028669999999999973	0.1146	0.11426917371387	False
height	Height	1:78450517:C:A	0.1243	0.1243	0.0538	0.0534581055248181	False
height	Height	1:227927242:A:G	0.8283	0.17169999999999996	0.04593	0.0456488948175123	True
height	Height	1:51367420:C:T	0.0891	0.0891	0.06017	0.0597419305622929	True
height	Height	1:26796922:G:C	0.7478	0.2522	0.03355	0.0331979895878897	True
height	Height	1:120191044:A:T	0.8721	0.1279	0.04439	0.0440070387343726	False
height	Height	1:172364509:C:T	0.03007	0.03007	0.08466	0.0838361341654806	False
height	Height	1:38461319:C:A	0.4446	0.4446	0.02845	0.0280847101211168	True
height	Height	1:89146852:A:G	0.5638	0.43620000000000003	0.02846	0.0280937936700147	True
height	Height	1:103417203:G:C	0.4098	0.4098	0.02872	0.0283497916888005	True
height	Height	1:119427467:A:C	0.95392	0.04608000000000001	0.06691	0.0661665213998426	False
height	Height	1:9349611:T:A	0.1296	0.1296	0.04053	0.0401106247629509	True
height	Height	1:93323971:T:C	0.6557	0.34430000000000005	0.02792	0.0275089329176637	True
height	Height	1:150192450:T:C	0.03512	0.03512	0.07126	0.0703473257802017	False
height	Height	1:155006451:C:G	0.2061	0.2061	0.03243	0.0319906383917614	True
height	Height	1:228107423:C:G	0.7497	0.25029999999999997	0.0314	0.030944139801303	False
height	Height	1:171883190:A:G	0.04116	0.04116	0.06585	0.0649650034006888	False
height	Height	1:214629616:A:G	0.6053	0.39470000000000005	0.02597	0.025545018913806	True
height	Height	1:26449337:A:G	0.1843	0.1843	0.03273	0.0322496066716054	True
height	Height	1:205723572:C:T	0.4533	0.4533	0.02447	0.0240360679591767	True
height	Height	1:21573371:C:G	0.3736	0.3736	0.02425	0.0237826644354682	True
height	Height	1:56637394:T:C	0.2204	0.2204	0.02814	0.0276014870348873	False
height	Height	1:218879783:C:T	0.0221	0.0221	0.07911	0.077863276550435	False
height	Height	1:32393578:G:T	0.1325	0.1325	0.03413	0.0335580257786735	True
height	Height	1:41821779:G:A	0.565	0.43500000000000005	0.02309	0.0226287043083308	True
height	Height	1:218706189:A:C	0.01614	0.01614	0.09095	0.0896255282236625	False
height	Height	1:219047869:A:T	0.6472	0.3528	0.0236	0.0231127943232096	True
height	Height	1:219787413:G:C	0.4723	0.4723	0.02241	0.0219547268491481	True
height	Height	1:65366509:C:T	0.01253	0.01253	0.1048	0.103626810631235	False
height	Height	1:11227864:C:T	0.2576	0.2576	0.02531	0.024762227031292	True
height	Height	1:22475425:G:T	0.4239	0.4239	0.02193	0.0214612400297593	True
height	Height	1:224570425:C:T	0.7888	0.21120000000000005	0.02643	0.025824035085246	True
height	Height	1:2141866:C:T	0.2778	0.2778	0.02416	0.0236106271524958	True
height	Height	1:46085852:C:T	0.3023	0.3023	0.02333	0.0228014660965992	True
height	Height	1:113081783:G:C	0.7952	0.20479999999999998	0.02631	0.0256908050666022	True
height	Height	1:37970297:C:T	0.91445	0.08555000000000001	0.03791	0.03721148374188	True
height	Height	1:47974381:C:T	0.374	0.374	0.02167	0.0211772283125757	True
height	Height	1:19755030:T:C	0.5357	0.46430000000000005	0.02081	0.0203397541473931	True
height	Height	1:10368099:A:G	0.1271	0.1271	0.03107	0.0303512755816617	True
height	Height	1:85997286:G:C	0.1679	0.1679	0.02946	0.0287516076177721	False
height	Height	1:23430650:C:T	0.8212	0.17879999999999996	0.02651	0.0258283412971422	False
height	Height	1:54119578:G:A	0.323	0.323	0.02172	0.0211919523134732	True
height	Height	1:154522394:C:A	0.02908	0.02908	0.06198	0.0606781065646752	False
height	Height	1:184290359:C:A	0.5541	0.44589999999999996	0.02087	0.0203639774856579	False
height	Height	1:170691131:T:G	0.1456	0.1456	0.02805	0.0272906486421827	True
height	Height	1:212259964:A:C	0.5889	0.4111	0.01995	0.0194616957087011	True
height	Height	1:93715278:A:G	0.01618	0.01618	0.07859	0.0768075792102028	False
height	Height	1:54883715:A:G	0.5215	0.47850000000000004	0.01941	0.0189333596969417	True
height	Height	1:235506853:G:A	0.6436	0.35640000000000005	0.02017	0.0196561310830049	True
height	Height	1:244144531:C:T	0.04868	0.04868	0.04545	0.0445040191133309	False
height	Height	1:86299456:A:C	0.5815	0.4185	0.01948	0.0189857206045911	True
height	Height	1:19961679:A:G	0.2374	0.2374	0.02214	0.0215054546803128	True
height	Height	1:219585279:G:T	0.7575	0.24250000000000005	0.02189	0.0212644106910163	True
height	Height	1:146740576:G:A	0.8745	0.12549999999999994	0.02821	0.027361551676009	True
height	Height	1:151241909:G:C	0.8876	0.11240000000000006	0.02956	0.0286833474039417	True
height	Height	1:180905694:C:T	0.3156	0.3156	0.02006	0.0195126355827252	True
height	Height	1:171580648:A:G	0.1827	0.1827	0.02412	0.0233869073555559	True
height	Height	1:53589801:A:G	0.1972	0.1972	0.02343	0.0227234907926465	True
height	Height	1:8507773:G:A	0.209	0.209	0.02323	0.0225324806319899	True
height	Height	1:10210990:C:T	0.1088	0.1088	0.0296	0.0286930303899908	False
height	Height	1:203773096:A:C	0.1474	0.1474	0.02574	0.024917905637403	True
height	Height	1:52307701:T:C	0.02913	0.02913	0.05654	0.0551472997714993	False
height	Height	1:8152102:C:G	0.1867	0.1867	0.02337	0.0226325991243774	True
height	Height	1:10475011:A:G	0.504	0.496	0.01803	0.0175386005305468	True
height	Height	1:150089520:G:C	0.8984	0.10160000000000002	0.02976	0.0288084603023929	False
height	Height	1:8647481:A:G	0.05252	0.05252	0.03987	0.038842385959084	False
height	Height	1:2253864:G:T	0.0111	0.0111	0.08683	0.0845795643590601	False
height	Height	1:9538654:G:C	0.3513	0.3513	0.01871	0.0181564632677853	True
height	Height	1:36757801:G:T	0.501	0.499	0.01736	0.0168625801492597	False
height	Height	1:212426434:T:C	0.4067	0.4067	0.01754	0.0170253566750112	True
height	Height	1:219915203:T:G	0.893	0.10699999999999998	0.02743	0.0264054197384489	False
height	Height	1:92573670:G:A	0.2937	0.2937	0.01861	0.0180202999040983	False
height	Height	1:44013355:G:A	0.3871	0.3871	0.0174	0.0168702328570847	True
height	Height	1:109817590:G:T	0.2215	0.2215	0.02026	0.0195759775606991	True
height	Height	1:41435858:A:G	0.97855	0.02144999999999997	0.06147	0.0596177623372842	False
height	Height	1:92205471:A:G	0.4052	0.4052	0.0171	0.0165741045641383	True
height	Height	1:103644545:G:A	0.09525	0.09525	0.02859	0.0275090639522243	True
height	Height	1:184501774:A:G	0.08037	0.08037	0.03097	0.0298348737339063	False
height	Height	1:221290755:C:T	0.2983	0.2983	0.01814	0.0175537112363046	True
height	Height	1:231083638:C:A	0.5149	0.4851	0.01657	0.0160556582547506	True
height	Height	1:86621256:G:A	0.886	0.11399999999999999	0.02602	0.0249981549708409	True
height	Height	1:25393004:G:A	0.4095	0.4095	0.01661	0.0160777522610159	True
height	Height	1:52423759:G:A	0.8704	0.12960000000000005	0.02445	0.0234750646419731	False
height	Height	1:228221028:C:T	0.901	0.09899999999999998	0.02722	0.0261126637675134	False
height	Height	1:182998486:A:T	0.4488	0.4488	0.01615	0.0156220615061877	True
height	Height	1:183764647:G:T	0.7863	0.2137	0.01955	0.0188365363670085	True
height	Height	1:217820695:T:C	0.8244	0.17559999999999998	0.02098	0.0201659827514581	True
height	Height	1:86111484:C:G	0.8229	0.17710000000000004	0.02104	0.0202199413702019	True
height	Height	1:86516841:G:A	0.8894	0.11060000000000003	0.02525	0.0241765429101404	False
height	Height	1:235652049:C:A	0.4008	0.4008	0.01611	0.0155614669325225	True
height	Height	1:93570368:G:A	0.3964	0.3964	0.01614	0.015588258255867	True
height	Height	1:146855182:A:T	0.3031	0.3031	0.01715	0.0165486167168113	True
height	Height	1:25187149:G:A	0.3788	0.3788	0.01624	0.0156776776662108	True
height	Height	1:19638090:G:C	0.1893	0.1893	0.01987	0.0190933025715271	True
height	Height	1:40781151:G:C	0.95401	0.045989999999999975	0.03756	0.0361940362015278	False
height	Height	1:199800434:C:G	0.606	0.394	0.01597	0.0154108636977895	True
height	Height	1:219408653:G:A	0.2926	0.2926	0.01707	0.0164572422936072	True
height	Height	1:27230523:A:T	0.08957	0.08957	0.02749	0.026259942840399	False
height	Height	1:200146928:T:C	0.697	0.30300000000000005	0.01686	0.0162401193167113	True
height	Height	1:47855358:C:T	0.5468	0.45320000000000005	0.01578	0.0152105682588421	True
height	Height	1:165599460:G:A	0.5359	0.46409999999999996	0.01524	0.0146832409071497	True
height	Height	1:71533287:A:T	0.2702	0.2702	0.01714	0.0164919311700906	True
height	Height	1:165481777:A:G	0.96725	0.032749999999999946	0.0428	0.0412816520423004	False
height	Height	1:45915892:A:T	0.5105	0.48950000000000005	0.01516	0.0146007406352196	True
height	Height	1:217213018:A:G	0.01137	0.01137	0.07132	0.0685309514141973	True
height	Height	1:155265446:C:A	0.02181	0.02181	0.05134	0.0495075247566061	False
height	Height	1:63727542:T:C	0.9509	0.04910000000000003	0.03452	0.0330366972802726	False
height	Height	1:16884556:C:T	0.5463	0.4537	0.0165	0.0158566755327125	False
height	Height	1:13940864:C:G	0.9509	0.04910000000000003	0.0343	0.0328001263466853	False
height	Height	1:165370475:G:C	0.8045	0.1955	0.01884	0.0180454564363476	False
height	Height	1:110362471:C:T	0.5312	0.4688	0.01486	0.0142819213237344	True
height	Height	1:219686024:A:C	0.1728	0.1728	0.01958	0.0187258866281077	True
height	Height	1:203054651:G:A	0.96837	0.03163000000000005	0.04235	0.0407263384670864	True
height	Height	1:6610049:C:T	0.8832	0.11680000000000001	0.02287	0.0217729637214962	True
height	Height	1:31571777:G:A	0.3348	0.3348	0.01567	0.0150487613852473	False
height	Height	1:223109885:A:C	0.76	0.24	0.0179	0.0171483299396948	False
height	Height	1:76527518:T:C	0.395	0.395	0.01498	0.0143842925592073	True
height	Height	1:958248:A:G	0.3668	0.3668	0.0151	0.01449288228887	True
height	Height	1:85777250:C:T	0.7982	0.20179999999999998	0.01806	0.0172819253531751	True
height	Height	1:79001994:A:T	0.07271	0.07271	0.02794	0.0264992694038859	True
height	Height	1:56116513:T:C	0.6141	0.3859	0.01485	0.014245721831099	True
height	Height	1:154834546:A:C	0.07445	0.07445	0.02807	0.0266196320535922	False
height	Height	1:212020025:G:A	0.0118	0.0118	0.06918	0.0662030290623077	False
height	Height	1:173848808:G:A	0.2153	0.2153	0.01749	0.0167411100188035	True
height	Height	1:3318842:G:A	0.3528	0.3528	0.01505	0.0144295185697167	True
height	Height	1:87123130:T:C	0.96771	0.03229000000000004	0.04046	0.0387703440591945	False
height	Height	1:25288832:A:C	0.1298	0.1298	0.02117	0.0201245404078091	True
height	Height	1:90195647:G:T	0.5655	0.4345	0.01456	0.0139433679142255	True
height	Height	1:172479966:A:G	0.5776	0.4224	0.01435	0.0137404434292174	False
height	Height	1:144897876:C:T	0.1103	0.1103	0.02487	0.0235434174881757	False
height	Height	1:90306131:G:A	0.773	0.22699999999999998	0.01707	0.0163201643346005	False
height	Height	1:27403974:A:C	0.2941	0.2941	0.01576	0.0150793325944683	True
height	Height	1:224459225:G:A	0.5628	0.43720000000000003	0.01426	0.0136428504663324	True
height	Height	1:211910241:G:T	0.98251	0.017490000000000006	0.05335	0.0510752915175814	True
height	Height	1:42371414:T:C	0.434	0.434	0.01403	0.0134066434229213	True
height	Height	1:85895652:G:A	0.96189	0.03810999999999998	0.03656	0.0347885855106493	False
height	Height	1:147066272:T:C	0.93677	0.06323000000000001	0.02836	0.0267602227355405	True
height	Height	1:53473765:C:T	0.469	0.469	0.01418	0.0135431747776879	True
height	Height	1:218488959:T:A	0.0708	0.0708	0.02857	0.0269508690292378	False
height	Height	1:32875280:A:C	0.07776	0.07776	0.02556	0.0240976580563025	True
height	Height	1:91193049:A:T	0.5496	0.4504	0.01381	0.0131776268355681	True
height	Height	1:16499913:C:T	0.3464	0.3464	0.01436	0.0136921916359585	True
height	Height	1:110052900:G:T	0.5789	0.42110000000000003	0.01368	0.0130236183694652	True
height	Height	1:228381518:C:T	0.2139	0.2139	0.0164	0.0155927865442614	True
height	Height	1:42208852:C:G	0.90587	0.09413000000000005	0.02336	0.0219823355316369	True
height	Height	1:1576636:G:A	0.2921	0.2921	0.01555	0.0147725058784785	False
height	Height	1:228630850:G:A	0.02581	0.02581	0.04257	0.0404633383800431	False
height	Height	1:218021662:A:G	0.446	0.446	0.01331	0.0126379972007372	True
height	Height	1:221717748:C:G	0.6372	0.3628	0.01375	0.0130585018794854	True
height	Height	1:39967683:G:A	0.3322	0.3322	0.01392	0.013214618560989	True
height	Height	1:183396066:G:A	0.8836	0.11639999999999995	0.02051	0.0193361263787379	True
height	Height	1:47429107:G:T	0.7222	0.27780000000000005	0.01469	0.0139411546083611	True
height	Height	1:17768872:T:G	0.04226	0.04226	0.03242	0.0304489193708096	True
height	Height	1:234758904:A:G	0.3475	0.3475	0.01366	0.0129539144216128	True
height	Height	1:221040034:G:A	0.3248	0.3248	0.01388	0.0131612428724647	True
height	Height	1:206098434:G:A	0.96102	0.038980000000000015	0.03353	0.0315073174704696	False
height	Height	1:110232983:A:G	0.2693	0.2693	0.01447	0.0137144166892705	False
height	Height	1:236810050:A:G	0.07251	0.07251	0.02493	0.0233210665737859	True
height	Height	1:45448488:G:A	0.98832	0.011680000000000024	0.06124	0.0580277723118189	False
height	Height	1:244260194:C:T	0.8352	0.16479999999999995	0.01742	0.0164769123477644	False
height	Height	1:55334345:G:A	0.4784	0.4784	0.01423	0.0134842412257411	False
height	Height	1:86899021:A:G	0.137	0.137	0.01875	0.0176916414708038	True
height	Height	1:156473114:C:G	0.347	0.347	0.01354	0.0128206251629893	True
height	Height	1:45581744:G:C	0.02167	0.02167	0.04467	0.0423631482232284	False
height	Height	1:44395985:C:G	0.01108	0.01108	0.06281	0.0594347131959	False
height	Height	1:210428778:A:T	0.3426	0.3426	0.01358	0.0128550423565962	True
height	Height	1:45765523:C:T	0.1652	0.1652	0.01751	0.0165403094337598	True
height	Height	1:55014013:C:T	0.94267	0.05732999999999999	0.02748	0.0256420834721543	False
height	Height	1:64098405:C:T	0.742	0.258	0.01462	0.0138318783883858	True
height	Height	1:65071217:C:A	0.01607	0.01607	0.05042	0.047793476841302	False
height	Height	1:71973066:A:T	0.98974	0.010260000000000047	0.06332	0.0598038492491373	False
height	Height	1:100675881:T:G	0.9621	0.037900000000000045	0.03338	0.0312258891639251	False
height	Height	1:201722102:C:T	0.1821	0.1821	0.01631	0.0153969582635537	True
height	Height	1:99981190:C:A	0.01973	0.01973	0.0491	0.0464918593038176	False
height	Height	1:118667818:T:G	0.06124	0.06124	0.02665	0.0248052147241809	False
height	Height	1:67444043:G:A	0.8502	0.14980000000000004	0.01762	0.0165943425901014	True
height	Height	1:183913540:C:T	0.2271	0.2271	0.0149	0.0140603747569419	True
height	Height	1:32133737:C:T	0.6423	0.3577	0.013	0.0122530732716261	True
height	Height	1:80912267:G:A	0.9894	0.010600000000000054	0.0621	0.0585326209505655	False
height	Height	1:212728220:C:T	0.98967	0.01032999999999995	0.06378	0.0600883134916631	False
height	Height	1:40363054:G:C	0.8742	0.12580000000000002	0.01863	0.0174901651065906	False
height	Height	1:244544818:G:A	0.4088	0.4088	0.01256	0.0118250522651558	True
height	Height	1:228924335:G:A	0.3949	0.3949	0.01273	0.0119853984834843	True
height	Height	1:203318622:G:A	0.9494	0.05059999999999998	0.02819	0.0261641029606714	True
height	Height	1:54727371:A:C	0.4577	0.4577	0.01236	0.0116248842244245	True
height	Height	1:62496923:G:A	0.725	0.275	0.0138	0.012991829350565	False
height	Height	1:27628545:C:T	0.08607	0.08607	0.02191	0.0204257710439282	False
height	Height	1:223270289:C:T	0.98962	0.010379999999999945	0.06476	0.0609146846945429	False
height	Height	1:10062088:G:A	0.8704	0.12960000000000005	0.01869	0.0175155513181116	False
height	Height	1:184702008:G:A	0.01772	0.01772	0.04629	0.0436287707117675	False
height	Height	1:184836387:G:C	0.03474	0.03474	0.03347	0.0311061351332444	False
height	Height	1:33802817:A:G	0.6459	0.35409999999999997	0.01274	0.0119606433053474	True
height	Height	1:174306035:G:A	0.3281	0.3281	0.01376	0.0129243083315855	False
height	Height	1:16742976:C:T	0.02402	0.02402	0.04101	0.0384533596998657	False
height	Height	1:53755900:C:T	0.09454	0.09454	0.02068	0.0192707576728052	True
height	Height	1:200708025:T:C	0.1969	0.1969	0.01529	0.0143554149605591	True
height	Height	1:160323342:A:C	0.6004	0.39959999999999996	0.01241	0.011638368843938	True
height	Height	1:78861050:T:A	0.02807	0.02807	0.03706	0.0345747485044327	False
height	Height	1:44129495:G:C	0.01115	0.01115	0.0582	0.0546891659746397	False
height	Height	1:170322148:A:G	0.3632	0.3632	0.01251	0.0117301430586307	True
height	Height	1:222771954:C:T	0.93831	0.06169000000000002	0.02543	0.0235101157566654	False
height	Height	1:43773033:A:G	0.3803	0.3803	0.01237	0.0115923600400163	True
height	Height	1:68225671:G:A	0.228	0.228	0.01429	0.0133994905177885	True
height	Height	1:56312992:A:T	0.134	0.134	0.01752	0.0163848253074555	False
height	Height	1:200043726:T:G	0.4936	0.4936	0.01191	0.011144266873143	True
height	Height	1:205620884:A:G	0.733	0.267	0.01362	0.0127585991384366	True
height	Height	1:159103988:A:G	0.548	0.45199999999999996	0.01278	0.0119632874301597	True
height	Height	1:14102908:G:A	0.98298	0.017020000000000035	0.04577	0.0429169795929193	False
height	Height	1:170435934:A:T	0.1511	0.1511	0.01651	0.0154345141592073	True
height	Height	1:42002376:A:T	0.3926	0.3926	0.01209	0.0112971132110902	False
height	Height	1:85676959:A:G	0.6815	0.3185	0.01277	0.0119384920661447	True
height	Height	1:77804242:A:G	0.1654	0.1654	0.01591	0.0148764659653214	True
height	Height	1:31192304:G:T	0.5235	0.47650000000000003	0.01175	0.0109703649260549	True
height	Height	1:101748658:G:T	0.5171	0.4829	0.01177	0.0109895195272435	True
height	Height	1:42691989:T:C	0.01456	0.01456	0.04944	0.0463292219928433	False
height	Height	1:115830631:T:C	0.4616	0.4616	0.01179	0.0110043442121789	True
height	Height	1:217701587:C:T	0.8018	0.19820000000000004	0.01465	0.0136915157714354	True
height	Height	1:199578450:T:A	0.6097	0.3903	0.01199	0.0111864219771696	True
height	Height	1:25622291:G:A	0.4656	0.4656	0.01276	0.0119090957781477	True
height	Height	1:32009993:G:A	0.96332	0.036680000000000046	0.03101	0.0285423267668308	False
height	Height	1:100218188:C:T	0.1441	0.1441	0.01685	0.0157158102002218	True
height	Height	1:240364334:A:G	0.6129	0.3871	0.01197	0.0111611092335225	True
height	Height	1:211546501:T:A	0.8313	0.16869999999999996	0.01553	0.014490539888925	True
height	Height	1:239303768:A:G	0.06566	0.06566	0.02381	0.0219161944584288	True
height	Height	1:208794095:T:C	0.96043	0.039569999999999994	0.03065	0.0281647214030197	False
height	Height	1:85015450:G:A	0.92233	0.07767000000000002	0.02183	0.0201527004461189	False
height	Height	1:153606479:G:A	0.01329	0.01329	0.05277	0.0493426574423412	False
height	Height	1:17045966:A:G	0.05181	0.05181	0.02692	0.024699690608072	False
height	Height	1:204481368:T:C	0.6858	0.31420000000000003	0.01246	0.0116103898652523	True
height	Height	1:226270779:G:A	0.4219	0.4219	0.01175	0.0109423993561623	True
height	Height	1:21687854:A:G	0.4497	0.4497	0.01178	0.0109680317329768	True
height	Height	1:155501548:A:C	0.97119	0.028810000000000002	0.03449	0.0318043296555275	False
height	Height	1:68630937:G:A	0.1589	0.1589	0.01586	0.01477460013787	True
height	Height	1:242034263:A:G	0.03325	0.03325	0.0321	0.029465445527766	False
height	Height	1:154118497:G:A	0.9377	0.06230000000000002	0.02392	0.0219485119010633	True
height	Height	1:170178519:G:C	0.3662	0.3662	0.01199	0.011145560315654	True
height	Height	1:231620441:C:T	0.1367	0.1367	0.01661	0.015439219466933	False
height	Height	1:9652744:C:T	0.2208	0.2208	0.01391	0.0129425583597285	True
height	Height	1:222999493:G:A	0.873	0.127	0.0171	0.0158812341959215	True
height	Height	1:73075932:T:C	0.2393	0.2393	0.01331	0.0123777649346397	True
height	Height	1:180750830:C:G	0.5272	0.4728	0.01143	0.0106150233374507	True
height	Height	1:62189541:T:C	0.2332	0.2332	0.01355	0.0125958950209658	True
height	Height	1:75944043:A:C	0.02512	0.02512	0.03819	0.0352807446098653	False
height	Height	1:38593021:T:A	0.3239	0.3239	0.01213	0.0112607285617559	True
height	Height	1:200247025:T:C	0.7218	0.2782	0.01269	0.011783501999517	True
height	Height	1:162700025:A:C	0.0191	0.0191	0.0417	0.0386384134431833	False
height	Height	1:40641118:C:A	0.1256	0.1256	0.01705	0.015804671992131	False
height	Height	1:115424600:T:C	0.06244	0.06244	0.02345	0.0214759785773541	False
height	Height	1:151367378:C:T	0.8953	0.10470000000000002	0.01844	0.0170499897278623	False
height	Height	1:22578063:T:C	0.7604	0.23960000000000004	0.01319	0.0122412252259793	True
height	Height	1:179251874:G:A	0.98935	0.010650000000000048	0.05595	0.0520078779433749	False
height	Height	1:167224019:T:C	0.94416	0.05584	0.02454	0.0224232665113911	False
height	Height	1:183632579:C:T	0.97171	0.028290000000000037	0.03394	0.0310844642704028	True
height	Height	1:47709126:C:T	0.1953	0.1953	0.01427	0.013233077395834	True
height	Height	1:6858830:G:T	0.1651	0.1651	0.01525	0.0141367036992224	True
height	Height	1:178900490:G:A	0.97226	0.027739999999999987	0.03404	0.0311377979523794	True
height	Height	1:210891379:G:T	0.08889	0.08889	0.0198	0.0182155944311564	True
height	Height	1:85355868:G:A	0.05419	0.05419	0.02537	0.0231123120138206	False
height	Height	1:118242864:A:G	0.3937	0.3937	0.01144	0.0105814253899876	True
height	Height	1:89960166:A:T	0.7743	0.2257	0.01327	0.0122848579220668	True
height	Height	1:89546803:G:A	0.6969	0.30310000000000004	0.01206	0.0111551607065612	True
height	Height	1:104631964:G:A	0.01622	0.01622	0.04479	0.0414271916054625	False
height	Height	1:197806474:G:A	0.5035	0.49650000000000005	0.01108	0.0102346214707228	True
height	Height	1:118529996:T:A	0.9375	0.0625	0.02282	0.0208075277430115	False
height	Height	1:184394630:A:G	0.92143	0.07857000000000003	0.0204	0.0186860072282964	False
height	Height	1:231399928:A:G	0.98731	0.012689999999999979	0.04979	0.04604037508265	False
height	Height	1:226373442:T:C	0.8159	0.18410000000000004	0.01412	0.0130326718861539	True
height	Height	1:30039970:T:C	0.96919	0.030810000000000004	0.03145	0.0285339766483909	False
height	Height	1:179457195:A:T	0.5108	0.48919999999999997	0.01101	0.0101406801557081	True
height	Height	1:205856444:G:C	0.95103	0.04896999999999996	0.02594	0.0234850966921928	False
height	Height	2:56106928:C:T	0.7753	0.2247	0.08347	0.0833328933982505	True
height	Height	2:233094868:C:T	0.03222	0.03222	0.1385	0.138319426323555	False
height	Height	2:25481898:T:C	0.4167	0.4167	0.04496	0.0447935804680725	True
height	Height	2:219929394:C:T	0.98285	0.01715	0.1675	0.167158049189476	False
height	Height	2:33360338:A:G	0.7078	0.2922	0.0431	0.0428945443910234	True
height	Height	2:71562503:T:C	0.4331	0.4331	0.03844	0.038235602366697	True
height	Height	2:20205541:C:T	0.97027	0.029730000000000034	0.1106	0.110236775700757	False
height	Height	2:37995422:A:T	0.5158	0.48419999999999996	0.03761	0.0373765397629664	True
height	Height	2:33487251:G:C	0.93165	0.06835000000000002	0.06924	0.0687401036237644	False
height	Height	2:23896049:A:G	0.7259	0.2741	0.03902	0.0387732834049693	True
height	Height	2:219311515:C:T	0.5698	0.4302	0.03334	0.0330654213083867	True
height	Height	2:88933316:C:T	0.2888	0.2888	0.03567	0.0353862441877459	True
height	Height	2:233211359:G:A	0.6147	0.3853	0.03289	0.0325859440609794	False
height	Height	2:10196577:T:G	0.4365	0.4365	0.03159	0.0312848597284838	True
height	Height	2:225047774:T:A	0.6046	0.3954	0.03178	0.0314704512202862	True
height	Height	2:227368066:C:T	0.98344	0.01656000000000002	0.1239	0.123429331648583	False
height	Height	2:169705104:A:T	0.4672	0.4672	0.03085	0.0305357846855434	True
height	Height	2:232328681:C:T	0.5443	0.4557	0.03077	0.0304502921848859	True
height	Height	2:218283303:T:G	0.685	0.31499999999999995	0.03287	0.0325481513019971	True
height	Height	2:25023444:T:C	0.2194	0.2194	0.03367	0.033279446063073	True
height	Height	2:44393532:A:G	0.1916	0.1916	0.03458	0.0341729530034124	True
height	Height	2:242500662:C:T	0.5445	0.4555	0.02617	0.0257598125063374	True
height	Height	2:97283676:T:C	0.97612	0.023880000000000012	0.08679	0.0857846628378781	False
height	Height	2:55866517:G:C	0.95583	0.04417000000000004	0.06297	0.0621558969848922	False
height	Height	2:121614544:A:G	0.8299	0.17010000000000003	0.03394	0.0334744337625535	True
height	Height	2:36795233:G:A	0.6883	0.3117	0.0274	0.0269529383121975	True
height	Height	2:218604987:C:T	0.07879	0.07879	0.04731	0.046701159073139	False
height	Height	2:219202624:C:T	0.7393	0.26070000000000004	0.02749	0.0269897530012348	True
height	Height	2:216303813:T:C	0.9844	0.015599999999999947	0.09994	0.0988547280388066	False
height	Height	2:233658309:C:T	0.6529	0.34709999999999996	0.02483	0.0243600479967772	True
height	Height	2:225605531:A:G	0.01093	0.01093	0.1155	0.11458316801872	False
height	Height	2:42575820:A:G	0.8871	0.1129	0.03765	0.037099405029585	True
height	Height	2:68437802:A:G	0.91954	0.08045999999999998	0.04337	0.0427856410764254	True
height	Height	2:233450820:T:G	0.3176	0.3176	0.02479	0.0242983275014914	False
height	Height	2:56216090:A:T	0.04881	0.04881	0.05258	0.0517749236742888	False
height	Height	2:172431981:A:G	0.6919	0.30810000000000004	0.0245	0.023983348578324	True
height	Height	2:218146818:G:T	0.7467	0.25329999999999997	0.02529	0.0247335273358127	True
height	Height	2:69330118:A:G	0.1557	0.1557	0.03029	0.0296473752471543	True
height	Height	2:227259964:G:A	0.3028	0.3028	0.02321	0.0226789302143804	True
height	Height	2:71780821:T:C	0.2926	0.2926	0.02313	0.0225840427280974	True
height	Height	2:183700883:C:T	0.107	0.107	0.03343	0.0327106155121729	False
height	Height	2:27730940:T:C	0.607	0.393	0.02081	0.0203215661787987	True
height	Height	2:1645673:C:T	0.06289	0.06289	0.04206	0.0412753298730976	False
height	Height	2:228088:G:A	0.3499	0.3499	0.0213	0.0207910204959475	True
height	Height	2:44889577:A:G	0.6551	0.3449	0.02103	0.0205158649742928	True
height	Height	2:242397292:G:A	0.4187	0.4187	0.02015	0.0196650737552128	True
height	Height	2:241734754:T:C	0.4558	0.4558	0.01987	0.0193932769971872	True
height	Height	2:46909809:G:A	0.1838	0.1838	0.02554	0.0248394617933469	True
height	Height	2:1747897:A:G	0.2747	0.2747	0.02199	0.0214080867408065	True
height	Height	2:105132332:A:G	0.4305	0.4305	0.01933	0.018837512106206	True
height	Height	2:219020482:A:G	0.4819	0.4819	0.01904	0.0185604780236759	True
height	Height	2:106689736:G:A	0.1203	0.1203	0.02951	0.0286649631205043	True
height	Height	2:233332163:C:G	0.95652	0.04347999999999996	0.04731	0.0463041659711332	False
height	Height	2:25276284:G:A	0.8831	0.1169	0.029	0.0281319867797516	False
height	Height	2:65753310:A:G	0.3489	0.3489	0.01958	0.0190537975203122	True
height	Height	2:191660828:G:A	0.8924	0.10760000000000003	0.02979	0.0288942437484851	False
height	Height	2:54500756:T:C	0.7965	0.20350000000000001	0.0229	0.0222033244296108	True
height	Height	2:156604025:T:A	0.1662	0.1662	0.02469	0.0239153603302935	True
height	Height	2:171952307:A:T	0.6458	0.35419999999999996	0.01915	0.0186199694171268	False
height	Height	2:33167976:C:T	0.97411	0.02588999999999997	0.05805	0.0566015274057452	False
height	Height	2:238351347:T:C	0.8485	0.15149999999999997	0.02683	0.0259630687078891	True
height	Height	2:56350306:A:G	0.7013	0.29869999999999997	0.0198	0.019228230376852	True
height	Height	2:25589466:A:G	0.1345	0.1345	0.02636	0.0254913228717759	True
height	Height	2:24650590:T:C	0.02957	0.02957	0.05548	0.054088724850962	True
height	Height	2:161203395:T:C	0.4287	0.4287	0.01794	0.0174398137877566	True
height	Height	2:117241:A:G	0.8709	0.1291	0.02639	0.025491712597089	True
height	Height	2:43630657:C:T	0.3309	0.3309	0.01881	0.0182623778982553	True
height	Height	2:199799713:C:T	0.1779	0.1779	0.02304	0.0222749371802736	True
height	Height	2:200321050:G:A	0.8314	0.16859999999999997	0.02363	0.0228356711605449	True
height	Height	2:232632760:T:C	0.9893	0.010700000000000043	0.08715	0.0848699691349135	False
height	Height	2:54699421:A:C	0.04429	0.04429	0.04256	0.0414520170379396	True
height	Height	2:239635884:G:A	0.3921	0.3921	0.0182	0.0176546958321323	True
height	Height	2:226907069:T:A	0.98996	0.010040000000000049	0.09068	0.0883194248249646	False
height	Height	2:223956410:T:C	0.7832	0.2168	0.02081	0.0201151023171363	True
height	Height	2:217908985:T:C	0.6259	0.3741	0.01763	0.0171007295371937	True
height	Height	2:28608504:C:T	0.5532	0.4468	0.01726	0.0167456110137288	True
height	Height	2:208756352:C:T	0.7244	0.27559999999999996	0.01908	0.0184750140628209	True
height	Height	2:191825063:T:C	0.3626	0.3626	0.01752	0.0169835615285698	False
height	Height	2:103105744:G:A	0.4949	0.4949	0.01689	0.0163785173894348	True
height	Height	2:54134090:G:T	0.90426	0.09574000000000005	0.02856	0.0274794484913834	False
height	Height	2:98333290:T:C	0.8247	0.1753	0.02306	0.0222029852681628	False
height	Height	2:20617424:C:T	0.02008	0.02008	0.06078	0.0589143700016608	False
height	Height	2:128869379:T:G	0.4023	0.4023	0.01709	0.0165579001577302	True
height	Height	2:178635553:G:T	0.2293	0.2293	0.01965	0.0189718923842165	True
height	Height	2:16120506:T:C	0.8918	0.10819999999999996	0.02649	0.0254415189862545	True
height	Height	2:105876744:A:G	0.859	0.14100000000000001	0.02492	0.0239288229388109	True
height	Height	2:174832967:G:T	0.7685	0.23150000000000004	0.01943	0.0187484006598589	True
height	Height	2:36694559:C:T	0.7307	0.2693	0.01853	0.0178999993944102	True
height	Height	2:85820027:A:G	0.3073	0.3073	0.01762	0.0170346251949035	True
height	Height	2:172161662:C:A	0.4121	0.4121	0.01673	0.0161830911666428	False
height	Height	2:69887601:A:G	0.01755	0.01755	0.06147	0.0594537886087861	False
height	Height	2:211065542:G:T	0.5489	0.45109999999999995	0.01609	0.0155598665871236	True
height	Height	2:220297310:G:A	0.0225	0.0225	0.05468	0.05294833899364	False
height	Height	2:129050354:C:T	0.5674	0.4326	0.01621	0.0156734441091496	True
height	Height	2:183223013:T:C	0.4235	0.4235	0.01618	0.015643776241382	True
height	Height	2:161313637:A:T	0.1242	0.1242	0.02431	0.0233015627806029	False
height	Height	2:11320:G:A	0.7186	0.2814	0.01895	0.0182578115886559	False
height	Height	2:160927323:C:A	0.04469	0.04469	0.0389	0.0375791897285809	False
height	Height	2:92305673:C:A	0.98201	0.01798999999999995	0.06552	0.0632239194581091	False
height	Height	2:224862700:C:A	0.08566	0.08566	0.02831	0.0271019016859508	True
height	Height	2:232199478:C:T	0.1504	0.1504	0.02297	0.0220177258273885	False
height	Height	2:219817069:C:T	0.03157	0.03157	0.04552	0.0440738129151018	False
height	Height	2:232441788:C:T	0.6896	0.3104	0.01716	0.0165611970961245	True
height	Height	2:47018590:T:G	0.8285	0.17149999999999999	0.02106	0.0202262342054543	True
height	Height	2:105989716:G:A	0.4002	0.4002	0.01613	0.0155791352708906	True
height	Height	2:70402180:T:A	0.94436	0.05564000000000002	0.03431	0.0329839848769939	False
height	Height	2:55525826:T:A	0.0642	0.0642	0.03346	0.0321369613506477	False
height	Height	2:217567072:A:T	0.05585	0.05585	0.03466	0.0333041381187253	True
height	Height	2:104940237:A:C	0.94101	0.05898999999999999	0.03291	0.0315584859373332	True
height	Height	2:33622448:T:C	0.5652	0.43479999999999996	0.01579	0.0152346448339963	True
height	Height	2:239532941:T:C	0.5194	0.4806	0.01549	0.0149453597312246	True
height	Height	2:134466301:T:C	0.148	0.148	0.02157	0.0206447126426943	True
height	Height	2:46746256:G:A	0.3712	0.3712	0.0158	0.0152258079576416	True
height	Height	2:89860784:G:A	0.9792	0.02080000000000004	0.05516	0.0532196535247387	False
height	Height	2:60297576:C:T	0.8027	0.19730000000000003	0.01924	0.0184661521258301	False
height	Height	2:42215429:C:G	0.7997	0.20030000000000003	0.01915	0.0183802978579042	True
height	Height	2:241980093:C:G	0.02821	0.02821	0.04596	0.0443669452390181	True
height	Height	2:225413703:A:C	0.01754	0.01754	0.05893	0.0567635131252841	False
height	Height	2:223666953:A:G	0.98105	0.018950000000000022	0.05726	0.0551760360588117	False
height	Height	2:189898847:G:A	0.02469	0.02469	0.04827	0.0465423909831601	True
height	Height	2:36583140:G:A	0.03725	0.03725	0.03965	0.0381118575151268	False
height	Height	2:61482261:G:A	0.7186	0.2814	0.01651	0.0158632041835952	True
height	Height	2:113324899:G:T	0.424	0.424	0.0149	0.0143154380934034	False
height	Height	2:111680155:T:C	0.5962	0.40380000000000005	0.01507	0.0144776266107	True
height	Height	2:60755763:G:A	0.1701	0.1701	0.01947	0.0186163833663798	True
height	Height	2:226751994:T:A	0.98901	0.010990000000000055	0.07176	0.0686957514576985	False
height	Height	2:1452112:C:T	0.06404	0.06404	0.02943	0.0279304708221699	False
height	Height	2:45810922:A:G	0.95968	0.04032000000000002	0.03674	0.0351224742963945	True
height	Height	2:199237818:C:T	0.7892	0.2108	0.01757	0.0168107228641415	True
height	Height	2:71952796:T:C	0.308	0.308	0.01547	0.0148182442944721	True
height	Height	2:43140653:T:C	0.6101	0.3899	0.01453	0.0139104622414919	True
height	Height	2:182869208:T:C	0.7834	0.21660000000000001	0.01717	0.016408508957525	True
height	Height	2:72356449:G:T	0.1845	0.1845	0.01856	0.0177020008522049	True
height	Height	2:179564694:G:A	0.0218	0.0218	0.04848	0.0464816423644933	False
height	Height	2:37767862:G:A	0.3763	0.3763	0.01452	0.013889093644776	True
height	Height	2:31792526:G:A	0.2434	0.2434	0.01794	0.0171156784863483	False
height	Height	2:65935393:C:T	0.5323	0.4677	0.01552	0.0148422066885861	True
height	Height	2:114445854:T:A	0.7799	0.22009999999999996	0.0169	0.0161422446609475	True
height	Height	2:47286759:A:C	0.2138	0.2138	0.0171	0.0163292839880874	True
height	Height	2:102960824:A:G	0.2335	0.2335	0.01652	0.0157852534904993	True
height	Height	2:60405491:T:C	0.4573	0.4573	0.01436	0.0137319961320514	True
height	Height	2:44991100:T:C	0.1601	0.1601	0.01909	0.0181701144936146	True
height	Height	2:72810844:T:A	0.01042	0.01042	0.07127	0.067954242427447	False
height	Height	2:55380563:A:T	0.98949	0.01051000000000002	0.0704	0.0671242144993973	False
height	Height	2:203222966:G:A	0.8853	0.11470000000000002	0.02178	0.0206353111403873	True
height	Height	2:200973289:C:A	0.7971	0.20289999999999997	0.01725	0.0164538855209221	True
height	Height	2:172273303:C:T	0.8356	0.1644	0.0188	0.0178911029726832	False
height	Height	2:85364769:A:G	0.91911	0.08089000000000002	0.02563	0.0241849575706328	True
height	Height	2:121506953:T:A	0.1786	0.1786	0.01801	0.0171504583864518	True
height	Height	2:242621939:A:G	0.01545	0.01545	0.05742	0.0548518597500663	False
height	Height	2:218918457:G:T	0.90757	0.09243000000000001	0.02514	0.0237093692290357	False
height	Height	2:38309886:G:A	0.3131	0.3131	0.0154	0.0146971065891186	True
height	Height	2:239374836:A:G	0.5592	0.44079999999999997	0.01388	0.0132448792370747	True
height	Height	2:106790116:G:A	0.3873	0.3873	0.01409	0.0134436436566024	True
height	Height	2:178768683:T:C	0.8841	0.1159	0.02134	0.0201996463898105	True
height	Height	2:6398413:T:A	0.7801	0.21989999999999998	0.01649	0.0157177637455054	True
height	Height	2:149416178:A:G	0.854	0.14600000000000002	0.01957	0.0185716284469331	False
height	Height	2:202345476:C:A	0.0219	0.0219	0.04649	0.0444262268495827	False
height	Height	2:28335923:A:T	0.91238	0.08762000000000003	0.02418	0.0227926227214134	False
height	Height	2:69430696:T:C	0.5559	0.44410000000000005	0.01372	0.0130805845534601	True
height	Height	2:71335872:A:G	0.1312	0.1312	0.02019	0.0191332816802824	True
height	Height	2:31617420:T:A	0.01848	0.01848	0.05059	0.0483337441340695	False
height	Height	2:173519200:A:G	0.9661	0.03390000000000004	0.03815	0.0362567005143018	True
height	Height	2:164448385:T:A	0.863	0.137	0.01968	0.0186562666295525	True
height	Height	2:43011795:C:T	0.8431	0.15690000000000004	0.0187	0.0177503644279578	False
height	Height	2:173709996:A:G	0.98724	0.012759999999999994	0.06515	0.0619800837233927	False
height	Height	2:23684208:T:C	0.6432	0.3568	0.01417	0.013492777209339	True
height	Height	2:27847642:C:G	0.90521	0.09479000000000004	0.02333	0.0219748126973991	True
height	Height	2:218027795:T:C	0.94842	0.05157999999999996	0.03025	0.0284603003543135	False
height	Height	2:100832996:C:T	0.91226	0.08774000000000004	0.02359	0.0221948493832961	False
height	Height	2:74763805:T:C	0.98509	0.014909999999999979	0.05596	0.0533120128089098	False
height	Height	2:20002720:C:A	0.5998	0.4002	0.0138	0.0131230176954138	True
height	Height	2:136268096:G:A	0.95717	0.042830000000000035	0.03273	0.0308261382735224	True
height	Height	2:60122046:G:A	0.5532	0.4468	0.01341	0.0127457214735039	True
height	Height	2:177087624:C:T	0.2368	0.2368	0.01562	0.0148470313816307	True
height	Height	2:109048620:T:C	0.5874	0.41259999999999997	0.01337	0.0126977346635374	True
height	Height	2:239227563:G:A	0.91227	0.08772999999999997	0.02336	0.0219436220523693	True
height	Height	2:176962580:T:C	0.3471	0.3471	0.01377	0.0130716234996822	True
height	Height	2:227650791:G:A	0.94119	0.05881000000000003	0.02876	0.0269480025809404	True
height	Height	2:72067950:A:G	0.03046	0.03046	0.03866	0.0366022414104413	False
height	Height	2:213308776:T:C	0.4169	0.4169	0.01324	0.0125569610912188	True
height	Height	2:238172570:C:T	0.4679	0.4679	0.01305	0.0123743812929538	True
height	Height	2:145345343:A:T	0.5959	0.4041	0.01334	0.0126467228381756	True
height	Height	2:18618605:C:G	0.8572	0.14280000000000004	0.01852	0.0174958324123703	True
height	Height	2:225286383:A:G	0.4147	0.4147	0.01313	0.0124411991791437	True
height	Height	2:43915732:G:A	0.90789	0.09211000000000003	0.0226	0.0211959953533987	False
height	Height	2:166196681:T:A	0.5538	0.44620000000000004	0.01295	0.0122639234783725	True
height	Height	2:48941910:G:A	0.0901999999999999	0.0901999999999999	0.0225	0.0211007329013358	True
height	Height	2:67671731:T:C	0.4572	0.4572	0.01303	0.0123399068542538	True
height	Height	2:38829737:G:A	0.97406	0.025939999999999963	0.04459	0.0423120814318207	False
height	Height	2:33821517:T:G	0.797	0.20299999999999996	0.01607	0.0152145642537533	True
height	Height	2:157040231:C:T	0.94218	0.05781999999999998	0.02813	0.0262723406248579	True
height	Height	2:25932739:A:G	0.4116	0.4116	0.01333	0.0126159655932969	True
height	Height	2:191956525:G:A	0.91505	0.08494999999999997	0.02342	0.0219138220791718	False
height	Height	2:164579354:T:C	0.6765	0.3235	0.01366	0.0129269409542267	False
height	Height	2:70111711:C:A	0.559	0.44099999999999995	0.01288	0.0121808650040847	True
height	Height	2:156711390:T:C	0.03783	0.03783	0.03341	0.0313096428341434	False
height	Height	2:58222928:T:C	0.619	0.381	0.01312	0.0124064317999769	True
height	Height	2:239965444:C:T	0.8427	0.1573	0.01761	0.016620970183724	False
height	Height	2:188109793:A:C	0.1393	0.1393	0.01837	0.017313859804915	False
height	Height	2:199485505:T:G	0.2577	0.2577	0.01451	0.0137229249368604	True
height	Height	2:224073924:T:G	0.5649	0.43510000000000004	0.01281	0.0121023069135455	True
height	Height	2:68330834:C:T	0.5721	0.42789999999999995	0.01281	0.0121015180809572	True
height	Height	2:54386901:A:G	0.5013	0.49870000000000003	0.0128	0.0120931030045157	True
height	Height	2:187627567:G:A	0.90252	0.09748000000000001	0.0214	0.0200541325731624	True
height	Height	2:73148189:C:T	0.01176	0.01176	0.06217	0.0587519247868487	False
height	Height	2:66045064:G:A	0.1515	0.1515	0.0177	0.0166893811173471	True
height	Height	2:12520854:C:T	0.7371	0.2629	0.01448	0.0136852794533137	True
height	Height	2:148763610:G:A	0.12	0.12	0.01953	0.0183560296664217	False
height	Height	2:157214386:A:G	0.2128	0.2128	0.0155	0.0146464636890998	True
height	Height	2:209645956:G:C	0.8139	0.18610000000000004	0.01619	0.0152885512902731	True
height	Height	2:37890661:G:A	0.98903	0.010970000000000035	0.06206	0.0586067179713948	True
height	Height	2:44042787:G:A	0.04315	0.04315	0.03133	0.0292283346808746	False
height	Height	2:159119741:T:A	0.01456	0.01456	0.05421	0.0512755971353174	False
height	Height	2:58883506:A:T	0.05781	0.05781	0.02717	0.0252735530364965	True
height	Height	2:12410844:G:T	0.4672	0.4672	0.01252	0.0117996107711109	True
height	Height	2:45115052:G:A	0.5465	0.4535	0.01264	0.0119123933807195	True
height	Height	2:39062876:C:T	0.1073	0.1073	0.02023	0.0189392591297796	True
height	Height	2:220432957:G:A	0.95252	0.04747999999999997	0.02911	0.0270426705839026	False
height	Height	2:27952767:G:C	0.2335	0.2335	0.01464	0.013798798088989	True
height	Height	2:202918232:C:T	0.8035	0.1965	0.01558	0.0146741461689694	True
height	Height	2:180553494:G:T	0.6945	0.3055	0.01342	0.0126354252390309	True
height	Height	2:228382022:A:G	0.3513	0.3513	0.01291	0.0121491619060528	True
height	Height	2:43421461:T:C	0.4842	0.4842	0.0124	0.0116583513522087	True
height	Height	2:222710493:C:T	0.8207	0.17930000000000001	0.01659	0.015598124970888	True
height	Height	2:111877104:C:T	0.4858	0.4858	0.01232	0.0115815597981736	True
height	Height	2:123058365:C:T	0.1149	0.1149	0.01922	0.0179967508239917	True
height	Height	2:12174761:G:A	0.94654	0.05345999999999995	0.02772	0.0256888473226284	False
height	Height	2:26220710:C:T	0.93151	0.06849000000000005	0.02419	0.0224540912337745	False
height	Height	2:55136973:G:A	0.90738	0.09262000000000004	0.02097	0.0195362336808108	True
height	Height	2:20861074:C:T	0.01349	0.01349	0.05507	0.0518257388757379	False
height	Height	2:165466449:T:G	0.3773	0.3773	0.01248	0.0117051447896762	True
height	Height	2:111494013:G:A	0.7861	0.21389999999999998	0.0149	0.0139897742053337	True
height	Height	2:102687105:G:A	0.91155	0.08845000000000003	0.02201	0.0204442397769191	False
height	Height	2:69140137:T:C	0.8687	0.13129999999999997	0.01811	0.0169351123257849	True
height	Height	2:74124964:A:G	0.2061	0.2061	0.01485	0.0139290146888107	True
height	Height	2:234082320:G:A	0.02142	0.02142	0.04217	0.0395173133543277	False
height	Height	2:101310912:G:A	0.5037	0.49629999999999996	0.01196	0.0111951788810924	True
height	Height	2:146776478:C:T	0.98778	0.012220000000000009	0.055	0.0516564948250545	False
height	Height	2:36928934:G:A	0.94924	0.05076000000000003	0.02699	0.0249024275061528	False
height	Height	2:105311962:T:C	0.6143	0.38570000000000004	0.01222	0.0114360393479918	True
height	Height	2:105452576:C:T	0.1557	0.1557	0.01641	0.0153613300882797	True
height	Height	2:5830599:C:A	0.8261	0.17390000000000005	0.01566	0.0146680117928528	True
height	Height	2:48668290:C:T	0.05397	0.05397	0.0263	0.0242575846993484	True
height	Height	2:203904273:C:T	0.07589	0.07589	0.02469	0.0227999113886874	True
height	Height	2:170629766:A:C	0.1136	0.1136	0.01873	0.017459129203056	True
height	Height	2:46179053:A:C	0.8004	0.1996	0.01487	0.0139174977994864	True
height	Height	2:85670488:T:C	0.4802	0.4802	0.01188	0.0111005194488771	True
height	Height	2:32967745:G:T	0.4056	0.4056	0.012	0.0112086376352293	True
height	Height	2:120517384:G:T	0.97793	0.022070000000000034	0.04131	0.0385532372275388	False
height	Height	2:74920937:T:C	0.01932	0.01932	0.04257	0.0397517068873292	False
height	Height	2:620297:A:G	0.8577	0.14229999999999998	0.01683	0.0157071426053783	True
height	Height	2:184045550:A:G	0.03095	0.03095	0.03372	0.0311468583924797	False
height	Height	2:25757389:C:T	0.03852	0.03852	0.03123	0.0287607260087372	False
height	Height	2:134606039:G:A	0.4747	0.4747	0.01182	0.0110248106414587	True
height	Height	2:226531569:C:G	0.7745	0.22550000000000003	0.01484	0.0138600631842504	False
height	Height	2:66149604:C:T	0.92234	0.07765999999999995	0.02177	0.0201205326813538	False
height	Height	2:240448525:A:G	0.06113	0.06113	0.02437	0.0224283129737894	True
height	Height	2:11312224:C:T	0.439	0.439	0.01176	0.0109629692558311	True
height	Height	2:156898620:G:A	0.8409	0.15910000000000002	0.01601	0.0149371869287634	True
height	Height	2:174285030:G:A	0.3116	0.3116	0.01311	0.0122232074211142	False
height	Height	2:204034278:T:A	0.97962	0.020379999999999954	0.04152	0.038643545476883	False
height	Height	2:72180763:C:T	0.7064	0.29359999999999997	0.01269	0.0118244920785904	True
height	Height	2:128607895:T:C	0.01315	0.01315	0.05126	0.0478491148835055	False
height	Height	2:127937435:T:C	0.9767	0.023299999999999987	0.03792	0.0350683722492161	False
height	Height	2:86800506:G:A	0.6098	0.3902	0.01179	0.0109593373968156	False
height	Height	2:169156000:G:A	0.1482	0.1482	0.01608	0.0149516636848707	True
height	Height	2:119410052:T:C	0.7422	0.25780000000000003	0.01303	0.0121145692027695	True
height	Height	2:197983954:T:A	0.98934	0.010660000000000003	0.05556	0.0517614526472678	False
height	Height	2:179260653:A:G	0.6565	0.3435	0.01197	0.0111182523433678	True
height	Height	2:241304985:A:G	0.8064	0.1936	0.01456	0.0135291996856408	True
height	Height	2:209538685:A:G	0.9886	0.011399999999999966	0.05459	0.0507841493751319	False
height	Height	2:38596674:C:T	0.97842	0.021580000000000044	0.04106	0.0379912481630501	False
height	Height	2:46535924:C:A	0.4035	0.4035	0.01146	0.0106206743893677	True
height	Height	2:172566634:C:T	0.6655	0.3345	0.0122	0.0113080746952496	False
height	Height	2:212676106:C:A	0.5124	0.48760000000000003	0.01132	0.0104870360970015	True
height	Height	2:157469992:T:C	0.7008	0.2992	0.01224	0.0113427345705717	True
height	Height	2:218497672:C:T	0.9043	0.09570000000000001	0.01901	0.0175404066492485	True
height	Height	2:105578331:G:A	0.6291	0.3709	0.01163	0.0107698887947352	True
height	Height	2:97154794:T:A	0.6368	0.36319999999999997	0.01225	0.0113472068543525	False
height	Height	2:134035868:A:G	0.3395	0.3395	0.01179	0.0109072510642931	True
height	Height	2:209302328:C:A	0.9766	0.023399999999999976	0.0366	0.0335570849436678	False
height	Height	2:26099522:G:C	0.94485	0.05515000000000003	0.0242	0.0220475778807886	False
height	Height	2:66293906:C:G	0.1175	0.1175	0.01722	0.0158945103640861	True
height	Height	2:42094222:A:G	0.6055	0.39449999999999996	0.0114	0.01052841728831	True
height	Height	2:47460760:T:A	0.1848	0.1848	0.01449	0.0133994620054007	True
height	Height	2:48344097:G:A	0.1416	0.1416	0.0158	0.0145932692808662	True
height	Height	2:70532424:A:G	0.6725	0.3275	0.01171	0.0108063132446834	True
height	Height	2:221330432:C:T	0.1084	0.1084	0.01772	0.0163176674297761	False
height	Height	2:12967289:T:C	0.03133	0.03133	0.03132	0.0284376126189505	False
height	Height	2:172808729:C:G	0.93343	0.06657000000000002	0.02212	0.0201762395199585	False
height	Height	2:155575912:C:T	0.02652	0.02652	0.03449	0.0314066392592039	False
height	Height	2:6000539:T:A	0.4774	0.4774	0.01094	0.0100821317659967	True
height	Height	2:236514769:A:G	0.5794	0.4206	0.01137	0.010476811225337	True
height	Height	2:120745021:A:C	0.3599	0.3599	0.01135	0.0104558468654251	False
height	Height	2:61165366:C:T	0.90999	0.09001000000000003	0.01903	0.017446599943008	True
height	Height	3:141121814:A:C	0.4473	0.4473	0.08801	0.0879247639515633	True
height	Height	3:185548663:G:A	0.1283	0.1283	0.07097	0.0706859889898762	True
height	Height	3:171969077:C:G	0.5049	0.4951	0.04351	0.0433437109056145	True
height	Height	3:128992047:G:A	0.7779	0.22209999999999996	0.04865	0.0484288843455523	True
height	Height	3:172126421:G:A	0.4687	0.4687	0.03976	0.039568492853312	True
height	Height	3:72397279:A:G	0.5928	0.4072	0.0369	0.0366721268017611	True
height	Height	3:9975386:C:G	0.7957	0.20430000000000004	0.04576	0.0454965072873198	True
height	Height	3:53103155:C:T	0.4438	0.4438	0.03321	0.0329370921345623	True
height	Height	3:13562575:C:G	0.1037	0.1037	0.05432	0.0539261543863111	False
height	Height	3:61557718:A:G	0.5547	0.44530000000000003	0.03183	0.0315313330335279	True
height	Height	3:187443314:G:A	0.07118	0.07118	0.06035	0.0598255705715268	True
height	Height	3:56686329:T:C	0.6436	0.35640000000000005	0.03058	0.0302314881148067	True
height	Height	3:135948395:T:A	0.7586	0.24139999999999995	0.03119	0.0307663130789722	False
height	Height	3:134304913:A:T	0.6745	0.3255	0.02805	0.0276284776864741	True
height	Height	3:47314496:A:G	0.7581	0.2419	0.03146	0.0310220045950893	False
height	Height	3:158111936:T:C	0.4156	0.4156	0.02523	0.0247986544126946	True
height	Height	3:52995166:A:G	0.1008	0.1008	0.04041	0.0398849618120333	True
height	Height	3:67426281:T:C	0.8866	0.11339999999999995	0.03822	0.0376986378443849	True
height	Height	3:48723459:G:T	0.06514	0.06514	0.04949	0.0488407180128182	False
height	Height	3:33535519:C:T	0.02777	0.02777	0.07304	0.071915783896272	False
height	Height	3:58008093:T:C	0.3607	0.3607	0.02478	0.0243155809121832	True
height	Height	3:114553234:C:A	0.0586	0.0586	0.0505	0.0498168184872813	True
height	Height	3:46933960:C:G	0.4188	0.4188	0.0238	0.0233497187169609	True
height	Height	3:49312248:C:T	0.04411	0.04411	0.05587	0.0550068276806772	False
height	Height	3:33289630:A:G	0.0114	0.0114	0.1113	0.110260908362351	False
height	Height	3:49000626:A:G	0.7667	0.23329999999999995	0.02662	0.0260650155389582	True
height	Height	3:51468766:C:G	0.02328	0.02328	0.07525	0.0739466373844764	False
height	Height	3:14400650:G:A	0.8	0.19999999999999996	0.02764	0.0270356631352976	True
height	Height	3:33408869:C:T	0.01087	0.01087	0.1086	0.107380581224347	False
height	Height	3:185659252:G:A	0.4276	0.4276	0.0218	0.0213235685232505	True
height	Height	3:48171453:G:T	0.01251	0.01251	0.0987	0.0972711066896435	False
height	Height	3:156886622:C:A	0.7497	0.25029999999999997	0.02362	0.0230292417056357	True
height	Height	3:133903799:T:C	0.521	0.479	0.02041	0.0199398571112108	True
height	Height	3:129293146:C:T	0.03455	0.03455	0.05657	0.0554351762919117	False
height	Height	3:48525955:T:A	0.3415	0.3415	0.02123	0.0207085785444164	True
height	Height	3:55517047:A:G	0.519	0.481	0.01999	0.0195179603528888	True
height	Height	3:38019428:C:T	0.2493	0.2493	0.02321	0.0226068520991335	True
height	Height	3:52848207:C:T	0.1174	0.1174	0.03136	0.0305732668485487	True
height	Height	3:41258048:A:G	0.4929	0.4929	0.0198	0.0193256839092222	True
height	Height	3:33189405:T:G	0.7534	0.24660000000000004	0.02246	0.021846158207496	False
height	Height	3:47994149:A:T	0.93305	0.06694999999999995	0.03875	0.0378797584109099	False
height	Height	3:169238015:T:C	0.4085	0.4085	0.01951	0.0190139708154941	True
height	Height	3:13809901:C:T	0.3156	0.3156	0.02047	0.0199100506919849	True
height	Height	3:156382492:G:A	0.9568	0.043200000000000016	0.04622	0.0452033945121385	True
height	Height	3:46630759:C:T	0.08268	0.08268	0.03357	0.0326316824500595	True
height	Height	3:11652842:T:C	0.9524	0.047599999999999976	0.04301	0.0420094817912203	True
height	Height	3:169096267:A:G	0.3905	0.3905	0.0189	0.0183810091761291	False
height	Height	3:188302851:T:C	0.359	0.359	0.01925	0.0187136399611602	True
height	Height	3:12649576:A:G	0.5549	0.44510000000000005	0.01783	0.0173325320511277	True
height	Height	3:49970310:G:A	0.8788	0.12119999999999997	0.02695	0.0260119314959985	False
height	Height	3:146980646:T:C	0.5044	0.49560000000000004	0.01751	0.0170132864291524	True
height	Height	3:99299413:G:A	0.3672	0.3672	0.0182	0.017671754935681	True
height	Height	3:25393860:A:G	0.2377	0.2377	0.02011	0.0194565044115898	True
height	Height	3:128811299:G:C	0.0695	0.0695	0.03398	0.0328785289817965	False
height	Height	3:24143218:G:C	0.7971	0.20289999999999997	0.02104	0.0203174399380588	True
height	Height	3:46746022:G:A	0.158	0.158	0.02357	0.0227061881567586	False
height	Height	3:37731760:C:T	0.6074	0.39259999999999995	0.01727	0.0167428581366051	True
height	Height	3:72528247:G:A	0.102	0.102	0.02921	0.0281202533507199	False
height	Height	3:47205109:C:A	0.01431	0.01431	0.06948	0.0672212343041999	False
height	Height	3:43083396:C:G	0.8299	0.17010000000000003	0.02199	0.021175530091631	True
height	Height	3:98896242:G:A	0.7772	0.2228	0.02058	0.0198376415897632	False
height	Height	3:188022311:C:T	0.2871	0.2871	0.01817	0.0175580288353215	True
height	Height	3:187543958:G:T	0.09918	0.09918	0.02707	0.025953486841607	True
height	Height	3:45636213:C:G	0.4129	0.4129	0.01642	0.0158820679914698	True
height	Height	3:12858028:T:C	0.4114	0.4114	0.01618	0.015639198928746	True
height	Height	3:123027886:C:T	0.1984	0.1984	0.01981	0.0190574177099781	True
height	Height	3:184020542:G:T	0.8382	0.16180000000000005	0.02143	0.0205727101922716	True
height	Height	3:73092941:T:G	0.5136	0.48640000000000005	0.01572	0.0151835553217127	True
height	Height	3:47675307:C:T	0.05865	0.05865	0.0356	0.0342386221218781	False
height	Height	3:14207525:C:T	0.97983	0.02017000000000002	0.05537	0.0534871547387536	False
height	Height	3:50891886:G:A	0.1269	0.1269	0.02326	0.0222517300044386	False
height	Height	3:56195682:G:A	0.1785	0.1785	0.02021	0.0193953893935778	True
height	Height	3:4757187:G:A	0.1574	0.1574	0.02105	0.0201639591066567	True
height	Height	3:187770606:T:C	0.2385	0.2385	0.01797	0.0172800877282892	True
height	Height	3:98679802:C:G	0.1336	0.1336	0.02219	0.0212016588847862	True
height	Height	3:61993704:G:T	0.6394	0.36060000000000003	0.01563	0.0150350228390724	True
height	Height	3:112826681:C:T	0.3661	0.3661	0.01555	0.0149551219246275	True
height	Height	3:14965507:A:G	0.0812	0.0812	0.02739	0.0260546331272112	False
height	Height	3:183537698:C:A	0.4885	0.4885	0.01497	0.0143954698814931	True
height	Height	3:142604476:G:A	0.6227	0.37729999999999997	0.01524	0.0146503904202853	True
height	Height	3:157126456:A:T	0.95874	0.04125999999999996	0.03759	0.0360444793621802	False
height	Height	3:62127944:G:A	0.0952	0.0952	0.0249	0.0236557020677712	True
height	Height	3:128199662:G:A	0.2597	0.2597	0.01673	0.0160492786304989	True
height	Height	3:168899725:G:C	0.04616	0.04616	0.03478	0.0331990939748951	True
height	Height	3:140961654:A:G	0.02111	0.02111	0.05027	0.0483361139140673	False
height	Height	3:155880570:G:C	0.9653	0.03469999999999995	0.03936	0.0377101658593297	False
height	Height	3:46457212:A:G	0.01044	0.01044	0.07324	0.0700854721544819	False
height	Height	3:99095896:C:T	0.3098	0.3098	0.01551	0.014865292950392	True
height	Height	3:87842935:C:T	0.7092	0.29079999999999995	0.01576	0.0150974184649283	True
height	Height	3:37886102:A:T	0.02459	0.02459	0.04611	0.0442501261502229	False
height	Height	3:145810408:G:A	0.4527	0.4527	0.01422	0.0136168798759649	True
height	Height	3:128426262:A:G	0.7996	0.20040000000000002	0.01782	0.0169836218292133	True
height	Height	3:61415119:C:T	0.4581	0.4581	0.01389	0.013268082342882	True
height	Height	3:190851583:G:A	0.1419	0.1419	0.01994	0.018941500220304	True
height	Height	3:53493945:T:C	0.018	0.018	0.0533	0.0509570290591657	False
height	Height	3:114199650:T:C	0.6516	0.34840000000000004	0.0144	0.0137402080401697	False
height	Height	3:152187279:T:G	0.657	0.34299999999999997	0.01441	0.013747257871235	True
height	Height	3:147870352:G:A	0.8032	0.19679999999999997	0.01738	0.0165459341736406	False
height	Height	3:189809163:C:A	0.3732	0.3732	0.014	0.0133453044193249	True
height	Height	3:36979260:T:C	0.4359	0.4359	0.01367	0.013028113701898	True
height	Height	3:56367190:T:C	0.6077	0.3923	0.01387	0.0132157535080298	True
height	Height	3:30074874:A:G	0.5493	0.4507	0.01354	0.0128925422147763	True
height	Height	3:141752804:T:C	0.3311	0.3311	0.01429	0.0136050032059273	True
height	Height	3:141596037:C:T	0.01599	0.01599	0.05737	0.0546564780737809	False
height	Height	3:32980093:T:G	0.01132	0.01132	0.06627	0.0629820122883969	True
height	Height	3:170094321:G:A	0.01228	0.01228	0.06259	0.0595192311871077	False
height	Height	3:23161678:T:C	0.1585	0.1585	0.01829	0.0173474112871228	True
height	Height	3:32870474:C:A	0.01037	0.01037	0.06917	0.0656771730573248	False
height	Height	3:185107017:G:C	0.9608	0.03920000000000001	0.03457	0.0326444052487465	False
height	Height	3:184843418:T:C	0.01387	0.01387	0.058	0.055184606141506	False
height	Height	3:194821377:C:T	0.8375	0.16249999999999998	0.018	0.0170638460247273	True
height	Height	3:135542615:C:A	0.98625	0.01375000000000004	0.06071	0.057675349365945	False
height	Height	3:55039088:G:C	0.8679	0.1321	0.01943	0.0183561222419767	True
height	Height	3:133797669:A:G	0.1387	0.1387	0.01893	0.017895179521487	True
height	Height	3:98324003:C:G	0.01134	0.01134	0.06286	0.0596369823152705	False
height	Height	3:187873313:T:C	0.4172	0.4172	0.01328	0.0125990895344466	True
height	Height	3:63841942:T:C	0.8271	0.17290000000000005	0.01726	0.0163485666600078	True
height	Height	3:58150433:C:T	0.2479	0.2479	0.0151	0.0143213104107142	True
height	Height	3:124592700:A:G	0.3946	0.3946	0.01326	0.0125646957004746	True
height	Height	3:40083929:G:A	0.6146	0.38539999999999996	0.01324	0.0125378309961205	True
height	Height	3:123130684:C:T	0.7258	0.2742	0.01442	0.0136610413928435	False
height	Height	3:142896865:C:T	0.1004	0.1004	0.02197	0.0206113587186736	True
height	Height	3:172430691:C:T	0.03309	0.03309	0.03737	0.035234532979263	False
height	Height	3:98515569:C:T	0.6586	0.34140000000000004	0.0135	0.0127768875900453	True
height	Height	3:171763582:C:A	0.3919	0.3919	0.01408	0.0133291433471467	False
height	Height	3:187225252:T:C	0.8345	0.16549999999999998	0.01721	0.0162637328141633	True
height	Height	3:157327565:T:C	0.3224	0.3224	0.01369	0.0129568157428323	True
height	Height	3:197134483:C:T	0.4806	0.4806	0.01279	0.0120979950008036	True
height	Height	3:33085878:G:A	0.8732	0.12680000000000002	0.01911	0.0179861073099119	False
height	Height	3:191140255:A:T	0.2986	0.2986	0.01394	0.0131797710020396	True
height	Height	3:181419460:A:G	0.1445	0.1445	0.01806	0.0170256682253011	False
height	Height	3:182961805:G:A	0.2447	0.2447	0.01486	0.0140424645163395	True
height	Height	3:105283024:A:G	0.8607	0.13929999999999998	0.01819	0.0171312589127319	True
height	Height	3:178812962:C:T	0.92866	0.07133999999999996	0.0243	0.0226374638434105	False
height	Height	3:4910072:C:G	0.03296	0.03296	0.03683	0.0345585485424026	False
height	Height	3:117583647:T:A	0.4997	0.4997	0.01241	0.0116847113156603	True
height	Height	3:124446077:T:C	0.1317	0.1317	0.01827	0.0171586544738251	True
height	Height	3:57878538:T:C	0.8619	0.1381	0.01988	0.0186133799559461	False
height	Height	3:24261071:C:T	0.06469	0.06469	0.02523	0.02342815535056	True
height	Height	3:51581509:A:G	0.6441	0.3559	0.01293	0.012169178086434	True
height	Height	3:106805746:C:G	0.01929	0.01929	0.04567	0.0430790533629967	False
height	Height	3:27363937:T:A	0.2868	0.2868	0.01362	0.0128228774243332	True
height	Height	3:147292393:G:A	0.5568	0.44320000000000004	0.01236	0.0116240640214583	True
height	Height	3:70165698:C:T	0.01494	0.01494	0.05432	0.0512252612109853	False
height	Height	3:71134326:C:T	0.7862	0.2138	0.01496	0.0140737236017854	True
height	Height	3:24412690:G:A	0.3716	0.3716	0.01287	0.0120958816163173	True
height	Height	3:119120382:G:A	0.7893	0.2107	0.01494	0.0140488895386106	True
height	Height	3:140644:C:G	0.1617	0.1617	0.01665	0.0156398273469093	False
height	Height	3:57076039:G:A	0.2411	0.2411	0.01428	0.0134286546260011	False
height	Height	3:52018507:G:T	0.8572	0.14280000000000004	0.01786	0.016743281196841	True
height	Height	3:55406255:A:G	0.28	0.28	0.01352	0.0127029552085346	True
height	Height	3:120131762:G:T	0.3878	0.3878	0.01244	0.0116768280608168	True
height	Height	3:72264780:C:T	0.96738	0.03261999999999998	0.03393	0.0315327031794139	False
height	Height	3:32744639:A:G	0.7211	0.27890000000000004	0.01396	0.0131036932879277	True
height	Height	3:146846816:G:A	0.98379	0.016209999999999947	0.04862	0.0457278014016865	False
height	Height	3:156005200:G:A	0.7717	0.22829999999999995	0.01443	0.0135398356951724	True
height	Height	3:177435119:T:C	0.4168	0.4168	0.01264	0.0118477362481132	False
height	Height	3:88130592:T:A	0.5183	0.4817	0.01201	0.0112409952163553	True
height	Height	3:154039385:G:C	0.7422	0.25780000000000003	0.01358	0.0127194179365359	True
height	Height	3:8553238:G:A	0.5272	0.4728	0.01197	0.0111966652477979	True
height	Height	3:194650489:C:T	0.4096	0.4096	0.0122	0.0114116996447665	True
height	Height	3:185827955:G:A	0.96177	0.038229999999999986	0.03121	0.0288110806066243	False
height	Height	3:55837892:G:C	0.97884	0.021159999999999957	0.04154	0.0388226986875546	False
height	Height	3:188540826:A:G	0.2308	0.2308	0.01397	0.0130650782916313	True
height	Height	3:53205106:G:A	0.1433	0.1433	0.01664	0.0155276800544711	True
height	Height	3:169408730:G:A	0.01664	0.01664	0.0481	0.0450227925676044	False
height	Height	3:133341988:T:C	0.6807	0.31930000000000003	0.01248	0.0116402698706828	True
height	Height	3:148940018:A:G	0.9343	0.06569999999999998	0.02362	0.0217505654687129	True
height	Height	3:146342762:G:A	0.98424	0.015759999999999996	0.04639	0.0433293635159094	False
height	Height	3:12962914:G:A	0.8477	0.1523	0.01603	0.0149367689000258	True
height	Height	3:150052600:G:T	0.809	0.19099999999999995	0.01464	0.0136343088053558	True
height	Height	3:124866426:G:C	0.6384	0.36160000000000003	0.01207	0.0112267618540737	True
height	Height	3:71469845:A:G	0.5614	0.4386	0.0116	0.0107851005460092	True
height	Height	3:180118420:C:T	0.01089	0.01089	0.0586	0.05460614189843	False
height	Height	3:142332110:A:G	0.1322	0.1322	0.01684	0.0156467745881225	True
height	Height	3:13695304:C:T	0.4903	0.4903	0.01143	0.0106177044780506	True
height	Height	3:152927691:C:T	0.93875	0.06125000000000003	0.02374	0.0217783999224308	True
height	Height	3:154207393:G:A	0.1277	0.1277	0.01712	0.0158950896584861	False
height	Height	3:15084880:T:A	0.253	0.253	0.01305	0.0121254624719386	False
height	Height	3:71939885:G:A	0.166	0.166	0.01533	0.0142449412283294	True
height	Height	3:66776332:A:G	0.5802	0.41979999999999995	0.01162	0.0107826754984353	True
height	Height	3:65184412:A:G	0.1729	0.1729	0.01507	0.0140013946267866	False
height	Height	3:190728423:T:C	0.98155	0.018449999999999966	0.04508	0.0418926660131633	True
height	Height	3:2826834:G:T	0.3662	0.3662	0.01261	0.0117048372556591	False
height	Height	3:188179639:A:T	0.5845	0.4155	0.01143	0.0105970162874662	True
height	Height	3:53313400:C:T	0.97333	0.02666999999999997	0.03616	0.0332578777299002	True
height	Height	3:177230649:T:A	0.3021	0.3021	0.0122	0.0113034315515328	True
height	Height	3:56931719:C:T	0.01296	0.01296	0.05191	0.0482391345508694	False
height	Height	3:70929100:G:T	0.91827	0.08172999999999997	0.02072	0.0190442833028031	True
height	Height	3:29547401:T:C	0.01993	0.01993	0.0403	0.0372086774629738	False
height	Height	3:196046830:A:G	0.09931	0.09931	0.01875	0.0173004052476859	False
height	Height	3:134525738:G:T	0.01267	0.01267	0.05176	0.0480686750902597	False
height	Height	3:25034135:A:G	0.3019	0.3019	0.01224	0.0113296622305765	True
height	Height	3:88455314:T:C	0.9735	0.026499999999999968	0.03558	0.0325779783930963	False
height	Height	3:13931695:G:A	0.01093	0.01093	0.05566	0.0516026957920544	False
height	Height	3:158451349:G:A	0.04355	0.04355	0.02791	0.0253654221257588	False
height	Height	3:116951755:A:G	0.0673	0.0673	0.0221	0.020201675296289	True
height	Height	3:95694329:C:T	0.364	0.364	0.01149	0.0106138709035798	True
height	Height	3:141481790:G:A	0.1023	0.1023	0.01824	0.016800478463463	True
height	Height	3:112933283:C:T	0.09391	0.09391	0.0189	0.017385994323199	False
height	Height	3:149374873:G:T	0.93258	0.06742000000000004	0.02258	0.0206059246718491	True
height	Height	3:148630929:A:G	0.4927	0.4927	0.01099	0.0101402901588625	True
height	Height	3:174770336:C:A	0.8902	0.10980000000000001	0.01762	0.016233264840059	True
height	Height	3:53641581:C:T	0.3016	0.3016	0.01209	0.0111578847899074	True
height	Height	3:184634146:G:T	0.05804	0.05804	0.02328	0.021181853907474	True
height	Height	3:45273331:A:G	0.04441	0.04441	0.02641	0.0239344999814527	True
height	Height	3:99924002:G:A	0.1376	0.1376	0.01588	0.0146395094709587	True
height	Height	3:169923523:G:A	0.90927	0.09072999999999998	0.01931	0.0176983666303983	False
height	Height	3:58507486:A:T	0.3828	0.3828	0.01135	0.0104501592093374	True
height	Height	4:145568352:T:C	0.831	0.16900000000000004	0.08489	0.0847260924950265	True
height	Height	4:17957688:T:A	0.8428	0.1572	0.08578	0.0856107690943632	True
height	Height	4:82165790:T:C	0.3058	0.3058	0.05501	0.0548406118366469	True
height	Height	4:146174823:C:A	0.3276	0.3276	0.03839	0.0381565316003157	False
height	Height	4:73515313:T:C	0.4741	0.4741	0.03465	0.0344031409984082	True
height	Height	4:18111537:A:T	0.8834	0.11660000000000004	0.04971	0.0493341889543479	False
height	Height	4:8608634:C:T	0.5807	0.4193	0.03135	0.0310341221060875	True
height	Height	4:106106353:C:A	0.4844	0.4844	0.03031	0.0299850685576579	True
height	Height	4:12963574:G:A	0.5499	0.45009999999999994	0.02926	0.0289096671117809	True
height	Height	4:122722368:G:A	0.3191	0.3191	0.03104	0.0306819526213723	True
height	Height	4:1806519:C:T	0.8859	0.11409999999999998	0.0456	0.0451789143872459	False
height	Height	4:3443931:A:G	0.6175	0.38249999999999995	0.02858	0.0281932525469222	True
height	Height	4:57770106:G:A	0.183	0.183	0.03554	0.0351417545838589	True
height	Height	4:81476986:C:T	0.01748	0.01748	0.1042	0.103417855708556	False
height	Height	4:145432894:T:C	0.674	0.32599999999999996	0.02831	0.027892672356258	True
height	Height	4:48498290:T:C	0.503	0.497	0.02476	0.0243336338210521	True
height	Height	4:184215675:A:G	0.7594	0.24060000000000004	0.02885	0.0283638923969002	True
height	Height	4:12775951:C:G	0.05028	0.05028	0.05656	0.0558070467084516	False
height	Height	4:109456614:A:G	0.3703	0.3703	0.02549	0.0250442657149433	True
height	Height	4:1983556:A:G	0.97827	0.021730000000000027	0.08268	0.0815130808506031	False
height	Height	4:88557753:A:G	0.4797	0.4797	0.02413	0.023687960640046	True
height	Height	4:13196064:C:A	0.2763	0.2763	0.02652	0.0260220272524937	True
height	Height	4:144426747:G:A	0.2019	0.2019	0.02927	0.0287273910431284	True
height	Height	4:1694809:T:C	0.3355	0.3355	0.02465	0.0241708258690203	False
height	Height	4:103188709:C:T	0.92542	0.07457999999999998	0.04419	0.0435765989609758	False
height	Height	4:13538956:A:G	0.1976	0.1976	0.02862	0.0280448936004608	True
height	Height	4:105931075:C:T	0.97678	0.02322000000000002	0.07593	0.0746102063301664	False
height	Height	4:7848144:C:T	0.5153	0.4847	0.02111	0.0206381064727286	True
height	Height	4:25408838:G:A	0.2319	0.2319	0.02472	0.0241201249394271	False
height	Height	4:73387449:C:A	0.05073	0.05073	0.04731	0.046479028148795	False
height	Height	4:40051064:C:T	0.8859	0.11409999999999998	0.03143	0.0306586453793988	True
height	Height	4:106317056:G:A	0.1308	0.1308	0.02896	0.0281710810059204	True
height	Height	4:18226485:C:T	0.05161	0.05161	0.04418	0.0432869625613408	False
height	Height	4:123833516:G:T	0.2108	0.2108	0.0238	0.0231400872707569	True
height	Height	4:38652812:C:G	0.8369	0.16310000000000002	0.02616	0.0254075204766464	True
height	Height	4:992802:C:G	0.7695	0.23050000000000004	0.02357	0.0228822824599499	False
height	Height	4:1341553:A:G	0.95161	0.048390000000000044	0.04384	0.0428898774713055	False
height	Height	4:73617478:C:T	0.5773	0.42269999999999996	0.01891	0.0184094426609911	True
height	Height	4:17603318:C:T	0.622	0.378	0.01894	0.0184280510758863	True
height	Height	4:39838233:C:T	0.9276	0.07240000000000002	0.03811	0.0371274451634227	False
height	Height	4:186697494:T:C	0.7198	0.2802	0.02028	0.0196854169081669	True
height	Height	4:56387392:T:G	0.306	0.306	0.01954	0.0189790637011601	False
height	Height	4:104374596:T:C	0.3279	0.3279	0.01896	0.0184144994020087	True
height	Height	4:52818664:A:G	0.3224	0.3224	0.01898	0.0184272883243391	True
height	Height	4:2260907:A:G	0.90863	0.09136999999999995	0.0308	0.0297996934477734	True
height	Height	4:49125611:T:C	0.3315	0.3315	0.02046	0.0198260875351563	False
height	Height	4:105796772:A:G	0.98592	0.014079999999999981	0.07705	0.0748417911469464	False
height	Height	4:152321881:T:C	0.4164	0.4164	0.01713	0.0166090054361231	True
height	Height	4:82051468:G:A	0.3432	0.3432	0.01821	0.0176297918094363	True
height	Height	4:45134713:G:A	0.3377	0.3377	0.01748	0.0169219629177289	True
height	Height	4:114889654:G:C	0.3188	0.3188	0.01756	0.0169860165028607	True
height	Height	4:104580155:C:A	0.05558	0.05558	0.03508	0.0338202540115417	False
height	Height	4:100551124:T:A	0.1776	0.1776	0.02066	0.0198524700770779	True
height	Height	4:10020757:A:G	0.5472	0.4528	0.01581	0.0152722915160278	True
height	Height	4:106429070:T:C	0.9885	0.011499999999999955	0.07775	0.0749585540448701	False
height	Height	4:144979483:C:T	0.9676	0.032399999999999984	0.04746	0.045913266211384	False
height	Height	4:87730831:G:A	0.03541	0.03541	0.04243	0.0409950093720744	False
height	Height	4:157785885:A:G	0.9185	0.08150000000000002	0.02853	0.027265504019985	True
height	Height	4:56915061:C:A	0.729	0.271	0.01734	0.0167023471941	True
height	Height	4:18633519:A:T	0.98038	0.01961999999999997	0.05758	0.0555573503667825	False
height	Height	4:159994391:G:A	0.3702	0.3702	0.0157	0.0151235816477368	True
height	Height	4:2887562:C:T	0.4788	0.4788	0.01539	0.0148267366959762	True
height	Height	4:145151925:C:T	0.01357	0.01357	0.06816	0.0655086370739799	False
height	Height	4:6918679:A:G	0.4411	0.4411	0.01527	0.0147033906407478	True
height	Height	4:39308187:G:A	0.6152	0.38480000000000003	0.01542	0.0148437703710422	True
height	Height	4:86719165:T:C	0.8501	0.14990000000000003	0.02119	0.0202561541276447	False
height	Height	4:18449860:C:G	0.98889	0.011109999999999953	0.07217	0.0692779199558409	False
height	Height	4:144239825:A:G	0.5353	0.4647	0.01499	0.014419457709345	True
height	Height	4:120680560:G:A	0.6723	0.3277	0.01592	0.0153068383849417	True
height	Height	4:77461554:T:C	0.96784	0.032159999999999966	0.04309	0.0414980274248497	False
height	Height	4:114778615:T:G	0.2359	0.2359	0.01747	0.0167631157752915	True
height	Height	4:73147931:A:C	0.95295	0.047050000000000036	0.03432	0.0328042537113003	False
height	Height	4:8503359:A:G	0.7072	0.29279999999999995	0.01617	0.0155308935949031	True
height	Height	4:126957010:T:C	0.6969	0.30310000000000004	0.01587	0.0152256260837488	True
height	Height	4:135121721:T:C	0.01729	0.01729	0.05515	0.0529558787989063	False
height	Height	4:39180489:T:A	0.94369	0.05630999999999997	0.03115	0.0295859159612507	False
height	Height	4:44910964:A:G	0.95813	0.04186999999999996	0.03605	0.0344054254540287	False
height	Height	4:105059801:T:C	0.3977	0.3977	0.01459	0.0139782486216138	True
height	Height	4:83207809:A:T	0.886	0.11399999999999999	0.02206	0.0209226718812402	True
height	Height	4:88772316:T:C	0.338	0.338	0.01479	0.0141446909252615	True
height	Height	4:7051065:G:C	0.8144	0.1856	0.01793	0.0170948955893413	True
height	Height	4:138926489:T:C	0.3327	0.3327	0.01464	0.0139783622200844	True
height	Height	4:82450621:G:C	0.9845	0.015499999999999958	0.05752	0.054903596020612	False
height	Height	4:102810526:C:T	0.7082	0.29179999999999995	0.01503	0.0143354561374312	True
height	Height	4:81886372:T:C	0.93819	0.06181000000000003	0.02962	0.0279167946481226	False
height	Height	4:109559569:A:G	0.9701	0.029900000000000038	0.0408	0.0388722863518871	False
height	Height	4:95580441:T:C	0.5868	0.4132	0.01379	0.0131435914446834	True
height	Height	4:17421241:T:G	0.96729	0.03271000000000002	0.03803	0.0361321294225008	False
height	Height	4:109276830:G:A	0.6358	0.36419999999999997	0.01418	0.0135098982807351	True
height	Height	4:54296120:G:A	0.1837	0.1837	0.01733	0.0164686617917029	True
height	Height	4:12486688:G:T	0.90837	0.09162999999999999	0.02399	0.0225696576652311	False
height	Height	4:183941162:C:A	0.98009	0.019909999999999983	0.04807	0.0458247666760235	False
height	Height	4:109102005:A:G	0.4165	0.4165	0.01351	0.012835556171295	False
height	Height	4:135415290:T:G	0.4325	0.4325	0.01337	0.0126999732199632	False
height	Height	4:10483366:G:C	0.3889	0.3889	0.01337	0.0126834471320502	True
height	Height	4:111281953:T:C	0.95236	0.047640000000000016	0.03066	0.0287401985873097	False
height	Height	4:166315689:T:C	0.2934	0.2934	0.01431	0.0135750265792907	True
height	Height	4:1105756:G:A	0.97997	0.020029999999999992	0.04696	0.0446262458653513	False
height	Height	4:97579043:A:T	0.2414	0.2414	0.01522	0.0144295285024531	True
height	Height	4:3004112:G:A	0.401	0.401	0.01317	0.0124757216185306	True
height	Height	4:120096000:G:A	0.98396	0.016040000000000054	0.05194	0.0493366320923261	False
height	Height	4:124939254:G:T	0.2873	0.2873	0.01424	0.0134933909018501	True
height	Height	4:138247146:G:A	0.3913	0.3913	0.01311	0.0124003606950206	True
height	Height	4:147486760:G:C	0.97155	0.028449999999999975	0.03866	0.0364647424556562	False
height	Height	4:126836837:A:G	0.93831	0.06169000000000002	0.02666	0.0248724981575017	True
height	Height	4:756502:G:A	0.97795	0.022050000000000014	0.04325	0.0409344104423515	False
height	Height	4:13771756:A:T	0.96934	0.03066000000000002	0.03734	0.0351268053262286	False
height	Height	4:88885063:C:T	0.04646	0.04646	0.03066	0.0286071310451727	True
height	Height	4:7955092:A:G	0.8506	0.14939999999999998	0.0177	0.0166788795241223	True
height	Height	4:144877995:G:A	0.6905	0.3095	0.01364	0.0128785731606268	False
height	Height	4:146845752:C:T	0.3967	0.3967	0.01283	0.0121024199510567	True
height	Height	4:146697063:A:G	0.01216	0.01216	0.05679	0.0536477833450165	False
height	Height	4:38802751:G:A	0.2112	0.2112	0.01553	0.0146470435740779	False
height	Height	4:5022616:G:A	0.1538	0.1538	0.01729	0.0162801264103566	False
height	Height	4:121705238:C:T	0.133	0.133	0.01837	0.0172622875694505	True
height	Height	4:77822033:C:A	0.2844	0.2844	0.01374	0.0129467625788466	False
height	Height	4:88310627:C:T	0.97136	0.02864	0.03761	0.0352516039131499	False
height	Height	4:44180255:T:C	0.95467	0.04532999999999998	0.02995	0.0278178123377203	False
height	Height	4:149687379:C:T	0.2057	0.2057	0.01527	0.0143668944041533	True
height	Height	4:45016808:A:G	0.7195	0.28049999999999997	0.01378	0.0129644092883526	True
height	Height	4:55059151:A:G	0.2598	0.2598	0.01392	0.0130907847160411	False
height	Height	4:81259984:C:T	0.98722	0.012780000000000014	0.05414	0.0510176539714683	False
height	Height	4:1532566:C:T	0.96289	0.037109999999999976	0.0334	0.031063655556186	False
height	Height	4:140117993:G:A	0.4509	0.4509	0.01217	0.0114155955211418	True
height	Height	4:21852767:A:T	0.3993	0.3993	0.01246	0.0116884732705432	True
height	Height	4:55929889:A:G	0.5815	0.4185	0.01221	0.0114489396980804	True
height	Height	4:12302908:T:C	0.0127	0.0127	0.05634	0.0529442650634274	False
height	Height	4:42194531:C:T	0.05323	0.05323	0.02747	0.0253715010638064	False
height	Height	4:6755729:G:C	0.03927	0.03927	0.0311	0.0287643129924938	False
height	Height	4:48260825:C:G	0.5495	0.4505	0.01203	0.0112644266158316	True
height	Height	4:120787593:A:C	0.6442	0.3558	0.01251	0.0117165318847037	True
height	Height	4:107574092:G:T	0.7862	0.2138	0.01447	0.0135519603488698	True
height	Height	4:189645995:G:A	0.01184	0.01184	0.05765	0.0540559209777284	False
height	Height	4:175816792:A:G	0.2062	0.2062	0.01468	0.0137461622818561	True
height	Height	4:55811477:T:G	0.4241	0.4241	0.012	0.0112121000331964	True
height	Height	4:129622147:C:T	0.06615	0.06615	0.02372	0.0218926396447248	False
height	Height	4:3182738:G:T	0.1064	0.1064	0.01911	0.0177490508483329	False
height	Height	4:10619515:C:A	0.8538	0.1462	0.01646	0.0153503981142346	True
height	Height	4:147294790:A:G	0.5223	0.4777	0.01166	0.0108681108229224	True
height	Height	4:93938711:C:T	0.5317	0.46830000000000005	0.01168	0.0108855019219943	True
height	Height	4:123707422:T:A	0.02614	0.02614	0.03746	0.0347250309904721	False
height	Height	4:24550201:A:T	0.02618	0.02618	0.03612	0.0333703164834829	False
height	Height	4:54502726:A:T	0.98379	0.016209999999999947	0.04714	0.0440043575890412	False
height	Height	4:184051094:G:T	0.96412	0.03588000000000002	0.0309	0.0283554619854749	False
height	Height	4:159852470:C:A	0.9477	0.05230000000000001	0.02591	0.0237407073291012	True
height	Height	4:45944916:A:C	0.01567	0.01567	0.04654	0.043358878495582	False
height	Height	4:109781788:A:C	0.4606	0.4606	0.01133	0.0105051792347329	True
height	Height	4:26016803:G:A	0.2657	0.2657	0.01267	0.0117466324725589	True
height	Height	4:104774698:A:G	0.01204	0.01204	0.05354	0.0497507932797497	False
height	Height	4:125147414:A:C	0.1864	0.1864	0.01447	0.0134134187337389	True
height	Height	4:91677663:T:G	0.6685	0.3315	0.01186	0.0109784567894922	True
height	Height	4:57660710:A:G	0.02048	0.02048	0.04106	0.0379075820977741	False
height	Height	4:54003750:A:T	0.5563	0.4437	0.01118	0.0103426507732942	True
height	Height	4:158391794:T:C	0.8225	0.1775	0.01465	0.013565662709883	True
height	Height	4:83318068:C:T	0.3484	0.3484	0.01166	0.01077306935046	True
height	Height	4:5606148:C:T	0.01648	0.01648	0.04334	0.040033969525897	False
height	Height	4:38113620:G:A	0.01326	0.01326	0.04831	0.0447491209804819	True
height	Height	4:129314791:C:T	0.1541	0.1541	0.01532	0.0141673974003076	True
height	Height	4:155566838:G:A	0.01294	0.01294	0.05056	0.0468443997239922	True
height	Height	4:151245171:C:A	0.4142	0.4142	0.01123	0.0103714252346063	True
height	Height	4:97731610:C:T	0.97404	0.025959999999999983	0.03539	0.0323311470443556	False
height	Height	4:10724709:T:C	0.93532	0.06467999999999996	0.02233	0.0203798680448935	True
height	Height	4:146439804:A:C	0.04122	0.04122	0.02907	0.026358555536597	False
height	Height	4:42898385:C:T	0.96765	0.03234999999999999	0.0309	0.0280477662055233	False
height	Height	4:158919487:T:C	0.5856	0.4144	0.01105	0.0101815026727103	True
height	Height	4:53390495:T:C	0.1665	0.1665	0.01469	0.0135423753240615	True
height	Height	4:54115754:T:C	0.05054	0.05054	0.02481	0.0224846108760152	False
height	Height	5:176509193:C:T	0.6859	0.31410000000000005	0.06743	0.0672560962813093	True
height	Height	5:176735612:A:G	0.2607	0.2607	0.05924	0.0590562458097557	True
height	Height	5:171281875:C:G	0.5802	0.41979999999999995	0.04505	0.0448798866959783	True
height	Height	5:32831670:T:C	0.4034	0.4034	0.04325	0.0430759871231607	True
height	Height	5:170864548:T:C	0.7648	0.23519999999999996	0.04759	0.0473757542431058	True
height	Height	5:168256455:T:C	0.7929	0.20709999999999995	0.04641	0.0461719503810755	True
height	Height	5:32711633:C:A	0.8089	0.19110000000000005	0.04958	0.0493116254404492	False
height	Height	5:88355993:T:C	0.6135	0.38649999999999995	0.03595	0.0357094966609281	True
height	Height	5:42740861:T:A	0.5472	0.4528	0.03445	0.0341977627223771	False
height	Height	5:131563571:G:C	0.7212	0.27880000000000005	0.03665	0.03637346522942	True
height	Height	5:108091000:C:G	0.08329	0.08329	0.05713	0.0566660984391083	True
height	Height	5:171442208:G:T	0.5394	0.4606	0.03139	0.0310859937321677	True
height	Height	5:172753555:T:G	0.1141	0.1141	0.05182	0.0514127245778394	False
height	Height	5:179727399:C:G	0.6077	0.3923	0.03058	0.0302447863351236	True
height	Height	5:32989116:T:C	0.5341	0.4659	0.02936	0.029007072699845	True
height	Height	5:77431886:A:G	0.7634	0.23660000000000003	0.03247	0.0320760833931825	True
height	Height	5:36786459:T:C	0.554	0.44599999999999995	0.0277	0.0273148096462529	True
height	Height	5:33335024:C:T	0.768	0.23199999999999998	0.03236	0.0319558844221529	True
height	Height	5:122755562:C:T	0.5686	0.4314	0.02755	0.0271622511369619	True
height	Height	5:176350901:G:C	0.7225	0.27749999999999997	0.03123	0.0308181917639935	False
height	Height	5:42436916:A:C	0.1007	0.1007	0.04428	0.0438188788588995	False
height	Height	5:115039473:C:A	0.2729	0.2729	0.02971	0.0292793846170567	True
height	Height	5:171181237:T:G	0.6387	0.36129999999999995	0.02757	0.0271535342054817	True
height	Height	5:33102576:G:A	0.98793	0.012070000000000025	0.1236	0.122927218854323	False
height	Height	5:54954478:T:C	0.1895	0.1895	0.03351	0.0330716693912449	True
height	Height	5:134363145:G:A	0.7494	0.25060000000000004	0.02872	0.028243251037995	True
height	Height	5:127802451:C:A	0.01299	0.01299	0.1069	0.105938345353594	False
height	Height	5:314518:T:C	0.08118	0.08118	0.04422	0.0436448613693841	True
height	Height	5:67100402:G:A	0.02594	0.02594	0.07375	0.0725590561093504	True
height	Height	5:67597321:T:C	0.5404	0.4596	0.02301	0.0225583337165133	False
height	Height	5:127685135:C:T	0.6757	0.32430000000000003	0.02351	0.0230046065787259	True
height	Height	5:138949362:G:T	0.2908	0.2908	0.0241	0.0235712266320538	True
height	Height	5:178547313:C:A	0.3334	0.3334	0.0233	0.0227947946618753	True
height	Height	5:176836532:A:G	0.2552	0.2552	0.02513	0.0245683732559558	True
height	Height	5:142658156:C:A	0.5446	0.4554	0.02177	0.0213069124898062	True
height	Height	5:127568650:G:A	0.01252	0.01252	0.09894	0.097571698196609	False
height	Height	5:172993684:C:G	0.3688	0.3688	0.02163	0.0211281901515584	True
height	Height	5:172197790:C:T	0.03969	0.03969	0.05206	0.0510784738268709	False
height	Height	5:88744894:G:A	0.6871	0.31289999999999996	0.022	0.021456637306742	True
height	Height	5:64381433:A:G	0.6616	0.33840000000000003	0.02095	0.0204307516854992	True
height	Height	5:36160668:G:A	0.787	0.21299999999999997	0.02399	0.0233319040176193	True
height	Height	5:158387892:A:G	0.5842	0.41579999999999995	0.01987	0.0193811155356355	True
height	Height	5:64693608:G:A	0.95888	0.041120000000000045	0.05043	0.0494102930106933	False
height	Height	5:95728974:G:C	0.2686	0.2686	0.02156	0.0209725022504119	True
height	Height	5:31533952:T:C	0.3112	0.3112	0.02063	0.0200838414287942	True
height	Height	5:130178748:T:A	0.6187	0.3813	0.0196	0.0190937089934825	True
height	Height	5:129069848:A:G	0.0764	0.0764	0.03578	0.0349050036682611	True
height	Height	5:123989617:C:T	0.3451	0.3451	0.01935	0.0188223128114931	True
height	Height	5:158507655:T:C	0.5724	0.4276	0.01847	0.017974805886712	True
height	Height	5:149298808:G:T	0.1529	0.1529	0.02519	0.0243739678719456	True
height	Height	5:134509677:C:T	0.5946	0.4054	0.01828	0.0177735702902815	True
height	Height	5:108384397:A:G	0.96711	0.032889999999999975	0.05085	0.0496061071165262	False
height	Height	5:127942076:T:A	0.1687	0.1687	0.02435	0.0235416429270147	False
height	Height	5:54413542:C:T	0.3606	0.3606	0.01842	0.0178928216216239	True
height	Height	5:128079795:A:G	0.01113	0.01113	0.08439	0.0820691155012054	False
height	Height	5:72144005:C:T	0.0815	0.0815	0.0318	0.0307453285088954	True
height	Height	5:52767109:T:C	0.7901	0.20989999999999998	0.02106	0.0203535801987171	True
height	Height	5:77815123:C:T	0.8012	0.19879999999999998	0.02173	0.0209846402606846	False
height	Height	5:55220879:A:C	0.3434	0.3434	0.01816	0.0176055035764711	True
height	Height	5:90420644:G:T	0.3688	0.3688	0.01779	0.0172518576123699	True
height	Height	5:107980177:T:A	0.4347	0.4347	0.01726	0.0167450760068094	True
height	Height	5:88847011:G:A	0.6169	0.3831	0.01732	0.0167888513445446	True
height	Height	5:156754251:C:T	0.7874	0.2126	0.02019	0.0194857158707539	True
height	Height	5:55806751:A:G	0.2533	0.2533	0.01898	0.0183442834957683	True
height	Height	5:172484041:C:T	0.4095	0.4095	0.01675	0.0162241928901502	True
height	Height	5:39425092:T:G	0.8821	0.1179	0.0256	0.0245818847136844	False
height	Height	5:6711630:C:T	0.3238	0.3238	0.0175	0.0169283055528515	True
height	Height	5:56034207:A:G	0.7205	0.27949999999999997	0.01794	0.0173246998190345	True
height	Height	5:78945171:C:T	0.174	0.174	0.02121	0.020398254596682	True
height	Height	5:54726450:G:T	0.01757	0.01757	0.06276	0.0606488532987667	False
height	Height	5:77640190:T:C	0.6039	0.3961	0.01647	0.0159236591936801	True
height	Height	5:112077770:A:G	0.4497	0.4497	0.01609	0.0155592975998287	True
height	Height	5:171586242:A:G	0.5883	0.41169999999999995	0.01611	0.0155684041545389	True
height	Height	5:102301358:T:C	0.9481	0.051899999999999946	0.03636	0.0350437631152885	False
height	Height	5:52657068:A:G	0.8487	0.1513	0.02192	0.0210192070462069	True
height	Height	5:170758982:T:C	0.6552	0.3448	0.01658	0.0159981943961434	True
height	Height	5:143144557:A:T	0.4226	0.4226	0.01586	0.0153086466249403	False
height	Height	5:10680997:G:A	0.91115	0.08884999999999998	0.02736	0.0261489621744977	False
height	Height	5:178695905:A:G	0.8056	0.19440000000000002	0.01972	0.018946610217349	False
height	Height	5:177144214:A:G	0.4905	0.4905	0.01589	0.0153223924222105	False
height	Height	5:159604308:G:A	0.8379	0.16210000000000002	0.02076	0.0198907261515568	True
height	Height	5:127427533:T:C	0.4585	0.4585	0.01528	0.0147253692984887	True
height	Height	5:114759167:G:A	0.5786	0.4214	0.01542	0.0148548068346553	True
height	Height	5:50443691:C:A	0.2926	0.2926	0.01663	0.0160031072060016	True
height	Height	5:137533188:T:A	0.2654	0.2654	0.01893	0.0181645560145054	False
height	Height	5:72250961:T:C	0.8255	0.1745	0.01969	0.0188599467779072	True
height	Height	5:180661980:T:C	0.95352	0.046479999999999966	0.03515	0.0336354975898533	True
height	Height	5:101887714:A:G	0.2534	0.2534	0.01698	0.0163017871931586	True
height	Height	5:66993865:C:T	0.1962	0.1962	0.01863	0.0178474421064393	True
height	Height	5:124376235:T:C	0.95391	0.046089999999999964	0.03517	0.0336177257245339	False
height	Height	5:55100297:G:A	0.8317	0.1683	0.01982	0.0189361229120596	False
height	Height	5:58593236:T:C	0.5784	0.4216	0.0147	0.0141048818072906	True
height	Height	5:170973258:T:C	0.3836	0.3836	0.01493	0.0143190211272762	True
height	Height	5:141633818:G:T	0.8999	0.10009999999999997	0.02383	0.0226033493076727	False
height	Height	5:121391485:T:C	0.1385	0.1385	0.02063	0.0196358932726526	True
height	Height	5:102711436:T:C	0.723	0.277	0.0159	0.0152252262921173	True
height	Height	5:176941427:A:G	0.2154	0.2154	0.0177	0.0169093087304698	False
height	Height	5:86404890:C:T	0.7657	0.23429999999999995	0.01673	0.0160003014493962	True
height	Height	5:180229896:A:C	0.1059	0.1059	0.02291	0.0217065889906772	True
height	Height	5:97995590:C:T	0.9867	0.013299999999999979	0.06235	0.059540136087122	True
height	Height	5:54298731:T:C	0.4235	0.4235	0.01391	0.013278112517966	True
height	Height	5:134257519:G:A	0.8668	0.13319999999999999	0.0201	0.019061178561173	True
height	Height	5:58333808:C:T	0.133	0.133	0.01991	0.0188631664735443	True
height	Height	5:37839633:T:C	0.2676	0.2676	0.01526	0.0145363740683738	True
height	Height	5:140601111:C:A	0.2434	0.2434	0.01587	0.0151112441582619	False
height	Height	5:127060254:A:G	0.02494	0.02494	0.04355	0.0415160027972173	False
height	Height	5:107458637:G:A	0.1704	0.1704	0.01786	0.0169577092388399	True
height	Height	5:135288632:A:G	0.953	0.04700000000000004	0.0316	0.029764520655032	False
height	Height	5:158845061:T:C	0.06709	0.06709	0.0267	0.0250698316736376	True
height	Height	5:53095623:G:C	0.7109	0.2891	0.01473	0.0140126671764671	False
height	Height	5:3118802:C:T	0.856	0.14400000000000002	0.01895	0.0179305015430775	True
height	Height	5:149592334:A:G	0.4557	0.4557	0.01339	0.0127168960948844	True
height	Height	5:141786996:G:T	0.5741	0.42589999999999995	0.01335	0.0126725787502711	True
height	Height	5:43167274:A:C	0.8003	0.1997	0.0163	0.0154558675566807	True
height	Height	5:175843884:C:T	0.3834	0.3834	0.01336	0.0126696939404784	True
height	Height	5:179619049:T:C	0.8421	0.15790000000000004	0.01812	0.0171386019168627	False
height	Height	5:42971354:C:T	0.4918	0.4918	0.01304	0.0123606057223336	False
height	Height	5:170576279:T:G	0.98192	0.018079999999999985	0.05009	0.0476162267936932	False
height	Height	5:149962350:C:T	0.5777	0.4223	0.01306	0.0123667589484453	True
height	Height	5:101248784:G:A	0.01315	0.01315	0.05835	0.0552891570204503	False
height	Height	5:10834616:A:C	0.01632	0.01632	0.05347	0.0507270454244759	False
height	Height	5:60831133:C:T	0.7851	0.21489999999999998	0.01556	0.0147188510882463	False
height	Height	5:40587243:C:G	0.02103	0.02103	0.04537	0.0429851383187087	False
height	Height	5:79650252:C:G	0.4192	0.4192	0.01291	0.0121998551162765	False
height	Height	5:82027371:G:C	0.406	0.406	0.01293	0.0122143136550643	True
height	Height	5:126896206:A:C	0.6965	0.3035	0.01376	0.0130045341065171	True
height	Height	5:31325722:G:A	0.5431	0.4569	0.01274	0.0120276005864527	True
height	Height	5:132866748:T:C	0.7959	0.20409999999999995	0.01564	0.014762468739104	True
height	Height	5:45068296:A:T	0.199	0.199	0.01568	0.0147953148440612	True
height	Height	5:172320128:T:C	0.4856	0.4856	0.01272	0.0119891913161798	True
height	Height	5:115264635:G:A	0.053	0.053	0.02808	0.0260921043933661	False
height	Height	5:95197339:C:T	0.1021	0.1021	0.02048	0.01916532678467	True
height	Height	5:129778524:T:G	0.97246	0.02754000000000001	0.03796	0.035606333841873	False
height	Height	5:67482087:G:A	0.7157	0.2843	0.01371	0.0129160102682679	True
height	Height	5:80968596:T:C	0.6989	0.30110000000000003	0.01351	0.0127228855769054	False
height	Height	5:141998380:A:T	0.1992	0.1992	0.01624	0.0152778882051952	True
height	Height	5:159705768:C:T	0.96916	0.03083999999999998	0.03596	0.0335761712081982	False
height	Height	5:54557283:G:A	0.04956	0.04956	0.02828	0.0261721599266795	False
height	Height	5:44025117:C:T	0.03426	0.03426	0.03369	0.0313174417361176	False
height	Height	5:64108563:G:A	0.97402	0.025980000000000003	0.03902	0.0364914590726711	False
height	Height	5:14748556:T:C	0.7245	0.27549999999999997	0.01357	0.0127360473184062	True
height	Height	5:158609368:T:A	0.07427	0.07427	0.023	0.0213278219158293	True
height	Height	5:35848563:G:C	0.5855	0.4145	0.01222	0.0114538994565067	True
height	Height	5:74890618:A:G	0.09543	0.09543	0.02036	0.0189504272515691	True
height	Height	5:78131687:G:A	0.844	0.15600000000000003	0.01651	0.0154557101097406	False
height	Height	5:126780344:C:T	0.6124	0.38759999999999994	0.01222	0.0114360393479918	True
height	Height	5:73076511:C:A	0.4986	0.4986	0.01188	0.0111056793749754	True
height	Height	5:143039972:G:A	0.2262	0.2262	0.01413	0.0132267709108084	True
height	Height	5:108640879:T:C	0.01631	0.01631	0.04861	0.0455960528776022	False
height	Height	5:51110130:A:G	0.07456	0.07456	0.02254	0.0208526039282463	False
height	Height	5:119867187:G:A	0.8187	0.18130000000000002	0.0153	0.0143157748445953	True
height	Height	5:172039287:G:A	0.01516	0.01516	0.04894	0.0458901825394843	True
height	Height	5:32008460:G:C	0.6981	0.30189999999999995	0.01282	0.0119860580109511	True
height	Height	5:176237499:G:A	0.98944	0.010560000000000014	0.06144	0.0574788841266053	False
height	Height	5:170450817:G:C	0.98999	0.010009999999999963	0.06044	0.0565520868731019	False
height	Height	5:115152694:G:C	0.5778	0.4222	0.01197	0.0111768377292386	True
height	Height	5:67834881:T:C	0.6052	0.39480000000000004	0.01206	0.0112557297681583	True
height	Height	5:81072979:G:A	0.2214	0.2214	0.01416	0.0132275163404897	True
height	Height	5:64219611:G:A	0.0826	0.0826	0.02119	0.0196044858999214	True
height	Height	5:126660522:A:G	0.05966	0.05966	0.02452	0.0225590244946242	False
height	Height	5:167853573:G:A	0.9404	0.059599999999999986	0.02487	0.0228631063593637	False
height	Height	5:474814:A:C	0.03052	0.03052	0.03402	0.0313875861994098	False
height	Height	5:165897317:A:C	0.3937	0.3937	0.01193	0.0111157184418298	True
height	Height	5:53603593:G:C	0.8449	0.15510000000000002	0.016	0.0149191289786299	True
height	Height	5:14960235:T:G	0.8469	0.1531	0.01608	0.0149841942803003	True
height	Height	5:138745616:C:G	0.96668	0.033320000000000016	0.03209	0.0294887590397084	True
height	Height	5:111134797:G:A	0.93708	0.06291999999999998	0.02407	0.0220908982584929	False
height	Height	5:177041995:T:C	0.90253	0.09746999999999995	0.01928	0.0178489989578886	False
height	Height	5:79957038:T:C	0.2769	0.2769	0.01278	0.0118896511857917	True
height	Height	5:179356450:G:A	0.6234	0.37660000000000005	0.0118	0.0109639698667945	True
height	Height	5:100121629:A:G	0.6478	0.35219999999999996	0.01192	0.0110735055415663	True
height	Height	5:166893662:T:G	0.8286	0.1714	0.01516	0.0140938181868165	True
height	Height	5:154411562:A:G	0.02139	0.02139	0.0397	0.0367265971367434	False
height	Height	5:123146850:C:G	0.7152	0.28480000000000005	0.01253	0.011629877319578	True
height	Height	5:179515597:A:G	0.6756	0.3244	0.01209	0.0112177902199831	True
height	Height	5:31174116:T:C	0.04895	0.04895	0.02614	0.0238760858285295	False
height	Height	5:151038769:C:T	0.3725	0.3725	0.01167	0.0108246071899836	True
height	Height	5:57838450:G:A	0.02299	0.02299	0.03896	0.0359829452732257	False
height	Height	5:135126304:C:T	0.0323	0.0323	0.03194	0.0292087720195132	False
height	Height	5:73962955:A:G	0.295	0.295	0.01234	0.0114396188791636	True
height	Height	5:72658437:T:C	0.3777	0.3777	0.01156	0.0107107544971173	True
height	Height	5:36681820:T:C	0.538	0.46199999999999997	0.01143	0.0105888375892373	True
height	Height	5:179884733:T:G	0.92574	0.07425999999999999	0.02154	0.0197568176719731	True
height	Height	5:154015528:C:T	0.07417	0.07417	0.0216	0.0197946870018111	True
height	Height	5:123796639:A:G	0.6947	0.3053	0.01208	0.0111771478512175	True
height	Height	5:79325634:A:C	0.2764	0.2764	0.01349	0.0124882712853529	False
height	Height	5:142538764:G:C	0.2466	0.2466	0.01293	0.011961298030043	False
height	Height	5:39540499:T:G	0.7769	0.22309999999999997	0.01392	0.0128698397913695	False
height	Height	5:177777655:G:A	0.07301	0.07301	0.02131	0.0194939605710652	False
height	Height	5:168657207:G:C	0.08935	0.08935	0.01925	0.0176861064992247	True
height	Height	5:134616138:A:G	0.97937	0.020630000000000037	0.03939	0.0361866347675755	False
height	Height	5:6591946:T:C	0.93649	0.06350999999999996	0.02258	0.0205845196668148	False
height	Height	5:126250812:C:T	0.02709	0.02709	0.0337	0.0306888188719941	False
height	Height	5:162946829:T:G	0.98271	0.017290000000000028	0.04355	0.0401540011869393	False
height	Height	5:143260713:G:A	0.105	0.105	0.01819	0.0167335714841953	False
height	Height	5:128503632:A:C	0.9888	0.011199999999999988	0.05327	0.0492664309454672	False
height	Height	5:125023861:A:C	0.7858	0.21419999999999995	0.01343	0.0123957115038919	True
height	Height	5:158712254:A:C	0.3645	0.3645	0.01134	0.0104515063974738	True
height	Height	5:148668174:C:T	0.1114	0.1114	0.01732	0.0159418488484846	True
height	Height	5:179052804:C:G	0.96197	0.03803000000000001	0.02901	0.0262584410946101	False
height	Height	5:78344976:A:G	0.1322	0.1322	0.01611	0.0148331046606955	False
height	Height	6:142724918:C:T	0.7153	0.28469999999999995	0.06765	0.0674906274434089	True
height	Height	6:105377347:C:T	0.3209	0.3209	0.06484	0.0646865868591731	False
height	Height	6:19839415:C:T	0.05183	0.05183	0.1328	0.132677886339293	False
height	Height	6:130374461:T:A	0.2647	0.2647	0.06437	0.0641975230463598	True
height	Height	6:126851160:C:T	0.4985	0.4985	0.05565	0.0555068372830675	True
height	Height	6:7723962:C:G	0.4695	0.4695	0.05322	0.0530739827244236	True
height	Height	6:152170247:G:A	0.4549	0.4549	0.04042	0.0402329568270353	True
height	Height	6:41903798:C:A	0.98665	0.013349999999999973	0.1564	0.155985759804358	False
height	Height	6:80956208:C:T	0.5301	0.4699	0.03509	0.0348461391075362	True
height	Height	6:81473819:A:T	0.1221	0.1221	0.05133	0.0509787898056871	True
height	Height	6:76164589:C:A	0.1022	0.1022	0.05464	0.0542426601925014	True
height	Height	6:168814392:T:A	0.756	0.244	0.03818	0.0378987164648395	True
height	Height	6:7231843:G:A	0.8847	0.11529999999999996	0.05199	0.0516071131833358	True
height	Height	6:45097503:A:T	0.7435	0.25649999999999995	0.03573	0.0354238068425599	True
height	Height	6:131316458:A:G	0.3866	0.3866	0.03203	0.0317222603719121	True
height	Height	6:81913276:G:A	0.5508	0.44920000000000004	0.03141	0.0311000860483615	True
height	Height	6:105480694:A:T	0.1543	0.1543	0.04192	0.0415711641844747	False
height	Height	6:109717108:C:G	0.591	0.40900000000000003	0.03033	0.0299943504092846	False
height	Height	6:152384928:T:C	0.1613	0.1613	0.03864	0.0382663278874058	True
height	Height	6:117506408:C:G	0.6282	0.3718	0.02826	0.0278683800704004	True
height	Height	6:47488387:G:A	0.6883	0.3117	0.02799	0.0275569364257425	True
height	Height	6:158738975:G:A	0.336	0.336	0.02732	0.0268888276622301	True
height	Height	6:45404170:G:A	0.94821	0.05179	0.05837	0.0576178472565792	False
height	Height	6:158915285:A:C	0.94103	0.05896999999999997	0.05311	0.0524461402853585	False
height	Height	6:36217160:G:A	0.2062	0.2062	0.03086	0.0303748021345	True
height	Height	6:108983527:C:T	0.7124	0.28759999999999997	0.02735	0.026881255750236	True
height	Height	6:164126233:C:A	0.1311	0.1311	0.03641	0.0359041440742853	True
height	Height	6:169339601:A:C	0.6088	0.3912	0.02454	0.0240849635659856	True
height	Height	6:6886297:A:G	0.8795	0.12050000000000005	0.03581	0.0352483183037057	True
height	Height	6:80620935:A:C	0.02934	0.02934	0.0697	0.0685365993256331	False
height	Height	6:82397517:A:G	0.1485	0.1485	0.03195	0.0313577405653675	True
height	Height	6:129824754:A:C	0.7352	0.26480000000000004	0.02468	0.0241403775045025	True
height	Height	6:126067655:C:A	0.5302	0.4698	0.02146	0.020995416208618	True
height	Height	6:76622964:G:T	0.5	0.5	0.02112	0.0206552484508265	True
height	Height	6:81583270:C:T	0.93095	0.06904999999999994	0.04093	0.0401734420103011	False
height	Height	6:126604298:G:A	0.1152	0.1152	0.03214	0.0314019457372576	True
height	Height	6:41755708:C:T	0.2862	0.2862	0.02245	0.0218927619563295	True
height	Height	6:169465291:C:G	0.1671	0.1671	0.02768	0.026967246212106	True
height	Height	6:2190846:C:T	0.2016	0.2016	0.02527	0.0246127210229634	True
height	Height	6:7881931:T:C	0.8909	0.10909999999999997	0.03243	0.0316680786894356	True
height	Height	6:116716593:T:A	0.5295	0.47050000000000003	0.02022	0.019745695792966	True
height	Height	6:41471389:T:A	0.04093	0.04093	0.05465	0.0535568184770346	False
height	Height	6:43002721:A:G	0.8604	0.13959999999999995	0.02837	0.027596420012974	False
height	Height	6:82198915:C:G	0.97372	0.02627999999999997	0.06287	0.0614536265363264	False
height	Height	6:140098001:A:G	0.7597	0.24029999999999996	0.02266	0.0220375339678034	True
height	Height	6:169000888:C:G	0.95475	0.04525000000000001	0.04661	0.0456586631918814	True
height	Height	6:160769811:C:T	0.4685	0.4685	0.01903	0.0185489201341565	True
height	Height	6:155551005:C:T	0.621	0.379	0.01954	0.0190307170299777	False
height	Height	6:72201407:G:A	0.3131	0.3131	0.02002	0.0194702154380058	True
height	Height	6:151891388:C:A	0.06291	0.06291	0.03808	0.0371469563460943	False
height	Height	6:39187886:G:A	0.7019	0.29810000000000003	0.02032	0.0197498068298023	True
height	Height	6:117868051:T:C	0.3241	0.3241	0.01963	0.0190856507253286	True
height	Height	6:2071661:T:C	0.6602	0.3398	0.01933	0.018793861319522	True
height	Height	6:82534501:A:G	0.768	0.23199999999999998	0.02128	0.0206265129362175	True
height	Height	6:139331131:A:G	0.8168	0.18320000000000003	0.02344	0.0226799550166693	True
height	Height	6:151727545:C:T	0.3338	0.3338	0.01904	0.0184968969807013	True
height	Height	6:126487517:T:C	0.90337	0.09663	0.03089	0.0299130766643351	False
height	Height	6:1771512:C:T	0.7188	0.2812	0.01972	0.0191258891742117	True
height	Height	6:166481647:G:A	0.91458	0.08542000000000005	0.03173	0.0307109316730113	False
height	Height	6:165889031:A:T	0.4332	0.4332	0.01792	0.0174044642396642	True
height	Height	6:53349401:T:A	0.7076	0.2924	0.01962	0.0190160850513657	True
height	Height	6:117268237:T:C	0.4837	0.4837	0.0175	0.01699896708082	True
height	Height	6:166316132:G:A	0.5961	0.40390000000000004	0.0177	0.0171835102638367	True
height	Height	6:105120095:T:C	0.8918	0.10819999999999996	0.02885	0.0278347882572386	False
height	Height	6:127439893:C:G	0.8945	0.10550000000000004	0.03034	0.0292961259053135	False
height	Height	6:45659895:G:A	0.98109	0.018909999999999982	0.0651	0.0631899862233917	False
height	Height	6:140289497:T:A	0.2032	0.2032	0.02149	0.0207691591365826	True
height	Height	6:130565068:C:G	0.03714	0.03714	0.04571	0.0445018512911466	False
height	Height	6:130994347:T:G	0.022	0.022	0.05805	0.0563803828924064	True
height	Height	6:169616097:C:T	0.9442	0.05579999999999996	0.03772	0.0365415425432537	False
height	Height	6:105662112:T:G	0.1418	0.1418	0.02389	0.0229822376530964	True
height	Height	6:132574067:T:C	0.4157	0.4157	0.01687	0.0163450571766346	True
height	Height	6:116488925:G:A	0.2811	0.2811	0.01829	0.0176845012242384	True
height	Height	6:44505379:A:T	0.8504	0.14959999999999996	0.02289	0.0219879561163384	True
height	Height	6:15475571:A:G	0.8524	0.14759999999999995	0.02248	0.0215774520399176	True
height	Height	6:6762707:T:C	0.7089	0.2911	0.01756	0.0169538635600726	True
height	Height	6:85396512:G:A	0.5384	0.4616	0.01598	0.015448492082645	True
height	Height	6:156583467:A:C	0.1681	0.1681	0.02122	0.0203695469994824	True
height	Height	6:130273769:G:A	0.05024	0.05024	0.0369	0.0355562593473375	False
height	Height	6:2375830:C:T	0.98989	0.010109999999999952	0.07949	0.0766687001947535	False
height	Height	6:133629522:T:C	0.4729	0.4729	0.01566	0.0151181218441985	True
height	Height	6:158633657:T:G	0.0597	0.0597	0.0335	0.0321621835479417	False
height	Height	6:141356451:T:A	0.3137	0.3137	0.01679	0.0161935279295901	True
height	Height	6:83265236:A:G	0.03632	0.03632	0.04154	0.0401308844169376	False
height	Height	6:141560700:C:T	0.634	0.366	0.01606	0.015488800081411	True
height	Height	6:42014304:C:T	0.06474	0.06474	0.03151	0.0301585968126645	False
height	Height	6:158533483:C:T	0.7972	0.20279999999999998	0.01897	0.0182180634492385	True
height	Height	6:80308565:C:T	0.202	0.202	0.01896	0.0182053399199204	True
height	Height	6:166584842:A:G	0.7924	0.2076	0.01872	0.0179748232486468	True
height	Height	6:89996405:G:A	0.5458	0.45420000000000005	0.01533	0.0147546268228744	True
height	Height	6:1901495:C:T	0.6792	0.3208	0.01605	0.0154401129476045	True
height	Height	6:117100330:G:A	0.1472	0.1472	0.02107	0.0201318036708501	True
height	Height	6:132730372:C:G	0.566	0.43400000000000005	0.01503	0.0144561425458995	True
height	Height	6:84322158:A:C	0.3314	0.3314	0.01578	0.0151699249388116	True
height	Height	6:146285205:C:T	0.5818	0.4182	0.01508	0.0144982031821567	True
height	Height	6:83686243:C:T	0.1282	0.1282	0.0219	0.0208646443463967	True
height	Height	6:39847279:G:A	0.8303	0.16969999999999996	0.01972	0.0188244805735021	True
height	Height	6:152521013:C:G	0.6187	0.3813	0.01478	0.0141677687477316	True
height	Height	6:153379080:C:T	0.8631	0.13690000000000002	0.02086	0.0198580587836964	True
height	Height	6:126279359:C:T	0.98106	0.018939999999999957	0.05315	0.0510006339868046	False
height	Height	6:22702647:G:A	0.7983	0.2017	0.01777	0.0169806709240654	True
height	Height	6:152277956:A:T	0.6113	0.38870000000000005	0.01478	0.014147074506707	False
height	Height	6:18548766:C:A	0.29	0.29	0.01551	0.014835150890589	True
height	Height	6:15025298:C:T	0.4161	0.4161	0.01443	0.0138003661333776	True
height	Height	6:139199890:G:A	0.6694	0.3306	0.01495	0.0142903369581361	True
height	Height	6:85993838:T:A	0.1919	0.1919	0.01753	0.0167068315198223	True
height	Height	6:136235568:A:G	0.3792	0.3792	0.01415	0.0135044114327614	True
height	Height	6:55628283:G:T	0.8981	0.10189999999999999	0.02247	0.0212161369820416	True
height	Height	6:52384286:A:C	0.7249	0.2751	0.0152	0.0144875145878477	True
height	Height	6:18223577:C:T	0.9877	0.012299999999999978	0.06632	0.0630886040002597	False
height	Height	6:86467988:C:T	0.04371	0.04371	0.03299	0.0311465243963346	True
height	Height	6:82704394:A:G	0.04013	0.04013	0.03567	0.0337750983842073	False
height	Height	6:56807246:C:G	0.7794	0.22060000000000002	0.01627	0.015483827052864	True
height	Height	6:83447417:C:T	0.5553	0.4447	0.01369	0.0130328212883916	True
height	Height	6:1620037:G:A	0.1276	0.1276	0.02026	0.0191702521575949	True
height	Height	6:160514283:A:G	0.9246	0.07540000000000002	0.02534	0.0238144795304068	False
height	Height	6:7131128:G:A	0.9823	0.01770000000000005	0.05076	0.0483303458664724	True
height	Height	6:89827331:T:C	0.1504	0.1504	0.01834	0.0173558993996048	True
height	Height	6:114212407:C:T	0.5126	0.48740000000000006	0.013	0.0123214705506305	True
height	Height	6:52926951:T:G	0.95332	0.046680000000000055	0.03094	0.028994385304543	False
height	Height	6:100161940:A:T	0.3491	0.3491	0.0136	0.0128942079876786	True
height	Height	6:36645696:A:G	0.3788	0.3788	0.01336	0.0126620681700148	True
height	Height	6:149778241:C:G	0.1308	0.1308	0.01922	0.0181313735480067	True
height	Height	6:67512311:G:T	0.7075	0.2925	0.01418	0.0134323161787301	True
height	Height	6:149646830:C:T	0.02046	0.02046	0.04602	0.0436596238056541	False
height	Height	6:46521249:A:T	0.9047	0.09530000000000005	0.02194	0.020576113440268	False
height	Height	6:130165691:T:C	0.8021	0.19789999999999996	0.01595	0.0150792221972078	False
height	Height	6:131618361:C:T	0.02463	0.02463	0.0434	0.0410611593695183	False
height	Height	6:149172549:C:A	0.06947	0.06947	0.02493	0.0232450744005101	True
height	Height	6:37128363:C:T	0.7034	0.2966	0.01379	0.0130280674359789	True
height	Height	6:20014605:C:T	0.02777	0.02777	0.03836	0.0360996271646928	False
height	Height	6:80481546:A:C	0.0491	0.0491	0.03026	0.0281878805629814	False
height	Height	6:153815505:C:T	0.6833	0.3167	0.01347	0.0127113796750857	True
height	Height	6:170549637:G:A	0.98314	0.016859999999999986	0.05182	0.0490252022842546	False
height	Height	6:42759519:A:G	0.01587	0.01587	0.05133	0.0485560815296144	False
height	Height	6:127901291:G:T	0.5011	0.4989	0.01244	0.0117155384445454	False
height	Height	6:161665523:G:A	0.92062	0.07938	0.02296	0.021399027464598	True
height	Height	6:111310404:T:C	0.01881	0.01881	0.04686	0.0442669910673179	False
height	Height	6:105776058:A:T	0.02776	0.02776	0.04075	0.038349198297495	False
height	Height	6:117707229:G:A	0.02664	0.02664	0.03842	0.0360637977424856	True
height	Height	6:122095976:A:G	0.96414	0.03586	0.03357	0.0313150313152442	False
height	Height	6:85520268:T:G	0.05107	0.05107	0.02812	0.0261061082333957	False
height	Height	6:22541789:G:C	0.4411	0.4411	0.01242	0.0116857555660856	True
height	Height	6:165784510:C:T	0.3751	0.3751	0.01275	0.011998870233496	True
height	Height	6:85768220:T:C	0.02832	0.02832	0.03693	0.0345463702523928	False
height	Height	6:47747557:G:A	0.771	0.22899999999999998	0.01454	0.0136813682847843	True
height	Height	6:36887697:C:T	0.98753	0.012469999999999981	0.05708	0.0537658302642653	False
height	Height	6:130713119:A:C	0.98501	0.014989999999999948	0.05382	0.0507216230417822	False
height	Height	6:17447265:A:T	0.4469	0.4469	0.01232	0.0115716404799591	True
height	Height	6:166904852:G:T	0.2886	0.2886	0.01345	0.012644689891245	True
height	Height	6:37367865:C:T	0.6269	0.3731	0.01274	0.0119598035481598	False
height	Height	6:109514819:G:C	0.0371	0.0371	0.03244	0.0300852249622104	False
height	Height	6:37027700:A:G	0.5242	0.4758	0.01209	0.0113321231537824	True
height	Height	6:77595753:G:A	0.01152	0.01152	0.05973	0.0560943269255459	False
height	Height	6:122973480:G:T	0.7335	0.26649999999999996	0.01382	0.0129681142314825	True
height	Height	6:75315547:T:C	0.96014	0.03986000000000001	0.03061	0.0283114533079534	True
height	Height	6:14838760:A:T	0.08353	0.08353	0.02169	0.0201448322149326	True
height	Height	6:2618453:T:C	0.3006	0.3006	0.01305	0.0122263289119585	True
height	Height	6:109085642:C:A	0.01652	0.01652	0.04911	0.0461338894575188	False
height	Height	6:116819020:A:G	0.697	0.30300000000000005	0.01296	0.012133485379763	True
height	Height	6:22893691:C:A	0.5232	0.4768	0.01227	0.0114818776473085	False
height	Height	6:80192343:C:G	0.01094	0.01094	0.06003	0.0562708836770759	False
height	Height	6:43352980:A:G	0.6798	0.32020000000000004	0.01273	0.0119174416107982	True
height	Height	6:168707357:T:C	0.8157	0.18430000000000002	0.01576	0.0147560863321778	True
height	Height	6:104925554:A:G	0.8385	0.16149999999999998	0.01694	0.0158377586351549	False
height	Height	6:104727874:C:T	0.3168	0.3168	0.01269	0.0118669154458607	False
height	Height	6:20858852:T:G	0.7453	0.25470000000000004	0.01362	0.0127437757194631	True
height	Height	6:149275131:T:C	0.90256	0.09743999999999997	0.02023	0.0187916064855893	False
height	Height	6:39288316:G:A	0.98671	0.013290000000000024	0.05372	0.0503719371438368	False
height	Height	6:106347947:A:C	0.5372	0.4628	0.01184	0.0110604647153661	True
height	Height	6:39739992:G:A	0.8264	0.17359999999999998	0.0155	0.0144923603686172	True
height	Height	6:152055978:A:T	0.9429	0.05710000000000004	0.02543	0.0234149214475812	False
height	Height	6:157205911:A:T	0.90009	0.09991000000000005	0.01957	0.0181873559811607	True
height	Height	6:693473:C:G	0.7681	0.2319	0.01382	0.0129078228304731	True
height	Height	6:44226195:T:C	0.7759	0.22409999999999997	0.01445	0.013497476111067	True
height	Height	6:132405059:A:G	0.3857	0.3857	0.01195	0.0111410582672114	True
height	Height	6:107911990:A:G	0.7273	0.27270000000000005	0.01305	0.0121763752320373	True
height	Height	6:7474387:G:A	0.07847	0.07847	0.02311	0.0213000427976525	False
height	Height	6:45557136:C:T	0.129	0.129	0.01746	0.0162609241679503	True
height	Height	6:85874583:G:T	0.7766	0.22340000000000004	0.01395	0.0130146713720122	True
height	Height	6:12594668:A:G	0.0631	0.0631	0.02366	0.0217480937263205	False
height	Height	6:6219885:A:C	0.98338	0.016619999999999968	0.04492	0.0418758721639624	False
height	Height	6:88022715:G:A	0.02202	0.02202	0.03898	0.0360929407651328	True
height	Height	6:133849789:A:G	0.5365	0.4635	0.01145	0.0106403767458621	True
height	Height	6:148563065:A:T	0.589	0.41100000000000003	0.0116	0.0107734679042432	True
height	Height	6:84056175:T:C	0.0281	0.0281	0.03448	0.0316968884392084	True
height	Height	6:149068778:C:T	0.98558	0.014419999999999988	0.04789	0.044599658942374	False
height	Height	6:108774972:A:G	0.4284	0.4284	0.01144	0.0106142482085814	True
height	Height	6:56686609:T:C	0.8198	0.18020000000000003	0.0147	0.0136549763370027	True
height	Height	6:87808614:C:T	0.7794	0.22060000000000002	0.01358	0.012611119343697	True
height	Height	6:147935553:T:C	0.5955	0.40449999999999997	0.01154	0.0107025621393073	True
height	Height	6:132282557:A:T	0.97266	0.02734000000000003	0.03672	0.033804850197087	False
height	Height	6:4656244:C:T	0.0543	0.0543	0.02504	0.0228813324103434	True
height	Height	6:20185305:A:T	0.03748	0.03748	0.03041	0.0277634989338231	False
height	Height	6:168432093:T:G	0.1761	0.1761	0.01468	0.0136130693583241	True
height	Height	6:53708870:A:G	0.03864	0.03864	0.02901	0.0264319340527117	False
height	Height	6:77736391:T:G	0.8235	0.1765	0.01463	0.0135591945770215	True
height	Height	6:164343726:C:T	0.1755	0.1755	0.01477	0.013684765093479	True
height	Height	6:87519743:T:C	0.01018	0.01018	0.05958	0.0551876321427297	False
height	Height	6:14187776:T:C	0.1942	0.1942	0.01403	0.0129795144586274	True
height	Height	6:52269151:T:C	0.3016	0.3016	0.01204	0.0111265741961828	True
height	Height	6:133737196:A:G	0.4437	0.4437	0.01113	0.0102798949823739	True
height	Height	6:158363064:G:C	0.98083	0.01917000000000002	0.04114	0.0378859206250256	False
height	Height	6:84476928:C:T	0.97291	0.027089999999999947	0.03384	0.0308484210856617	False
height	Height	6:16732813:A:C	0.8433	0.15669999999999995	0.01513	0.0139818158776538	True
height	Height	6:143793879:G:A	0.97602	0.02398	0.03589	0.032804822927455	True
height	Height	6:36764588:C:T	0.98722	0.012780000000000014	0.05126	0.0474334777615958	False
height	Height	6:127789334:G:T	0.98702	0.012979999999999992	0.05044	0.0466647972893535	False
height	Height	6:107533791:C:T	0.9642	0.035800000000000054	0.02984	0.0270682122396311	True
height	Height	6:75771435:G:A	0.03268	0.03268	0.03083	0.0279876081067358	False
height	Height	6:108491124:C:T	0.96085	0.03915000000000002	0.03086	0.0279949627343296	False
height	Height	6:97770618:T:C	0.01007	0.01007	0.05455	0.0504132804755501	False
height	Height	6:131816401:A:C	0.01404	0.01404	0.04911	0.0453360069892718	False
height	Height	7:92253972:G:A	0.3245	0.3245	0.06872	0.0685737471167501	True
height	Height	7:2802522:T:C	0.6994	0.3006	0.05984	0.0596740976029079	True
height	Height	7:148629759:C:T	0.795	0.20499999999999996	0.06023	0.0600135780120468	True
height	Height	7:28205303:T:C	0.2954	0.2954	0.04867	0.0484882553503052	True
height	Height	7:92073947:G:T	0.1184	0.1184	0.05946	0.0591235134454603	True
height	Height	7:92367869:C:T	0.8323	0.16769999999999996	0.05104	0.0507666369918764	False
height	Height	7:20459590:T:C	0.6152	0.38480000000000003	0.03442	0.0341530361176377	True
height	Height	7:46577056:A:G	0.4366	0.4366	0.02959	0.0292457007407038	True
height	Height	7:23513093:C:T	0.7518	0.24819999999999998	0.03396	0.0336109941354469	True
height	Height	7:38110032:T:G	0.6541	0.3459	0.03069	0.030339393095181	True
height	Height	7:150540196:C:T	0.33	0.33	0.02919	0.0287915133622839	True
height	Height	7:25889697:G:A	0.1969	0.1969	0.03299	0.0325492520626847	True
height	Height	7:150690176:C:T	0.91858	0.08142000000000005	0.04848	0.0479508501918258	False
height	Height	7:8109522:A:G	0.5129	0.4871	0.02566	0.0252457738638958	True
height	Height	7:33031123:T:C	0.01093	0.01093	0.1269	0.126200840399003	False
height	Height	7:135105194:T:C	0.03178	0.03178	0.07207	0.0710732477507768	False
height	Height	7:139749346:G:A	0.1844	0.1844	0.03101	0.0304852516855572	True
height	Height	7:46205163:G:A	0.109	0.109	0.0376	0.0370386445400946	True
height	Height	7:137599375:T:C	0.5948	0.4052	0.0235	0.0230397269450638	True
height	Height	7:46311048:G:A	0.96526	0.03473999999999999	0.0593	0.0582341214346719	True
height	Height	7:73474825:G:C	0.09883	0.09883	0.03637	0.0356920847109366	False
height	Height	7:135278791:C:T	0.1718	0.1718	0.02835	0.0277017580003609	True
height	Height	7:140244627:G:A	0.3344	0.3344	0.02256	0.0220515608716557	True
height	Height	7:28829253:G:C	0.5965	0.40349999999999997	0.02158	0.0210989126951426	True
height	Height	7:148737149:G:T	0.7835	0.21650000000000003	0.02554	0.0249153025134098	True
height	Height	7:35231725:G:A	0.6256	0.37439999999999996	0.02147	0.0209673201975313	True
height	Height	7:100509253:A:C	0.1833	0.1833	0.02623	0.0255554156719404	True
height	Height	7:19649160:T:G	0.02746	0.02746	0.06253	0.0612288662369029	True
height	Height	7:46414555:T:C	0.91832	0.08167999999999997	0.0371	0.0363377574337985	True
height	Height	7:25991372:T:A	0.04151	0.04151	0.05111	0.0501436832059467	True
height	Height	7:5353344:G:A	0.883	0.11699999999999999	0.03143	0.0306674893387228	True
height	Height	7:120887795:C:T	0.6412	0.3588	0.02075	0.0202395947948761	True
height	Height	7:148416175:G:C	0.01038	0.01038	0.1018	0.100221264223893	False
height	Height	7:91757773:C:T	0.4119	0.4119	0.02032	0.019822134971959	False
height	Height	7:130626948:C:T	0.8601	0.13990000000000002	0.02863	0.0278590293674436	True
height	Height	7:18899163:C:T	0.6346	0.36539999999999995	0.02042	0.0199085477034579	True
height	Height	7:99332948:T:G	0.04238	0.04238	0.04853	0.047562038145763	False
height	Height	7:46076308:A:C	0.6892	0.31079999999999997	0.02063	0.0200807562747866	True
height	Height	7:92673154:G:A	0.4293	0.4293	0.01921	0.018716042772428	False
height	Height	7:18733748:G:A	0.93974	0.06025999999999998	0.0399	0.0389981159131333	True
height	Height	7:134441060:C:A	0.4015	0.4015	0.01911	0.0186001092485082	False
height	Height	7:50733034:T:C	0.491	0.491	0.0186	0.0181121318258485	True
height	Height	7:148527975:G:A	0.95773	0.04227000000000003	0.04549	0.0444365032676292	False
height	Height	7:45963445:C:G	0.95461	0.04539000000000004	0.04559	0.0445256297900281	False
height	Height	7:23795155:G:A	0.8551	0.14490000000000003	0.02577	0.0249314650811658	False
height	Height	7:94049356:T:C	0.2482	0.2482	0.02098	0.0203531774529333	True
height	Height	7:101797486:T:G	0.93405	0.06594999999999995	0.03607	0.0350740274905026	True
height	Height	7:27994758:T:C	0.928	0.07199999999999995	0.03395	0.0329018586895523	True
height	Height	7:25789034:A:G	0.03068	0.03068	0.05308	0.0516597935770047	True
height	Height	7:19267241:C:G	0.94854	0.05145999999999995	0.0394	0.0382999323343821	False
height	Height	7:121960438:C:T	0.3645	0.3645	0.01776	0.0172284085818022	True
height	Height	7:73028240:G:A	0.02013	0.02013	0.06173	0.0599247163465427	False
height	Height	7:25656363:G:C	0.7686	0.23140000000000005	0.02033	0.0196624178376728	True
height	Height	7:31024313:G:A	0.05031	0.05031	0.03895	0.0378200299017362	False
height	Height	7:72711796:C:T	0.3308	0.3308	0.01925	0.0186296634261711	False
height	Height	7:56139450:C:T	0.228	0.228	0.02012	0.0194476668638232	True
height	Height	7:66203010:G:T	0.3741	0.3741	0.01795	0.0173935807087353	False
height	Height	7:148954229:C:A	0.98044	0.019560000000000022	0.06162	0.0597506010223129	False
height	Height	7:140684421:C:G	0.4294	0.4294	0.01692	0.0163966160430787	False
height	Height	7:33788530:C:T	0.1158	0.1158	0.02549	0.0244639254947996	True
height	Height	7:102111925:C:T	0.03713	0.03713	0.04411	0.04278703997138	False
height	Height	7:12605736:T:G	0.5769	0.42310000000000003	0.01624	0.0156996803672048	True
height	Height	7:91405630:G:T	0.9114	0.08860000000000001	0.02815	0.0269596488073344	False
height	Height	7:46801941:T:A	0.7528	0.24719999999999998	0.01842	0.0177480033004614	True
height	Height	7:65086756:A:C	0.2276	0.2276	0.01872	0.0180258799579516	False
height	Height	7:151055558:A:G	0.8039	0.19610000000000005	0.01967	0.0189096607044247	True
height	Height	7:56033558:A:G	0.7606	0.23939999999999995	0.01826	0.0175844990623365	True
height	Height	7:139923058:G:C	0.6635	0.3365	0.0165	0.015916628118541	True
height	Height	7:84628989:T:G	0.6656	0.33440000000000003	0.01644	0.0158561536914893	True
height	Height	7:150895727:G:A	0.1275	0.1275	0.02315	0.022143117517231	False
height	Height	7:50587650:C:A	0.3109	0.3109	0.01756	0.016909143789449	False
height	Height	7:114071035:C:T	0.4366	0.4366	0.01561	0.0150528072408235	True
height	Height	7:98775511:T:C	0.7741	0.2259	0.01835	0.01764794479131	True
height	Height	7:96611052:A:G	0.95935	0.040649999999999964	0.03888	0.0374577570755274	False
height	Height	7:101907679:G:A	0.2106	0.2106	0.01874	0.0180059590240978	True
height	Height	7:19031214:G:C	0.3493	0.3493	0.01666	0.0160450000070436	True
height	Height	7:1380874:C:G	0.6595	0.3405	0.01606	0.0154658564842927	True
height	Height	7:84816889:C:T	0.7606	0.23939999999999995	0.01757	0.0168796855083519	True
height	Height	7:100848046:G:A	0.96518	0.03481999999999996	0.04099	0.0394457730677659	False
height	Height	7:69409378:G:A	0.8467	0.1533	0.02069	0.0197813674803556	True
height	Height	7:1583288:A:G	0.4285	0.4285	0.01504	0.0144678147538134	True
height	Height	7:100610614:C:T	0.2121	0.2121	0.01949	0.0186595122546242	False
height	Height	7:2521858:C:T	0.2819	0.2819	0.01642	0.0157696476843659	True
height	Height	7:114551514:T:A	0.1528	0.1528	0.02029	0.0193695615297233	False
height	Height	7:27146807:T:C	0.0266999999999999	0.0266999999999999	0.04522	0.0434966519157565	True
height	Height	7:25304677:G:T	0.164	0.164	0.01957	0.0186878365133368	True
height	Height	7:20720759:G:C	0.9249	0.07509999999999994	0.0274	0.0259766642346552	False
height	Height	7:27252670:A:G	0.92995	0.07004999999999995	0.02819	0.0267294420186102	False
height	Height	7:67690495:A:G	0.3569	0.3569	0.01564	0.014975657477749	False
height	Height	7:50877893:C:A	0.91564	0.08435999999999999	0.02577	0.0243560136878651	False
height	Height	7:18018922:A:T	0.3585	0.3585	0.0146	0.0139597161326649	True
height	Height	7:20333435:C:A	0.97233	0.027669999999999972	0.04247	0.0406311959954727	False
height	Height	7:100735887:G:C	0.8739	0.1261	0.02197	0.020809157763278	False
height	Height	7:42188538:C:A	0.2025	0.2025	0.01728	0.0164814201526913	True
height	Height	7:101577038:T:C	0.2897	0.2897	0.01532	0.014634762496776	True
height	Height	7:90360250:G:A	0.6067	0.3933	0.01399	0.0133453592878632	True
height	Height	7:15715056:T:C	0.2382	0.2382	0.01609	0.0153394113889158	True
height	Height	7:44197583:G:T	0.8628	0.1372	0.01987	0.0188453520225676	True
height	Height	7:55806087:G:T	0.8312	0.16879999999999995	0.01839	0.0174830673693905	False
height	Height	7:14032656:T:A	0.395	0.395	0.01429	0.0136294114888257	True
height	Height	7:87105176:G:C	0.11	0.11	0.02182	0.0206304990562896	True
height	Height	7:77512098:G:C	0.3486	0.3486	0.01426	0.013599044709818	True
height	Height	7:158527260:T:G	0.1442	0.1442	0.01936	0.0183648448856755	True
height	Height	7:101697455:G:A	0.822	0.17800000000000005	0.01766	0.016787405176094	True
height	Height	7:100388628:C:A	0.01487	0.01487	0.05566	0.0530970324807209	False
height	Height	7:73302272:A:G	0.6019	0.3981	0.01397	0.0133026244181966	True
height	Height	7:44434670:C:G	0.2219	0.2219	0.01618	0.0153976508190585	True
height	Height	7:38271161:C:A	0.2229	0.2229	0.01613	0.0153482101093245	True
height	Height	7:72430305:A:G	0.8706	0.12939999999999996	0.02068	0.0195448480557826	True
height	Height	7:64187034:A:T	0.9279	0.07210000000000005	0.02587	0.0243045297190962	True
height	Height	7:33321872:C:G	0.7819	0.21809999999999996	0.01617	0.0153784299110596	False
height	Height	7:23351080:C:G	0.92885	0.07115000000000005	0.02608	0.0244908354805283	False
height	Height	7:99543313:C:T	0.8078	0.19220000000000004	0.01686	0.016013478792979	True
height	Height	7:28725536:G:A	0.2487	0.2487	0.01551	0.0147451574045494	True
height	Height	7:105251106:C:T	0.97974	0.020259999999999945	0.04768	0.0453960613680426	True
height	Height	7:123691640:C:T	0.6417	0.35829999999999995	0.0137	0.0130065545091136	True
height	Height	7:45831964:G:A	0.02232	0.02232	0.04462	0.0424223355145783	False
height	Height	7:132574100:A:G	0.73	0.27	0.01485	0.0140953374175281	True
height	Height	7:2668045:G:A	0.1846	0.1846	0.01698	0.0160890992229395	True
height	Height	7:135005120:A:G	0.3178	0.3178	0.01386	0.013132164542794	False
height	Height	7:28331488:C:T	0.01175	0.01175	0.06144	0.0581840030000722	False
height	Height	7:1279105:G:A	0.917	0.08299999999999996	0.02326	0.021777239386837	True
height	Height	7:150394466:A:G	0.94356	0.056440000000000046	0.0283	0.0264117116146864	False
height	Height	7:129663496:C:T	0.3896	0.3896	0.01308	0.0123711949049405	True
height	Height	7:66449568:C:T	0.8732	0.12680000000000002	0.01895	0.0178282097468418	True
height	Height	7:6504240:T:C	0.4327	0.4327	0.01281	0.0120967735907804	False
height	Height	7:33672151:T:C	0.7928	0.20720000000000005	0.01565	0.0147795122259766	True
height	Height	7:70254674:G:T	0.3773	0.3773	0.01301	0.0122799549308727	True
height	Height	7:73888179:C:G	0.6582	0.3418	0.01328	0.0125361118620861	True
height	Height	7:156162410:C:T	0.3859	0.3859	0.0129	0.0121716047116308	True
height	Height	7:149098652:A:T	0.1476	0.1476	0.01808	0.0170148458572106	False
height	Height	7:128833410:A:T	0.1682	0.1682	0.01671	0.0157456356959211	True
height	Height	7:8215543:C:T	0.2577	0.2577	0.01444	0.0136207116922466	True
height	Height	7:116312439:C:G	0.5585	0.4415	0.01318	0.0124257457737947	True
height	Height	7:132773903:A:G	0.3413	0.3413	0.01307	0.0123141445652342	True
height	Height	7:2251622:C:T	0.01639	0.01639	0.04983	0.0470638024150904	False
height	Height	7:42457376:G:A	0.524	0.476	0.0124	0.011663281137649	True
height	Height	7:148837742:T:C	0.03423	0.03423	0.03535	0.0330147146059804	False
height	Height	7:16221733:C:T	0.98923	0.010769999999999946	0.06152	0.0578961215059967	False
height	Height	7:1885099:T:C	0.07225	0.07225	0.02456	0.0227961600308735	False
height	Height	7:102378475:C:T	0.2472	0.2472	0.01455	0.0136904682394425	True
height	Height	7:95610203:G:A	0.0699	0.0699	0.02423	0.0224906826027277	True
height	Height	7:41478272:G:A	0.07458	0.07458	0.02323	0.0215681104605514	True
height	Height	7:63915778:C:G	0.6035	0.39649999999999996	0.01235	0.0115841437557404	True
height	Height	7:16799370:G:C	0.4159	0.4159	0.01236	0.0115933218127549	True
height	Height	7:13796604:A:T	0.8351	0.16490000000000005	0.0168	0.0157510998619142	False
height	Height	7:42087633:G:A	0.01013	0.01013	0.0635	0.0595490664367064	False
height	Height	7:74185092:G:T	0.5236	0.47640000000000005	0.01293	0.0121163107464125	False
height	Height	7:105147744:T:C	0.0546	0.0546	0.02628	0.0242419914462294	True
height	Height	7:512229:G:A	0.0407	0.0407	0.03008	0.0277520272355688	False
height	Height	7:24787787:A:T	0.4452	0.4452	0.0124	0.0116002001776289	False
height	Height	7:23109316:G:A	0.06399	0.06399	0.02514	0.0231792664709356	False
height	Height	7:134202232:C:T	0.98378	0.016220000000000012	0.04837	0.0453417974282406	False
height	Height	7:51032594:A:C	0.6868	0.31320000000000003	0.01285	0.0120082917078371	False
height	Height	7:612635:A:G	0.5001	0.4999	0.01198	0.0111868591932804	False
height	Height	7:129400448:T:C	0.97505	0.024950000000000028	0.03865	0.0359173633266989	False
height	Height	7:21874360:G:T	0.98617	0.013830000000000009	0.05313	0.0497350891235136	False
height	Height	7:130937569:A:T	0.04853	0.04853	0.02744	0.0252034602555655	False
height	Height	7:74326313:A:G	0.8827	0.11729999999999996	0.0183	0.0170229998951754	False
height	Height	7:33924423:T:C	0.3328	0.3328	0.01234	0.011504998104944	True
height	Height	7:72179833:C:T	0.1314	0.1314	0.01711	0.0159311683238799	False
height	Height	7:111624089:T:C	0.02414	0.02414	0.03906	0.0362384660791864	False
height	Height	7:137495594:C:A	0.5398	0.46020000000000005	0.01158	0.0107757380255926	True
height	Height	7:153962288:T:A	0.4202	0.4202	0.01187	0.0110475819680684	False
height	Height	7:68644517:T:C	0.1802	0.1802	0.01509	0.014062329765672	True
height	Height	7:44808091:T:G	0.5222	0.4778	0.01153	0.0107292522979334	True
height	Height	7:114777023:A:G	0.01295	0.01295	0.05079	0.0474151736787734	True
height	Height	7:41597207:G:A	0.0188	0.0188	0.04399	0.0409670665531536	False
height	Height	7:84158541:G:A	0.01093	0.01093	0.05684	0.0529735393303926	False
height	Height	7:114674319:G:A	0.08204	0.08204	0.02101	0.0193676530111167	False
height	Height	7:47112959:C:G	0.01135	0.01135	0.05668	0.0528086769085247	False
height	Height	7:20138376:T:A	0.01151	0.01151	0.05494	0.051197219763802	True
height	Height	7:114901289:A:T	0.4016	0.4016	0.01183	0.0109786715181869	False
height	Height	7:45123859:G:A	0.2926	0.2926	0.01295	0.0120164342186012	False
height	Height	7:28098424:A:G	0.95966	0.04034000000000004	0.02973	0.0271269353776335	False
height	Height	7:50477407:C:T	0.92341	0.07659000000000005	0.02109	0.0193812329674921	False
height	Height	7:97097419:G:T	0.0118	0.0118	0.05179	0.0481323678131262	False
height	Height	7:82140548:G:A	0.5924	0.40759999999999996	0.01145	0.0106015415334567	True
height	Height	7:44094935:C:T	0.05583	0.05583	0.02432	0.02219570855451	False
height	Height	7:104622402:T:G	0.7824	0.21760000000000002	0.01355	0.0125534812563774	True
height	Height	7:69952187:C:T	0.6897	0.3103	0.01273	0.0117787767866373	True
height	Height	7:24371890:A:G	0.01332	0.01332	0.04989	0.0462649495903352	False
height	Height	7:101174468:T:G	0.06146	0.06146	0.0232	0.0211801641321554	False
height	Height	7:49540987:T:A	0.4119	0.4119	0.01124	0.0103878835303802	True
height	Height	7:77394988:T:A	0.98498	0.015020000000000033	0.04575	0.0423478621630023	False
height	Height	7:41339412:T:G	0.1233	0.1233	0.01678	0.0154937309879254	True
height	Height	7:103180872:A:G	0.04064	0.04064	0.02787	0.0252757401443128	True
height	Height	7:22757915:G:C	0.04144	0.04144	0.0277	0.0251222052289922	False
height	Height	7:93215423:G:A	0.4108	0.4108	0.01134	0.0104590303448496	False
height	Height	7:95716342:C:A	0.8039	0.19610000000000005	0.01384	0.0127794775123921	True
height	Height	7:113644002:C:A	0.95837	0.041629999999999945	0.02725	0.0246839270023723	False
height	Height	7:63728842:C:T	0.94927	0.05073000000000005	0.02535	0.0229610639634836	False
height	Height	8:57157543:G:A	0.8913	0.10870000000000002	0.09821	0.0980508305490617	True
height	Height	8:57259146:A:G	0.2551	0.2551	0.0557	0.055511136751269	True
height	Height	8:56946546:C:T	0.1492	0.1492	0.06545	0.0651797853962753	False
height	Height	8:130720646:G:C	0.8052	0.19479999999999997	0.04806	0.0478152382192363	True
height	Height	8:24041988:A:C	0.8286	0.1714	0.04895	0.0486752908956151	True
height	Height	8:78099782:G:T	0.2857	0.2857	0.03954	0.0393055237018167	True
height	Height	8:135649848:G:A	0.7429	0.2571	0.04011	0.039865648995421	True
height	Height	8:145006790:T:C	0.6023	0.39770000000000005	0.03363	0.0333551475835284	True
height	Height	8:13372120:G:A	0.93734	0.06266000000000005	0.06407	0.0634855878476105	True
height	Height	8:75883054:A:C	0.3911	0.3911	0.03058	0.0302407239502694	True
height	Height	8:57665019:G:T	0.6945	0.3055	0.02891	0.0284901816163901	True
height	Height	8:23381769:G:A	0.2263	0.2263	0.03038	0.0299093527721756	True
height	Height	8:126498828:G:C	0.7604	0.23960000000000004	0.02977	0.0292940296907309	False
height	Height	8:135783179:A:G	0.2829	0.2829	0.02701	0.0265291704973556	True
height	Height	8:129185104:A:G	0.2484	0.2484	0.02781	0.0273048079436828	True
height	Height	8:76012474:T:A	0.7634	0.23660000000000003	0.02832	0.0278050464373792	True
height	Height	8:117566387:G:A	0.2759	0.2759	0.02657	0.0260685757798819	True
height	Height	8:145267725:C:T	0.5659	0.43410000000000004	0.02389	0.0234435342765641	True
height	Height	8:120605652:G:A	0.2414	0.2414	0.02769	0.0271718022871901	True
height	Height	8:56840947:C:T	0.2463	0.2463	0.02758	0.0270575919371599	False
height	Height	8:23173591:A:G	0.2356	0.2356	0.02773	0.0272037297900041	True
height	Height	8:120475358:G:T	0.7565	0.24350000000000005	0.0274	0.0268766523489094	True
height	Height	8:116636281:A:C	0.3987	0.3987	0.02305	0.0225818292393529	True
height	Height	8:8549020:A:C	0.4863	0.4863	0.0215	0.0210338506807959	True
height	Height	8:60556037:A:T	0.1278	0.1278	0.03094	0.0302156359617686	True
height	Height	8:26137597:A:C	0.8852	0.11480000000000001	0.03106	0.0302739346168513	False
height	Height	8:27550722:C:T	0.2268	0.2268	0.02331	0.0226738463853018	True
height	Height	8:13085338:A:G	0.6248	0.3752	0.02007	0.0195633505472635	True
height	Height	8:121288882:A:G	0.1771	0.1771	0.02519	0.0244644554926137	True
height	Height	8:8956446:T:C	0.08729	0.08729	0.03441	0.0335016840623132	False
height	Height	8:135544022:C:A	0.2388	0.2388	0.02182	0.0211832392409143	False
height	Height	8:8781000:G:T	0.05738	0.05738	0.0396	0.0386536440730149	False
height	Height	8:78452420:A:G	0.0753	0.0753	0.03507	0.0341177248307753	False
height	Height	8:23675523:T:C	0.90592	0.09408000000000005	0.03149	0.0305440521713306	False
height	Height	8:8283059:A:C	0.5749	0.42510000000000003	0.0184	0.0178989918337764	True
height	Height	8:144356057:A:G	0.2395	0.2395	0.0211	0.0204623223347419	False
height	Height	8:77761919:C:T	0.94857	0.051429999999999976	0.0408	0.0397920841614424	False
height	Height	8:30390205:G:A	0.5103	0.4897	0.01801	0.0175168322937527	True
height	Height	8:123980448:T:C	0.3539	0.3539	0.01885	0.0183180715764607	True
height	Height	8:12685204:A:T	0.7967	0.20330000000000004	0.02241	0.0216990097256557	True
height	Height	8:96434991:G:C	0.5853	0.41469999999999996	0.01818	0.0176541433256656	True
height	Height	8:21861663:G:C	0.4446	0.4446	0.01748	0.0169744705696162	True
height	Height	8:8383396:T:G	0.2499	0.2499	0.0199	0.0192623053070066	True
height	Height	8:11177126:C:A	0.5557	0.44430000000000003	0.01667	0.0161529149754122	True
height	Height	8:92264383:T:A	0.7321	0.2679	0.01871	0.0180832112329804	True
height	Height	8:25314571:G:C	0.6425	0.35750000000000004	0.01703	0.0164789379794076	True
height	Height	8:103661730:T:C	0.01792	0.01792	0.06174	0.0596420572373078	False
height	Height	8:128599672:A:G	0.8266	0.1734	0.02087	0.0200511084628778	True
height	Height	8:67494885:C:T	0.98627	0.01373000000000002	0.06737	0.064936526919876	False
height	Height	8:76113426:T:C	0.09748	0.09748	0.02661	0.0254376122351516	True
height	Height	8:19358434:G:A	0.474	0.474	0.0154	0.01485039366086	True
height	Height	8:57548853:G:A	0.95817	0.041830000000000034	0.03877	0.0373144914915865	False
height	Height	8:49418561:T:C	0.2424	0.2424	0.0174	0.0167117208639516	True
height	Height	8:56570907:T:C	0.01492	0.01492	0.06595	0.0633163193735939	False
height	Height	8:120731144:C:T	0.06927	0.06927	0.02913	0.0277180637891385	True
height	Height	8:4781874:G:A	0.4799	0.4799	0.01482	0.0142420359290667	True
height	Height	8:128986335:T:C	0.8699	0.1301	0.0217	0.02067651749077	True
height	Height	8:21977101:C:T	0.03428	0.03428	0.04048	0.0388608028624944	False
height	Height	8:59784043:C:T	0.4605	0.4605	0.01465	0.0140537690907361	True
height	Height	8:124312505:G:A	0.98915	0.010850000000000026	0.07225	0.0691347816638084	False
height	Height	8:5532881:C:T	0.2016	0.2016	0.0181	0.0173122342203088	True
height	Height	8:56694077:G:T	0.08409	0.08409	0.02676	0.025360036877653	False
height	Height	8:141558632:G:C	0.5306	0.46940000000000004	0.0143	0.0137038235840095	True
height	Height	8:24258609:T:C	0.9422	0.05779999999999996	0.03085	0.029261726973238	False
height	Height	8:49588463:A:G	0.2753	0.2753	0.01592	0.0152353249176546	True
height	Height	8:76566945:C:T	0.03317	0.03317	0.044	0.0421763935985767	False
height	Height	8:37375458:C:G	0.8567	0.14329999999999998	0.02034	0.0193408144433812	True
height	Height	8:26398643:C:A	0.7392	0.26080000000000003	0.01598	0.0152802305044515	True
height	Height	8:135413853:G:A	0.5811	0.41890000000000005	0.01417	0.0135484985092049	True
height	Height	8:26499089:C:T	0.871	0.129	0.02084	0.0197801668810742	True
height	Height	8:121006826:G:A	0.8161	0.18389999999999995	0.0179	0.0170569313683864	True
height	Height	8:61655690:G:A	0.7479	0.2521	0.01587	0.0151495683895885	True
height	Height	8:28592568:A:G	0.6856	0.3144	0.01484	0.0141711045208356	True
height	Height	8:74647035:T:A	0.7998	0.20020000000000004	0.01729	0.0164748462188587	False
height	Height	8:38450073:C:T	0.6184	0.38160000000000005	0.01437	0.0137134007901599	True
height	Height	8:127921896:T:C	0.7777	0.22230000000000005	0.01651	0.0157329144631739	True
height	Height	8:72709108:C:A	0.1531	0.1531	0.01897	0.0180157164186568	True
height	Height	8:66692011:C:T	0.933	0.06699999999999995	0.02716	0.0255634737660947	False
height	Height	8:131026459:C:G	0.4361	0.4361	0.01368	0.013035170444368	True
height	Height	8:68808450:G:C	0.8793	0.12070000000000003	0.02129	0.0201298760786431	False
height	Height	8:3577490:A:C	0.6539	0.34609999999999996	0.01427	0.013594622978562	True
height	Height	8:133493459:G:T	0.3233	0.3233	0.01438	0.0136954518164585	True
height	Height	8:144023755:A:G	0.555	0.44499999999999995	0.0136	0.0129470719094441	True
height	Height	8:101806066:G:A	0.6681	0.3319	0.01429	0.013591112475718	True
height	Height	8:22561314:G:T	0.8297	0.1703	0.01773	0.0168185120873554	True
height	Height	8:116856954:A:G	0.97933	0.020669999999999966	0.04783	0.0455736728006245	False
height	Height	8:30278586:A:G	0.03534	0.03534	0.03618	0.0341979794221263	True
height	Height	8:130561611:G:A	0.8566	0.14339999999999997	0.01887	0.017860186341203	True
height	Height	8:77368341:A:G	0.97744	0.022560000000000024	0.04471	0.0424880686151389	False
height	Height	8:117412444:A:G	0.02569	0.02569	0.04278	0.0405927542925715	False
height	Height	8:100696695:A:T	0.8185	0.1815	0.01691	0.0159981262148217	True
height	Height	8:33404281:G:A	0.8942	0.1058	0.02134	0.0200397852189467	False
height	Height	8:38323765:C:G	0.5928	0.4072	0.013	0.0122960111497106	True
height	Height	8:109152042:C:T	0.2322	0.2322	0.01513	0.0143176862719323	True
height	Height	8:72111599:A:G	0.3067	0.3067	0.01372	0.0129630980250574	True
height	Height	8:108777116:G:A	0.02765	0.02765	0.03996	0.037631378291121	True
height	Height	8:73752159:T:A	0.8984	0.10160000000000002	0.02088	0.0195476940943911	False
height	Height	8:96861449:T:A	0.138	0.138	0.01881	0.0176727366913047	False
height	Height	8:57869647:T:C	0.8605	0.13949999999999996	0.01803	0.0169535237799071	True
height	Height	8:32034133:A:C	0.9566	0.043399999999999994	0.03184	0.0296507032672122	False
height	Height	8:49273731:G:C	0.98993	0.010070000000000023	0.06179	0.0581767939598836	False
height	Height	8:12894908:C:A	0.4022	0.4022	0.01257	0.0118194906658959	True
height	Height	8:109012769:T:G	0.663	0.33699999999999997	0.01339	0.0125980064003149	False
height	Height	8:70524868:G:A	0.8957	0.10429999999999995	0.02006	0.0187513517698085	True
height	Height	8:92379615:C:T	0.92392	0.07608000000000004	0.02305	0.02142725317679	True
height	Height	8:103524176:C:T	0.8459	0.15410000000000001	0.01697	0.0159362645808827	True
height	Height	8:26908733:C:G	0.98758	0.012419999999999987	0.05567	0.052434940908513	False
height	Height	8:54465508:C:T	0.02537	0.02537	0.04239	0.0398052307943202	False
height	Height	8:91924970:G:C	0.98132	0.01868000000000003	0.04476	0.0420815526524545	False
height	Height	8:115951408:G:T	0.3284	0.3284	0.01289	0.0120949434328509	True
height	Height	8:130872118:C:T	0.97431	0.02568999999999999	0.03799	0.0354659214597176	False
height	Height	8:134609127:C:A	0.1987	0.1987	0.01506	0.0141321030282801	True
height	Height	8:97588387:A:G	0.92824	0.07176000000000005	0.02325	0.0215444369566998	True
height	Height	8:22449181:C:T	0.94435	0.05564999999999998	0.02613	0.0241387281819103	False
height	Height	8:58136900:T:G	0.1726	0.1726	0.01598	0.0149735010854112	True
height	Height	8:128026128:C:A	0.6802	0.3198	0.01274	0.0119248856349049	True
height	Height	8:41165794:T:C	0.5494	0.4506	0.01194	0.0111623314410567	True
height	Height	8:120002686:C:G	0.02339	0.02339	0.04026	0.0375770795621957	False
height	Height	8:25962989:A:G	0.8296	0.1704	0.01569	0.0146738091719488	True
height	Height	8:60048065:A:T	0.05559	0.05559	0.02587	0.0238219747103763	False
height	Height	8:20572948:A:T	0.3927	0.3927	0.01205	0.0112544148769789	True
height	Height	8:56384249:A:T	0.01828	0.01828	0.04506	0.0421671363117312	False
height	Height	8:81752892:C:T	0.1413	0.1413	0.01683	0.01570623918344	False
height	Height	8:77992310:A:G	0.08354	0.08354	0.02108	0.019518553259123	False
height	Height	8:140646051:C:T	0.15	0.15	0.01666	0.0155381808628177	False
height	Height	8:117852235:C:T	0.07858	0.07858	0.02306	0.0212619706224367	False
height	Height	8:142219810:G:A	0.8136	0.1864	0.01491	0.0139152636226571	True
height	Height	8:129982021:T:A	0.3475	0.3475	0.01229	0.0114485597474597	True
height	Height	8:61874498:T:C	0.8679	0.1321	0.01706	0.0158805328286688	True
height	Height	8:13529917:T:G	0.98481	0.015190000000000037	0.04882	0.0455867188570978	False
height	Height	8:49083419:A:G	0.97159	0.028410000000000046	0.03759	0.0347840058664484	False
height	Height	8:61046885:C:T	0.2774	0.2774	0.01289	0.0120011783196542	True
height	Height	8:16014845:T:C	0.01918	0.01918	0.04214	0.0391647692278288	False
height	Height	8:70157585:A:G	0.2519	0.2519	0.01365	0.0126945199361331	True
height	Height	8:74214310:C:G	0.5494	0.4506	0.01143	0.0106114404111747	True
height	Height	8:108431161:T:C	0.5761	0.42390000000000005	0.01149	0.0106660654991361	True
height	Height	8:17743994:C:T	0.3328	0.3328	0.01225	0.0113685067797537	True
height	Height	8:55476200:G:T	0.2418	0.2418	0.01322	0.0122676747509295	True
height	Height	8:104980184:G:A	0.98903	0.010970000000000035	0.05538	0.0514623573395201	False
height	Height	8:130374305:C:T	0.2952	0.2952	0.01228	0.0113764572140998	True
height	Height	8:90977881:C:A	0.04604	0.04604	0.02681	0.0244122280433388	False
height	Height	8:32412304:T:G	0.6976	0.3024	0.0121	0.011198196402097	True
height	Height	8:87515619:C:A	0.6009	0.3991	0.01248	0.0115505814130209	False
height	Height	8:55801806:T:C	0.4242	0.4242	0.01124	0.0103943222965271	True
height	Height	8:59897891:G:A	0.7817	0.21830000000000005	0.01343	0.0124316765594559	True
height	Height	8:19491705:C:T	0.4062	0.4062	0.01168	0.010797802040502	True
height	Height	8:17539884:G:A	0.8778	0.12219999999999998	0.0168	0.0155023801325458	False
height	Height	8:39932485:A:G	0.5941	0.40590000000000004	0.01124	0.0103721278624837	True
height	Height	8:1021266:A:C	0.6465	0.35350000000000004	0.01143	0.0105416006467789	True
height	Height	8:23278566:G:A	0.0334	0.0334	0.03047	0.0276444571233588	False
height	Height	8:142374304:C:G	0.1359	0.1359	0.0159	0.0146542961313386	True
height	Height	8:99444695:T:C	0.9788	0.021199999999999997	0.03856	0.0352971729288173	False
height	Height	9:119122437:T:G	0.7968	0.20320000000000005	0.05958	0.0593640263508579	True
height	Height	9:98217581:T:C	0.3492	0.3492	0.04912	0.0489533104582446	True
height	Height	9:99151430:A:C	0.1632	0.1632	0.05458	0.0543161397736964	True
height	Height	9:78511889:G:A	0.8781	0.12190000000000001	0.05838	0.0580474912754241	True
height	Height	9:98368761:T:C	0.7426	0.25739999999999996	0.03997	0.0397177471016247	True
height	Height	9:109643880:T:A	0.2963	0.2963	0.03752	0.0372657406953332	True
height	Height	9:139127566:C:A	0.2792	0.2792	0.03658	0.0363044511498446	True
height	Height	9:133473303:C:G	0.6472	0.3528	0.03312	0.032821547066126	True
height	Height	9:139374457:A:C	0.2766	0.2766	0.03208	0.0317159418488079	False
height	Height	9:97804290:A:G	0.96327	0.03673000000000004	0.07448	0.0736240956983397	True
height	Height	9:90873653:G:A	0.4191	0.4191	0.02714	0.0267383137830182	True
height	Height	9:89088502:A:T	0.5223	0.4777	0.02507	0.0246469166936436	False
height	Height	9:98104492:G:T	0.4314	0.4314	0.02571	0.0252654544898489	True
height	Height	9:96951558:T:A	0.0444	0.0444	0.05894	0.0580991943626905	False
height	Height	9:118470292:C:T	0.93236	0.06764000000000003	0.04821	0.0475853610512804	True
height	Height	9:109518208:A:G	0.1578	0.1578	0.03261	0.032063700781909	True
height	Height	9:109177571:G:C	0.4815	0.4815	0.02304	0.0225904603856978	True
height	Height	9:86639109:T:G	0.25	0.25	0.02635	0.0258105851940504	True
height	Height	9:123496570:C:T	0.3043	0.3043	0.02473	0.0242223717556131	True
height	Height	9:119309525:G:C	0.5105	0.48950000000000005	0.02257	0.0221125578002967	True
height	Height	9:89840457:C:A	0.4229	0.4229	0.02222	0.0217514441965106	True
height	Height	9:90769602:G:A	0.1392	0.1392	0.03475	0.0340935719870754	False
height	Height	9:108951075:C:T	0.7252	0.27480000000000004	0.02416	0.0236116152230079	True
height	Height	9:94486321:C:T	0.3296	0.3296	0.02288	0.0223707389675258	True
height	Height	9:95433844:T:C	0.4347	0.4347	0.02149	0.0210195491666435	True
height	Height	9:95046659:G:C	0.09082	0.09082	0.03807	0.0373823615621617	False
height	Height	9:118810868:A:G	0.92248	0.07752000000000003	0.03911	0.0383910439258968	True
height	Height	9:78759705:T:A	0.05715	0.05715	0.04362	0.0427965433498888	True
height	Height	9:116168755:G:A	0.8944	0.10560000000000003	0.03264	0.031858034200592	False
height	Height	9:113801231:C:T	0.7607	0.23929999999999996	0.02308	0.0224628376568098	True
height	Height	9:14446001:C:T	0.5193	0.4807	0.01917	0.0186910314767177	True
height	Height	9:85076554:C:G	0.1993	0.1993	0.02392	0.0232325792805612	True
height	Height	9:35932874:G:A	0.5122	0.4878	0.01926	0.0187714098569913	True
height	Height	9:95147434:C:T	0.8879	0.11209999999999998	0.03004	0.029185942335385	False
height	Height	9:123753253:T:C	0.09667	0.09667	0.03195	0.0310720749313888	True
height	Height	9:117869930:C:T	0.585	0.41500000000000004	0.01912	0.0186262907424034	True
height	Height	9:96262725:C:T	0.1061	0.1061	0.0301	0.0292011055899931	True
height	Height	9:114188671:T:C	0.4277	0.4277	0.01873	0.0182338251958963	True
height	Height	9:16413632:A:T	0.3972	0.3972	0.01879	0.0182868115230093	True
height	Height	9:35734903:T:G	0.1878	0.1878	0.02306	0.0223252328152596	True
height	Height	9:97136360:C:A	0.98834	0.011660000000000004	0.08513	0.0829060081966975	False
height	Height	9:100763455:C:T	0.783	0.21699999999999997	0.02146	0.0207752792262143	False
height	Height	9:118137062:G:T	0.98179	0.01820999999999995	0.06634	0.0644340784288724	False
height	Height	9:98568543:C:T	0.392	0.392	0.01801	0.0174903962836382	True
height	Height	9:4740251:A:C	0.7501	0.2499	0.02008	0.0194498823169916	True
height	Height	9:122648129:G:T	0.3674	0.3674	0.01803	0.0175011464706083	True
height	Height	9:118966861:T:G	0.0811	0.0811	0.03138	0.030300783964252	False
height	Height	9:109908043:C:T	0.1463	0.1463	0.02391	0.023032001038839	True
height	Height	9:139617836:C:T	0.8745	0.12549999999999994	0.0254	0.0244407988691982	False
height	Height	9:124279102:G:A	0.6843	0.3157	0.0178	0.0172251304078287	False
height	Height	9:114301045:A:G	0.3497	0.3497	0.01719	0.0166348868366572	True
height	Height	9:94253336:C:T	0.2367	0.2367	0.01932	0.0186510654554081	True
height	Height	9:99790022:T:C	0.01558	0.01558	0.06655	0.0643529175007201	False
height	Height	9:95715145:T:C	0.9565	0.04349999999999998	0.04186	0.0405900563126852	False
height	Height	9:115253537:C:G	0.8519	0.1481	0.02292	0.0220302072630679	True
height	Height	9:125550272:C:T	0.98673	0.013270000000000004	0.07473	0.07220747370687	False
height	Height	9:34660864:C:T	0.97839	0.021610000000000018	0.05572	0.0539853988756018	False
height	Height	9:113939593:T:A	0.4373	0.4373	0.01632	0.0157902801210865	True
height	Height	9:90609104:T:C	0.6058	0.3942	0.01652	0.015966907130891	False
height	Height	9:113018755:T:C	0.8583	0.14170000000000005	0.02284	0.0219080990952504	True
height	Height	9:101741666:G:A	0.6382	0.3618	0.01652	0.0159582610734821	True
height	Height	9:88978867:A:C	0.3452	0.3452	0.01657	0.0159938173011325	True
height	Height	9:89951180:T:G	0.58	0.42000000000000004	0.01585	0.0153024453311005	True
height	Height	9:91061756:T:A	0.02145	0.02145	0.05413	0.0523258200858986	False
height	Height	9:16692104:C:T	0.09444	0.09444	0.02669	0.0255071203320043	True
height	Height	9:97317712:T:A	0.08788	0.08788	0.02752	0.0262886678478321	False
height	Height	9:17040371:C:A	0.9143	0.0857	0.0276	0.0263498316766384	True
height	Height	9:137004907:T:C	0.49	0.49	0.01535	0.0147913239949325	True
height	Height	9:117039725:G:T	0.2469	0.2469	0.01752	0.0168454110126749	True
height	Height	9:33681446:A:C	0.05466	0.05466	0.0333	0.031864840917668	True
height	Height	9:13898956:G:A	0.3298	0.3298	0.01605	0.0154469269177614	True
height	Height	9:128221686:C:T	0.6462	0.3538	0.01565	0.0150526495673552	False
height	Height	9:117979360:C:A	0.2326	0.2326	0.0177	0.016989372965213	True
height	Height	9:22143570:A:T	0.8392	0.16080000000000005	0.01965	0.0187550750835493	True
height	Height	9:124072652:G:T	0.3851	0.3851	0.01485	0.0142325753354387	True
height	Height	9:96679044:G:A	0.8047	0.19530000000000003	0.01817	0.0173603702144257	True
height	Height	9:16809958:T:C	0.93462	0.06538	0.02879	0.0272710560585784	False
height	Height	9:78289025:G:A	0.01873	0.01873	0.05258	0.0504241561758653	False
height	Height	9:33228361:A:G	0.01655	0.01655	0.05711	0.0546905157334999	False
height	Height	9:95883958:A:T	0.185	0.185	0.01814	0.0173102995009319	True
height	Height	9:111662350:G:A	0.1388	0.1388	0.02029	0.0192925556368499	True
height	Height	9:76703749:C:T	0.366	0.366	0.01455	0.0139056328994214	True
height	Height	9:23338258:G:A	0.7033	0.29669999999999996	0.01524	0.0145611926773857	True
height	Height	9:564836:G:T	0.7638	0.23619999999999997	0.01637	0.0156293158433798	True
height	Height	9:101844549:G:A	0.8565	0.14349999999999996	0.01975	0.0187643455656158	True
height	Height	9:132233346:A:T	0.503	0.497	0.01381	0.0131853517640842	True
height	Height	9:92230041:G:A	0.7902	0.2098	0.01709	0.0162881694295444	True
height	Height	9:126013023:A:G	0.06986	0.06986	0.02706	0.0254880042669917	True
height	Height	9:140742661:C:T	0.302	0.302	0.0151	0.014404942764522	True
height	Height	9:136383216:T:C	0.9612	0.038799999999999946	0.03597	0.0341225020525908	False
height	Height	9:113483093:C:A	0.4267	0.4267	0.01353	0.0128738763931996	True
height	Height	9:90052537:T:C	0.6167	0.3833	0.01377	0.0131013108654466	True
height	Height	9:110103101:A:G	0.90623	0.09377000000000002	0.02303	0.0216794891602732	True
height	Height	9:118674664:C:T	0.7956	0.20440000000000003	0.01688	0.0160358174960673	True
height	Height	9:96011818:C:T	0.01302	0.01302	0.06219	0.0591247194209809	False
height	Height	9:16538595:G:A	0.5501	0.44989999999999997	0.01352	0.0128551291652347	True
height	Height	9:3840882:T:C	0.4759	0.4759	0.01348	0.012817565007475	True
height	Height	9:34354448:G:A	0.782	0.21799999999999997	0.01602	0.0152196090722685	True
height	Height	9:129833029:G:A	0.8681	0.13190000000000002	0.0196	0.0185189411420965	False
height	Height	9:140077639:G:A	0.7484	0.25160000000000005	0.01507	0.0143023805336549	False
height	Height	9:83235735:T:G	0.1395	0.1395	0.01872	0.0176842145473112	True
height	Height	9:76097295:G:A	0.97087	0.02912999999999999	0.03923	0.0370884697381627	False
height	Height	9:17413556:C:T	0.6794	0.3206	0.01393	0.0131986715934583	True
height	Height	9:109411934:G:A	0.98884	0.011159999999999948	0.06147	0.0582220339102045	False
height	Height	9:14002263:G:A	0.735	0.265	0.01456	0.0137904095169681	True
height	Height	9:131007001:C:T	0.98942	0.010580000000000034	0.0653	0.0617536273436611	False
height	Height	9:113688229:C:G	0.5743	0.42569999999999997	0.01297	0.0122699558183155	False
height	Height	9:136595458:G:A	0.05226	0.05226	0.03027	0.0282719140423328	False
height	Height	9:16912919:A:G	0.1118	0.1118	0.02009	0.0188641341528182	False
height	Height	9:3527105:T:G	0.97901	0.020989999999999953	0.04422	0.0418270614769078	False
height	Height	9:98939413:T:A	0.8811	0.1189	0.01959	0.018398371636353	False
height	Height	9:136879205:T:A	0.7808	0.21919999999999995	0.01656	0.0156166251869612	False
height	Height	9:116016269:C:G	0.4127	0.4127	0.01279	0.0120624220171332	True
height	Height	9:83447667:A:C	0.8881	0.1119	0.01977	0.0185416120473393	True
height	Height	9:21159038:T:C	0.9596	0.04039999999999999	0.03178	0.0295952262666417	False
height	Height	9:135734727:C:G	0.2444	0.2444	0.01439	0.0135596243919604	True
height	Height	9:20065255:A:G	0.1613	0.1613	0.01682	0.0158213817938093	True
height	Height	9:108825964:A:C	0.7117	0.2883	0.0135	0.0126879936974667	True
height	Height	9:134634208:A:G	0.3699	0.3699	0.01254	0.011766956712865	True
height	Height	9:7174673:G:A	0.4807	0.4807	0.01207	0.0113204952063689	True
height	Height	9:116924562:C:A	0.01897	0.01897	0.0443	0.0416278569018	True
height	Height	9:106856692:T:C	0.4489	0.4489	0.01212	0.0113638473558232	True
height	Height	9:117692253:T:G	0.8855	0.11450000000000005	0.01918	0.0179140729984788	False
height	Height	9:13738672:T:G	0.2275	0.2275	0.01448	0.0135896070301418	False
height	Height	9:112508796:G:A	0.4456	0.4456	0.01213	0.0113679667938794	True
height	Height	9:94696777:C:T	0.04477	0.04477	0.0293	0.027072303913898	False
height	Height	9:15537378:A:G	0.95823	0.041769999999999974	0.02993	0.0276441951970145	False
height	Height	9:111182085:T:C	0.7065	0.2935	0.01303	0.0121941699557013	True
height	Height	9:112912221:A:G	0.4648	0.4648	0.01187	0.011098239571258	True
height	Height	9:78865300:G:A	0.4561	0.4561	0.01189	0.011113115847916	True
height	Height	9:131120665:G:A	0.96486	0.03513999999999995	0.03223	0.0297620852569323	False
height	Height	9:74061310:C:T	0.8856	0.11439999999999995	0.01843	0.0171530259344957	True
height	Height	9:123254403:G:A	0.03465	0.03465	0.03176	0.0292350245508387	False
height	Height	9:136149711:A:T	0.815	0.18500000000000005	0.01498	0.0139812599348871	True
height	Height	9:121721237:G:A	0.8815	0.11850000000000005	0.01799	0.0167362795566871	True
height	Height	9:3242834:C:T	0.6032	0.39680000000000004	0.01194	0.0111257445694021	True
height	Height	9:126496972:T:C	0.1363	0.1363	0.01686	0.0157008595825453	True
height	Height	9:101639600:C:T	0.08774	0.08774	0.02024	0.018694990452042	False
height	Height	9:82347459:G:A	0.96581	0.034190000000000054	0.0319	0.0292550165530314	False
height	Height	9:1245725:G:A	0.02113	0.02113	0.04235	0.0393440195447945	False
height	Height	9:80297819:T:C	0.2312	0.2312	0.01338	0.0124221386985916	True
height	Height	9:15778141:A:G	0.4544	0.4544	0.01133	0.0105051792347329	True
height	Height	9:137272221:C:T	0.7269	0.2731	0.01277	0.0118454603260786	True
height	Height	9:18629283:G:A	0.757	0.243	0.01317	0.0122173361354734	True
height	Height	9:12171798:C:G	0.07289	0.07289	0.02156	0.019794351458687	False
height	Height	9:12302048:G:A	0.3882	0.3882	0.01149	0.0106443191931567	True
height	Height	9:86755967:A:G	0.3202	0.3202	0.012	0.0111172245538363	True
height	Height	9:129334540:A:G	0.6557	0.34430000000000005	0.01168	0.0108005965675885	True
height	Height	9:20723087:C:A	0.4054	0.4054	0.01147	0.0105966348996218	True
height	Height	9:27356691:T:C	0.5363	0.4637	0.01109	0.0102418317258639	True
height	Height	9:14806338:C:G	0.98132	0.01868000000000003	0.04125	0.0380076268579298	False
height	Height	9:4275623:T:G	0.9828	0.017199999999999993	0.04362	0.0402364345698202	True
height	Height	9:115653026:C:T	0.1298	0.1298	0.01666	0.0153625415982424	False
height	Height	9:94590439:T:C	0.04491	0.04491	0.02633	0.0238795002558663	False
height	Height	9:75735798:G:A	0.01154	0.01154	0.05267	0.0486698699782994	False
height	Height	9:82218768:A:C	0.98831	0.011689999999999978	0.052	0.0480492332721462	False
height	Height	9:111413719:A:G	0.2318	0.2318	0.01293	0.0119205737457275	False
height	Height	9:114874774:A:G	0.7473	0.25270000000000004	0.01254	0.0115592563482578	True
height	Height	9:75869898:G:A	0.3275	0.3275	0.01162	0.0107017201215275	True
height	Height	10:81136129:C:A	0.4959	0.4959	0.03803	0.0378257323479467	True
height	Height	10:80924258:G:T	0.566	0.43400000000000005	0.03514	0.0348963689711501	True
height	Height	10:93037409:A:G	0.1904	0.1904	0.04288	0.0426034039953106	True
height	Height	10:69965177:C:T	0.4973	0.4973	0.03269	0.0324096301853161	True
height	Height	10:12949653:G:T	0.7187	0.2813	0.03235	0.0319934771293374	True
height	Height	10:70143774:C:T	0.8129	0.18710000000000004	0.03708	0.0367209828431834	True
height	Height	10:61469538:T:C	0.2313	0.2313	0.03208	0.0316668280743522	False
height	Height	10:104313395:C:T	0.5839	0.4161	0.02737	0.0269751835040915	True
height	Height	10:121129797:G:A	0.2293	0.2293	0.03191	0.031491255598707	True
height	Height	10:97941022:T:C	0.6602	0.3398	0.02788	0.0274632461041752	True
height	Height	10:126290498:G:A	0.5932	0.40680000000000005	0.0264	0.025973526525059	True
height	Height	10:124193181:T:G	0.4708	0.4708	0.02494	0.024514541588932	True
height	Height	10:27900882:C:T	0.5042	0.4958	0.02444	0.0240060911130022	True
height	Height	10:28923735:A:G	0.201	0.201	0.03011	0.0295902235345286	True
height	Height	10:52760917:A:G	0.765	0.235	0.02732	0.0267839779394516	True
height	Height	10:65338304:A:G	0.5257	0.47430000000000005	0.02271	0.022256201148078	True
height	Height	10:70446914:C:G	0.405	0.405	0.02309	0.0226111323937604	True
height	Height	10:105492549:A:G	0.2318	0.2318	0.02663	0.0260617466207359	True
height	Height	10:53290991:T:C	0.1641	0.1641	0.0291	0.0284447400275326	False
height	Height	10:102661251:G:T	0.5497	0.45030000000000003	0.02143	0.0209628460077826	True
height	Height	10:121653399:A:C	0.8819	0.11809999999999998	0.03258	0.031881659572424	True
height	Height	10:120965341:A:G	0.1037	0.1037	0.0346	0.0338973086298138	True
height	Height	10:100013815:C:T	0.3385	0.3385	0.02167	0.0211573140393757	True
height	Height	10:11907982:T:C	0.1921	0.1921	0.0254	0.0247232353240781	True
height	Height	10:123405480:C:G	0.7319	0.2681	0.02248	0.0218974476839554	True
height	Height	10:25178864:G:A	0.1654	0.1654	0.02697	0.0262394824937075	True
height	Height	10:104580517:C:T	0.05406	0.05406	0.04386	0.0430041310060914	True
height	Height	10:98578149:T:C	0.1026	0.1026	0.03241	0.0316038063507928	False
height	Height	10:126413773:C:A	0.3111	0.3111	0.02123	0.0206839119171007	True
height	Height	10:89623323:G:A	0.98681	0.013190000000000035	0.08483	0.0829899171387196	False
height	Height	10:105611147:C:T	0.09757	0.09757	0.03225	0.0313972413115128	False
height	Height	10:102317557:T:G	0.7904	0.2096	0.02348	0.0227946082425137	True
height	Height	10:94905911:T:A	0.06433	0.06433	0.03763	0.0366836744884457	False
height	Height	10:63751748:G:A	0.4267	0.4267	0.01844	0.0179424681764262	True
height	Height	10:23776811:A:G	0.327	0.327	0.01903	0.0184825779612274	True
height	Height	10:79703255:G:A	0.7493	0.25070000000000003	0.02052	0.0198889408009193	True
height	Height	10:114887817:A:G	0.06353	0.06353	0.03613	0.0351027392738708	True
height	Height	10:50534599:G:A	0.5503	0.4497	0.01744	0.0169391065349544	True
height	Height	10:28160836:T:C	0.698	0.30200000000000005	0.01889	0.0183142175547395	True
height	Height	10:92932937:A:G	0.5399	0.46009999999999995	0.01723	0.016725214059948	True
height	Height	10:29491536:G:A	0.8461	0.15390000000000004	0.02383	0.0229507286478408	True
height	Height	10:32160519:A:C	0.7018	0.2982	0.01835	0.017767898181033	True
height	Height	10:126670356:G:A	0.1431	0.1431	0.02404	0.0231417224673932	False
height	Height	10:93372126:C:T	0.2731	0.2731	0.01895	0.0183293202778744	True
height	Height	10:5042294:T:C	0.8833	0.11670000000000003	0.02604	0.0250308575019041	True
height	Height	10:131348554:C:T	0.608	0.392	0.0168	0.016264744386991	False
height	Height	10:61724769:T:C	0.1156	0.1156	0.02534	0.0242964409403661	True
height	Height	10:88081438:C:T	0.05411	0.05411	0.03546	0.0341945729089583	False
height	Height	10:105345327:C:T	0.7572	0.24280000000000002	0.01868	0.0180171210184589	True
height	Height	10:103474098:T:G	0.3269	0.3269	0.01713	0.0165491725334819	True
height	Height	10:104167034:G:A	0.05929	0.05929	0.03379	0.0324975978433678	False
height	Height	10:120514834:G:A	0.6461	0.3539	0.01658	0.0160145798156897	True
height	Height	10:133775196:G:A	0.2547	0.2547	0.01803	0.0173779582112858	True
height	Height	10:114353465:A:C	0.642	0.358	0.01636	0.0157875380492088	True
height	Height	10:64539964:A:G	0.4854	0.4854	0.01548	0.0149308446866452	False
height	Height	10:97641804:A:G	0.1005	0.1005	0.02611	0.0249010627230996	False
height	Height	10:25334906:A:G	0.3674	0.3674	0.01572	0.0151400118051322	True
height	Height	10:101806252:A:G	0.5833	0.41669999999999996	0.01525	0.0146826100010324	False
height	Height	10:43693727:G:A	0.2769	0.2769	0.01682	0.0161719079627218	True
height	Height	10:124076754:C:T	0.93758	0.06242000000000003	0.03091	0.0294628169935604	False
height	Height	10:125105668:A:G	0.8048	0.19520000000000004	0.01866	0.0178708510948189	True
height	Height	10:126190467:C:T	0.2407	0.2407	0.01739	0.0166816104279248	True
height	Height	10:27695407:G:T	0.1141	0.1141	0.02317	0.0220441256698591	False
height	Height	10:28341783:C:T	0.91232	0.08767999999999998	0.02588	0.0245779723302709	True
height	Height	10:81034849:C:T	0.93399	0.06601000000000001	0.02973	0.0282562064374438	False
height	Height	10:115792062:G:A	0.7353	0.26470000000000005	0.01634	0.01565770516278	True
height	Height	10:123563485:T:A	0.572	0.42800000000000005	0.01489	0.0142725196329043	True
height	Height	10:96119130:C:T	0.8461	0.15390000000000004	0.0195	0.0185716399476495	False
height	Height	10:70860046:C:G	0.07863	0.07863	0.02666	0.0251836461516692	False
height	Height	10:24207357:A:C	0.2314	0.2314	0.01665	0.0158967977931767	False
height	Height	10:71289989:T:C	0.2169	0.2169	0.01724	0.0164498276623498	True
height	Height	10:88690650:T:C	0.07673	0.07673	0.02602	0.0245577468382128	False
height	Height	10:44104101:C:T	0.133	0.133	0.02034	0.0193071969605556	True
height	Height	10:89862700:G:T	0.05169	0.05169	0.03129	0.0295554697552687	False
height	Height	10:22421254:G:A	0.08013	0.08013	0.02502	0.0235527157204608	False
height	Height	10:120025794:A:C	0.6098	0.3902	0.01384	0.0131831236266882	False
height	Height	10:17156151:A:G	0.6254	0.37460000000000004	0.01384	0.0131729747697652	True
height	Height	10:12828453:T:G	0.214	0.214	0.01634	0.015537357910993	True
height	Height	10:32032684:A:T	0.6455	0.35450000000000004	0.0139	0.0132178539447964	True
height	Height	10:5737065:C:T	0.6681	0.3319	0.01413	0.0134341261503872	True
height	Height	10:52875146:A:T	0.5331	0.4669	0.01359	0.012915113156689	True
height	Height	10:63369632:G:A	0.3057	0.3057	0.01419	0.0134682030411982	True
height	Height	10:93647749:A:G	0.1025	0.1025	0.02156	0.0202727886770358	True
height	Height	10:130842093:T:C	0.2532	0.2532	0.01489	0.0141196263163995	True
height	Height	10:76856122:C:T	0.7425	0.25749999999999995	0.01475	0.0139775522524801	True
height	Height	10:114105244:G:T	0.92073	0.07926999999999995	0.02389	0.022349008913583	True
height	Height	10:29233160:A:G	0.2851	0.2851	0.01423	0.0134734141408222	True
height	Height	10:12009012:T:A	0.8656	0.13439999999999996	0.0188	0.0177243503176648	False
height	Height	10:15206803:A:G	0.3545	0.3545	0.01334	0.0126197042198319	False
height	Height	10:95256200:C:A	0.02249	0.02249	0.04404	0.0417192330227089	True
height	Height	10:95472875:C:T	0.407	0.407	0.01287	0.0121511859536289	True
height	Height	10:77349537:G:T	0.2744	0.2744	0.01442	0.0136225837097957	True
height	Height	10:52639657:G:C	0.2965	0.2965	0.01378	0.0130149190314577	True
height	Height	10:28006142:C:T	0.8877	0.11229999999999996	0.01987	0.0186445169317437	True
height	Height	10:79034002:C:T	0.1875	0.1875	0.01608	0.0151705406632888	True
height	Height	10:105103698:C:G	0.01261	0.01261	0.05752	0.0543559765522881	False
height	Height	10:3193412:C:T	0.0498	0.0498	0.02885	0.026827665484399	False
height	Height	10:73807414:T:C	0.411	0.411	0.01266	0.0119307858374078	True
height	Height	10:3513493:C:T	0.8741	0.1259	0.01868	0.0175364443634271	True
height	Height	10:103189097:G:A	0.98301	0.01698999999999995	0.04863	0.0459348537375966	False
height	Height	10:62209255:G:A	0.5179	0.4821	0.01229	0.0115564639359117	True
height	Height	10:1729026:C:T	0.4602	0.4602	0.01234	0.0115974594009545	True
height	Height	10:126878645:C:T	0.3651	0.3651	0.01314	0.012337803464692	True
height	Height	10:124398289:C:A	0.09819	0.09819	0.02041	0.0190206111289625	True
height	Height	10:90144950:G:A	0.6266	0.37339999999999995	0.01252	0.0117418568836588	True
height	Height	10:127699936:T:C	0.4077	0.4077	0.01225	0.0114864834706012	True
height	Height	10:54126014:T:G	0.02432	0.02432	0.03995	0.0373635088434465	False
height	Height	10:7466138:C:G	0.8024	0.1976	0.01502	0.0140864360567226	False
height	Height	10:81236210:A:G	0.1574	0.1574	0.01646	0.0154225044281227	True
height	Height	10:54337611:A:T	0.615	0.385	0.0124	0.0116156302687066	True
height	Height	10:79937759:C:A	0.8382	0.16180000000000005	0.01624	0.0152104803238604	True
height	Height	10:3807129:G:T	0.4456	0.4456	0.01196	0.011179785546645	True
height	Height	10:126772581:C:T	0.1394	0.1394	0.01731	0.0161676723569399	False
height	Height	10:32686543:C:G	0.4736	0.4736	0.01186	0.0110822145567944	True
height	Height	10:34509861:T:A	0.3181	0.3181	0.01268	0.0118463947541906	True
height	Height	10:72357713:C:T	0.4012	0.4012	0.01193	0.0111254012943649	True
height	Height	10:8103298:A:G	0.6864	0.3136	0.01248	0.0116331589380573	True
height	Height	10:28522189:T:C	0.1177	0.1177	0.018	0.0167179945180263	False
height	Height	10:25722904:T:C	0.01156	0.01156	0.05901	0.0550109273043203	False
height	Height	10:116137961:A:G	0.5346	0.46540000000000004	0.01157	0.0107568553010839	True
height	Height	10:125271549:C:A	0.97257	0.027429999999999954	0.03552	0.0327426158548215	False
height	Height	10:34635529:C:T	0.8559	0.1441	0.0163	0.015158076720585	False
height	Height	10:122485039:C:T	0.0532	0.0532	0.02564	0.0234805069747798	True
height	Height	10:94343565:T:C	0.5184	0.48160000000000003	0.0114	0.0105903915015784	True
height	Height	10:89759308:T:C	0.3813	0.3813	0.01177	0.0109338929986849	False
height	Height	10:12666515:C:T	0.04454	0.04454	0.0279	0.0255048577191785	False
height	Height	10:32422365:A:G	0.261	0.261	0.01294	0.0120258598629775	True
height	Height	10:28629381:T:C	0.97886	0.021140000000000048	0.03998	0.0369959384962463	False
height	Height	10:79822217:T:C	0.1859	0.1859	0.01454	0.0134959403696769	True
height	Height	10:6902686:A:G	0.4748	0.4748	0.0118	0.0109339382724075	True
height	Height	10:91277039:C:T	0.09869	0.09869	0.01887	0.0174083309573171	True
height	Height	10:30456128:T:C	0.6495	0.35050000000000003	0.01175	0.0108782386975682	True
height	Height	10:17848192:G:C	0.1287	0.1287	0.01693	0.0156638001994083	False
height	Height	10:72459184:A:C	0.7624	0.23760000000000003	0.01304	0.0120693158152938	True
height	Height	10:64213025:T:C	0.951	0.049000000000000044	0.02573	0.0234145409045154	False
height	Height	10:12311041:G:C	0.8274	0.17259999999999998	0.01465	0.013554936545779	True
height	Height	10:75000225:C:T	0.94356	0.056440000000000046	0.02461	0.0224064918311315	False
height	Height	10:108925579:G:C	0.6952	0.30479999999999996	0.01201	0.0110954581778087	True
height	Height	10:13114867:C:T	0.7385	0.26149999999999995	0.01286	0.0118801339375371	False
height	Height	10:93934629:A:G	0.1547	0.1547	0.01522	0.0140657028679317	False
height	Height	10:108676335:C:T	0.98437	0.015630000000000033	0.04811	0.0445233426543902	False
height	Height	10:64348538:T:A	0.98538	0.014619999999999966	0.04691	0.0433638712683852	True
height	Height	10:18442635:C:T	0.07076	0.07076	0.0214	0.0195549272553171	False
height	Height	10:71132621:T:G	0.07618	0.07618	0.02104	0.019232940151931	False
height	Height	10:63233954:C:T	0.8355	0.16449999999999998	0.01469	0.0135554393183477	False
height	Height	10:48552551:C:T	0.97251	0.027490000000000014	0.03357	0.0305301052479029	False
height	Height	10:36307079:G:A	0.98613	0.013870000000000049	0.05022	0.0463893520453261	False
height	Height	10:43585151:G:A	0.01163	0.01163	0.05323	0.0491737399953517	False
height	Height	10:105723844:C:T	0.2403	0.2403	0.01278	0.0117730671129789	False
height	Height	10:14118084:C:T	0.267	0.267	0.01229	0.011319796009471	True
height	Height	11:67024534:C:T	0.91662	0.08338000000000001	0.1202	0.120098896515607	False
height	Height	11:2813322:C:T	0.98065	0.01934999999999998	0.199	0.198657360489128	True
height	Height	11:75276178:A:C	0.1397	0.1397	0.06778	0.0675108609025491	True
height	Height	11:47486885:C:T	0.6497	0.35029999999999994	0.03245	0.0321388259861266	True
height	Height	11:68410157:C:T	0.8446	0.15539999999999998	0.04307	0.0427394548303066	True
height	Height	11:2165576:G:A	0.8173	0.18269999999999997	0.03969	0.0393636114938828	True
height	Height	11:12664541:A:G	0.4902	0.4902	0.02772	0.0273398543562878	True
height	Height	11:120293138:G:A	0.8841	0.1159	0.04306	0.0426402150183105	True
height	Height	11:2013073:C:A	0.1511	0.1511	0.03856	0.0381604144401944	True
height	Height	11:75113731:G:A	0.07517	0.07517	0.05067	0.0501276873747298	False
height	Height	11:69355082:G:A	0.03483	0.03483	0.07722	0.0762414495829893	False
height	Height	11:30447998:C:T	0.4097	0.4097	0.02644	0.0260263595422487	True
height	Height	11:128675657:T:G	0.6655	0.3345	0.02627	0.0258188478183935	True
height	Height	11:48414839:G:A	0.5714	0.4286	0.02666	0.0261940268942769	True
height	Height	11:69246809:G:A	0.1159	0.1159	0.037	0.0364466984229641	False
height	Height	11:47275064:G:A	0.2679	0.2679	0.025	0.0244613066970473	True
height	Height	11:30311493:A:G	0.7282	0.27180000000000004	0.02472	0.0241810822880858	True
height	Height	11:118598612:T:G	0.3974	0.3974	0.02199	0.0215081120552579	True
height	Height	11:1892161:G:A	0.04326	0.04326	0.05453	0.0535753137591304	False
height	Height	11:127932610:G:C	0.8135	0.1865	0.02697	0.0263055551913352	True
height	Height	11:49585779:G:A	0.4459	0.4459	0.02273	0.0221795669081717	False
height	Height	11:68859683:A:G	0.3289	0.3289	0.02192	0.0213997709587849	True
height	Height	11:69457547:C:T	0.90135	0.09865000000000002	0.0363	0.0355612678783759	True
height	Height	11:65661291:C:T	0.7996	0.20040000000000002	0.02562	0.0249662813006385	True
height	Height	11:17176057:G:A	0.5088	0.49119999999999997	0.01937	0.0188940341239387	True
height	Height	11:130278773:C:T	0.9888	0.011199999999999988	0.09179	0.0899806556799336	False
height	Height	11:18664241:T:G	0.2544	0.2544	0.02216	0.0215552720540042	True
height	Height	11:11997431:C:G	0.8212	0.17879999999999996	0.02513	0.0243967473142341	True
height	Height	11:68097826:T:G	0.6874	0.3126	0.02053	0.0199814522327941	True
height	Height	11:69987739:G:A	0.8783	0.12170000000000003	0.02914	0.0282985998188285	True
height	Height	11:74274007:G:C	0.4714	0.4714	0.01908	0.0185929133917638	True
height	Height	11:129152313:C:T	0.1345	0.1345	0.02767	0.0268491551843296	True
height	Height	11:13295353:G:T	0.3039	0.3039	0.02003	0.019471426710681	True
height	Height	11:95348025:A:G	0.349	0.349	0.01933	0.0187964541467021	True
height	Height	11:125825224:G:T	0.5819	0.4181	0.01842	0.0179171627375799	True
height	Height	11:89079321:G:C	0.91071	0.08928999999999998	0.0319	0.0309246569290739	True
height	Height	11:128575343:G:A	0.3978	0.3978	0.01831	0.0178023644780039	True
height	Height	11:46062245:A:G	0.1504	0.1504	0.02509	0.0242561483202373	True
height	Height	11:65762814:T:C	0.3413	0.3413	0.01885	0.0183149336783685	True
height	Height	11:57448325:C:T	0.4509	0.4509	0.0176	0.0170999089724761	True
height	Height	11:126179774:T:C	0.1128	0.1128	0.02773	0.0267684253178021	True
height	Height	11:17943664:C:G	0.3921	0.3921	0.01781	0.0172908515913271	True
height	Height	11:14390463:G:T	0.649	0.351	0.01811	0.0175720854013505	True
height	Height	11:74428243:C:T	0.8006	0.19940000000000002	0.02192	0.0211814940554557	True
height	Height	11:85451938:A:C	0.6888	0.31120000000000003	0.01818	0.0176098961973297	True
height	Height	11:45229091:G:A	0.1428	0.1428	0.02406	0.0231666773094124	True
height	Height	11:45957478:A:G	0.909	0.09099999999999997	0.02912	0.0280330938354769	False
height	Height	11:125981569:T:C	0.6289	0.3711	0.01759	0.0170383069980271	True
height	Height	11:59598607:G:A	0.95502	0.04498000000000002	0.03952	0.0382889538466529	True
height	Height	11:117084537:G:A	0.8007	0.19930000000000003	0.02035	0.0196118201471281	True
height	Height	11:46270441:T:G	0.7808	0.21919999999999995	0.01964	0.0189410274703953	True
height	Height	11:49817220:C:T	0.95608	0.04391999999999996	0.04163	0.0403302623446903	False
height	Height	11:128443833:A:C	0.5406	0.45940000000000003	0.01609	0.0155627059195566	True
height	Height	11:8255106:G:A	0.4817	0.4817	0.01572	0.0151736039879023	True
height	Height	11:202253:G:A	0.6872	0.31279999999999997	0.01665	0.0160426092528574	True
height	Height	11:76079281:A:T	0.0513	0.0513	0.03487	0.0334748701873374	True
height	Height	11:2632174:T:A	0.92594	0.07406000000000001	0.02925	0.0279035392609768	True
height	Height	11:69810922:G:A	0.1416	0.1416	0.02161	0.0206604481458126	True
height	Height	11:51397295:C:T	0.96796	0.03203999999999996	0.04309	0.0415265881532207	False
height	Height	11:55095202:C:G	0.96877	0.03122999999999998	0.04315	0.0415503966251046	False
height	Height	11:14781646:G:A	0.3436	0.3436	0.01542	0.0148059994958284	True
height	Height	11:55351007:C:T	0.191	0.191	0.0185	0.0177026105030151	True
height	Height	11:118951686:T:G	0.07555	0.07555	0.02769	0.0262601170296099	False
height	Height	11:122842292:A:C	0.5857	0.4143	0.01452	0.0139126584293168	True
height	Height	11:14633490:G:A	0.95165	0.048350000000000004	0.03332	0.0316887541199514	True
height	Height	11:58376276:C:T	0.2396	0.2396	0.01665	0.0159302684221321	True
height	Height	11:123255167:C:A	0.96459	0.03541000000000005	0.04058	0.038841384368318	False
height	Height	11:57786913:C:G	0.7123	0.28769999999999996	0.01562	0.0149392627015117	False
height	Height	11:47800904:T:C	0.16	0.16	0.01912	0.0182122545493086	False
height	Height	11:51093950:C:A	0.1494	0.1494	0.02054	0.0194936040101436	False
height	Height	11:46541220:C:T	0.96699	0.033009999999999984	0.03859	0.036774357898534	False
height	Height	11:20216916:G:A	0.2653	0.2653	0.01561	0.0148998284336492	True
height	Height	11:10183363:T:A	0.706	0.29400000000000004	0.01544	0.0147313658524101	False
height	Height	11:71370113:A:G	0.8243	0.17569999999999997	0.01819	0.0173059094290752	False
height	Height	11:72346850:A:G	0.3276	0.3276	0.01454	0.0138642346832974	True
height	Height	11:61609004:C:A	0.92366	0.07633999999999996	0.02557	0.0240720521199656	False
height	Height	11:14152413:T:C	0.95559	0.04440999999999995	0.03311	0.0312901083410423	True
height	Height	11:9537904:G:C	0.9791	0.02090000000000003	0.04714	0.0450047704561721	True
height	Height	11:30686020:C:T	0.2393	0.2393	0.01574	0.0149842194665655	True
height	Height	11:65525262:C:T	0.05346	0.05346	0.02995	0.0281763407627684	False
height	Height	11:120028701:G:A	0.4347	0.4347	0.01325	0.0125752352300978	True
height	Height	11:36420204:T:C	0.91085	0.08914999999999995	0.0229	0.0215053577128136	True
height	Height	11:17498057:G:A	0.1672	0.1672	0.01833	0.0173401466142681	True
height	Height	11:118809767:G:A	0.93432	0.06567999999999996	0.02638	0.0246880664105205	True
height	Height	11:46423787:G:C	0.03333	0.03333	0.03684	0.034771798008786	False
height	Height	11:64983581:A:G	0.7414	0.25860000000000005	0.01513	0.0143324553244502	False
height	Height	11:71631125:T:A	0.5529	0.44710000000000005	0.01298	0.0122822721188087	False
height	Height	11:72735409:C:G	0.02627	0.02627	0.04037	0.0380859249840659	False
height	Height	11:32112568:A:C	0.7198	0.2802	0.01391	0.0131235536270254	True
height	Height	11:45375596:G:T	0.03577	0.03577	0.03405	0.0318185501629364	True
height	Height	11:101142609:C:G	0.8263	0.17369999999999997	0.01638	0.0154288075360389	True
height	Height	11:85798904:A:T	0.94321	0.05679000000000001	0.02699	0.0250648716843632	False
height	Height	11:85902463:C:G	0.5744	0.4256	0.01261	0.0118693829045707	True
height	Height	11:84764738:C:T	0.94877	0.05123	0.02804	0.0260047409219657	False
height	Height	11:94859146:T:C	0.3518	0.3518	0.01292	0.0121534039666813	True
height	Height	11:623037:G:A	0.04635	0.04635	0.02949	0.0273364640204351	False
height	Height	11:30204340:C:T	0.06388	0.06388	0.02608	0.0241565905805055	False
height	Height	11:58071191:T:C	0.7107	0.2893	0.01351	0.0126921127927374	True
height	Height	11:5625847:A:G	0.388	0.388	0.0124	0.0116350784494414	True
height	Height	11:134017632:C:T	0.8826	0.11739999999999995	0.01924	0.0179794345754457	True
height	Height	11:1675965:A:C	0.91856	0.08143999999999996	0.02228	0.0207034291734346	True
height	Height	11:1123507:T:C	0.06369	0.06369	0.02637	0.0243741183788268	False
height	Height	11:2520270:C:T	0.01181	0.01181	0.06081	0.0570905127858796	False
height	Height	11:2953723:C:T	0.2375	0.2375	0.01427	0.0133941540499883	True
height	Height	11:12981603:G:T	0.96314	0.036860000000000004	0.03287	0.0304873660923771	False
height	Height	11:13443872:C:A	0.01751	0.01751	0.04865	0.0457650359564379	False
height	Height	11:26814979:T:C	0.5434	0.4566	0.01204	0.0112718931741004	True
height	Height	11:1489420:C:T	0.02624	0.02624	0.03928	0.0366731517965062	False
height	Height	11:15915548:A:C	0.3279	0.3279	0.01265	0.011842358929474	True
height	Height	11:86059865:T:A	0.4489	0.4489	0.01232	0.0115234129781883	False
height	Height	11:94987033:A:G	0.2997	0.2997	0.01343	0.0125700216233478	True
height	Height	11:94667964:G:A	0.1299	0.1299	0.01745	0.0162830528379113	True
height	Height	11:29348607:A:G	0.2509	0.2509	0.0136	0.0127096278866051	True
height	Height	11:34444446:C:G	0.98971	0.010290000000000021	0.0586	0.0548264096794049	True
height	Height	11:43698340:G:A	0.02803	0.02803	0.03512	0.0324479910062976	False
height	Height	11:125612765:T:C	0.7616	0.23839999999999995	0.01356	0.0126444380885815	True
height	Height	11:119065102:T:C	0.7533	0.24670000000000003	0.01338	0.0124709659813307	False
height	Height	11:7507174:C:T	0.9629	0.03710000000000002	0.03058	0.0280506376421784	False
height	Height	11:75531695:C:T	0.895	0.10499999999999998	0.0187	0.0173376513085388	True
height	Height	11:58764921:T:C	0.1742	0.1742	0.01534	0.0142811046416323	False
height	Height	11:28477733:T:A	0.4951	0.4951	0.01158	0.0107624045087378	True
height	Height	11:77595080:C:T	0.8934	0.10660000000000003	0.01851	0.0171495645467788	True
height	Height	11:923034:G:A	0.5616	0.4384	0.01147	0.0106505475333934	True
height	Height	11:89602692:A:G	0.94138	0.058620000000000005	0.02648	0.0242073263455985	True
height	Height	11:14012335:A:G	0.5079	0.4921	0.01133	0.0105087860018403	True
height	Height	11:89751674:T:C	0.4857	0.4857	0.01254	0.0116353130503113	True
height	Height	11:133910817:C:T	0.97547	0.024530000000000052	0.03697	0.0340123131295016	False
height	Height	11:59970984:G:A	0.5969	0.4031	0.01145	0.0106079365417785	True
height	Height	11:116411434:C:A	0.8758	0.12419999999999998	0.01697	0.0157098591954264	False
height	Height	11:74858213:C:G	0.8013	0.1987	0.01392	0.012888297760513	True
height	Height	11:36146060:C:A	0.1804	0.1804	0.01452	0.0134422447537368	True
height	Height	11:123152535:T:G	0.02065	0.02065	0.03917	0.036026347415425	False
height	Height	11:57936354:G:A	0.92392	0.07608000000000004	0.02075	0.0190010204560516	True
height	Height	11:57331337:T:G	0.3601	0.3601	0.01144	0.0105572504404546	True
height	Height	11:35483521:A:C	0.698	0.30200000000000005	0.01196	0.0110366333030571	True
height	Height	11:76922868:C:T	0.03946	0.03946	0.02806	0.0254426647137387	False
height	Height	11:121709155:T:C	0.97286	0.027140000000000053	0.03396	0.0308865477706457	False
height	Height	11:75960252:G:A	0.05099	0.05099	0.02487	0.0225541713729877	False
height	Height	11:27223616:G:A	0.96483	0.035170000000000035	0.0296	0.0267820794912203	False
height	Height	12:4384844:T:G	0.02078	0.02078	0.248	0.247576614237596	False
height	Height	12:69827658:G:T	0.3448	0.3448	0.04534	0.0451636414163207	True
height	Height	12:93993266:C:A	0.2217	0.2217	0.04885	0.0486292443636656	True
height	Height	12:28672834:T:A	0.6852	0.31479999999999997	0.04255	0.0423511609507304	True
height	Height	12:66376091:T:C	0.4816	0.4816	0.03928	0.039084311840476	True
height	Height	12:11870768:A:G	0.3567	0.3567	0.03773	0.037502706336999	True
height	Height	12:102347801:C:T	0.5584	0.4416	0.03594	0.035707298501499	True
height	Height	12:102562830:C:A	0.98599	0.014009999999999967	0.145	0.14460576569305	True
height	Height	12:576984:C:T	0.3386	0.3386	0.03533	0.0350624121886747	False
height	Height	12:123901143:T:C	0.1935	0.1935	0.04217	0.0418888036273716	False
height	Height	12:120867798:A:G	0.96073	0.03927000000000003	0.08136	0.0806825457896923	False
height	Height	12:116196322:G:A	0.7985	0.2015	0.03763	0.0372869713588078	False
height	Height	12:103140344:C:T	0.8915	0.10850000000000004	0.04668	0.046273501615381	True
height	Height	12:12868701:C:T	0.9077	0.09230000000000005	0.05002	0.0495663484441751	False
height	Height	12:94136009:G:C	0.492	0.492	0.02816	0.0277889150484527	True
height	Height	12:58261661:C:T	0.6353	0.3647	0.02872	0.0283293853777642	True
height	Height	12:124826462:C:T	0.1603	0.1603	0.03726	0.0368572191095074	True
height	Height	12:20815878:G:T	0.3862	0.3862	0.02767	0.0272708526000423	True
height	Height	12:77432523:T:C	0.8296	0.1704	0.03404	0.0335706998263908	True
height	Height	12:66580180:A:G	0.5092	0.4908	0.02557	0.025108045965442	False
height	Height	12:29523957:T:C	0.2847	0.2847	0.02672	0.0262327241792138	True
height	Height	12:14507802:A:G	0.4473	0.4473	0.02416	0.0237205662160552	False
height	Height	12:94324615:A:G	0.5931	0.40690000000000004	0.02352	0.0230626933638541	True
height	Height	12:24200931:G:T	0.2183	0.2183	0.0278	0.027248774478858	True
height	Height	12:57522257:C:G	0.07501	0.07501	0.04631	0.0456473357190863	False
height	Height	12:48374011:A:G	0.92655	0.07345000000000002	0.0424	0.0417374003450563	False
height	Height	12:51175690:C:G	0.3294	0.3294	0.02308	0.0225730729270925	False
height	Height	12:47144033:A:G	0.2404	0.2404	0.02514	0.0245626651671052	True
height	Height	12:56697318:C:T	0.0625	0.0625	0.04536	0.0446170646132083	False
height	Height	12:117363457:T:A	0.8314	0.16859999999999997	0.02909	0.028426844963083	True
height	Height	12:123144293:T:C	0.6978	0.3022	0.023	0.022467279476009	True
height	Height	12:103005004:T:G	0.1067	0.1067	0.03402	0.0333064319923563	False
height	Height	12:65719229:G:C	0.4778	0.4778	0.02082	0.0203512445289926	True
height	Height	12:133380790:G:A	0.08782	0.08782	0.03664	0.0359168979388618	True
height	Height	12:20540700:G:T	0.7796	0.22040000000000004	0.02498	0.0243626613624809	True
height	Height	12:4033760:G:A	0.04807	0.04807	0.04752	0.0466509336084138	False
height	Height	12:57146069:T:G	0.8964	0.10360000000000003	0.03253	0.0317385679068907	True
height	Height	12:77610561:C:T	0.1062	0.1062	0.03211	0.0313078765902527	True
height	Height	12:107322915:T:C	0.7033	0.29669999999999996	0.02145	0.0208951964040334	True
height	Height	12:680676:A:G	0.08084	0.08084	0.03629	0.0354672483213571	False
height	Height	12:24093062:A:G	0.6985	0.3015	0.02126	0.0207080529356768	True
height	Height	12:13242670:G:T	0.8778	0.12219999999999998	0.02963	0.0288169603580824	True
height	Height	12:104408832:T:C	0.01749	0.01749	0.07336	0.0716092333975486	True
height	Height	12:364679:C:T	0.1669	0.1669	0.02559	0.0248347397675658	True
height	Height	12:102232116:C:T	0.8811	0.1189	0.02878	0.0279119252975441	True
height	Height	12:1438761:A:G	0.94818	0.05181999999999998	0.04185	0.0408968410828187	True
height	Height	12:29135180:T:C	0.2101	0.2101	0.02274	0.0220611423370795	True
height	Height	12:115108361:T:C	0.2631	0.2631	0.02092	0.0203181240717886	True
height	Height	12:20688627:G:A	0.8619	0.1381	0.02739	0.026527630774213	False
height	Height	12:121756084:G:A	0.98844	0.011560000000000015	0.0857	0.0836269810903699	False
height	Height	12:122695128:A:G	0.3063	0.3063	0.01978	0.0192112369044507	True
height	Height	12:124660644:G:C	0.03103	0.03103	0.05083	0.0495272553105525	False
height	Height	12:14930055:G:T	0.4114	0.4114	0.01763	0.0171182950978882	True
height	Height	12:77739965:A:G	0.7117	0.2883	0.01916	0.0185703332573491	True
height	Height	12:117172373:T:C	0.97705	0.022950000000000026	0.05819	0.0565638161571605	False
height	Height	12:69037698:T:C	0.97552	0.024479999999999946	0.05584	0.0543094367145636	False
height	Height	12:53648262:T:C	0.01599	0.01599	0.06849	0.0664366534343521	False
height	Height	12:53936175:C:T	0.0338000000000001	0.0338000000000001	0.04769	0.0464380302540842	True
height	Height	12:66194867:A:C	0.9464	0.05359999999999998	0.03796	0.0368512121205398	False
height	Height	12:102100268:C:T	0.97722	0.022780000000000022	0.05757	0.0559113267770988	False
height	Height	12:53466205:T:A	0.98951	0.01049	0.08579	0.0833363793370714	False
height	Height	12:46795522:A:G	0.06765	0.06765	0.03349	0.032346471853238	True
height	Height	12:91496137:T:C	0.1377	0.1377	0.02421	0.0232962490611106	True
height	Height	12:124249818:G:A	0.3101	0.3101	0.0182	0.0176134943056284	True
height	Height	12:121622641:G:A	0.98764	0.012360000000000038	0.07538	0.0729142846163132	False
height	Height	12:122297738:T:C	0.1303	0.1303	0.02402	0.0230529428714667	True
height	Height	12:59966623:G:A	0.3109	0.3109	0.01749	0.0168981430952409	False
height	Height	12:93855511:C:T	0.2152	0.2152	0.01957	0.0188592414069819	True
height	Height	12:53281262:G:A	0.98527	0.01473000000000002	0.0693	0.0668937767491294	False
height	Height	12:58448924:G:A	0.6331	0.3669	0.01741	0.0168119029953488	True
height	Height	12:65103232:T:C	0.3976	0.3976	0.01634	0.0157908749873713	True
height	Height	12:2973547:G:T	0.01931	0.01931	0.05733	0.0554188244084551	False
height	Height	12:94464567:G:T	0.9504	0.04959999999999998	0.03701	0.0356785583979897	False
height	Height	12:46613394:T:C	0.8659	0.1341	0.0232	0.0222242295028798	True
height	Height	12:54037493:C:T	0.8188	0.18120000000000003	0.0204	0.0196030546965313	True
height	Height	12:4235868:A:G	0.01437	0.01437	0.06862	0.0661488707044123	False
height	Height	12:110021453:G:A	0.2602	0.2602	0.01782	0.0171758586018776	True
height	Height	12:3387697:T:C	0.1727	0.1727	0.02073	0.0199012324217942	True
height	Height	12:31789154:A:G	0.279	0.279	0.01745	0.0168226648351771	True
height	Height	12:103272686:G:A	0.1592	0.1592	0.02138	0.0205036597257943	True
height	Height	12:66018252:C:T	0.98486	0.015140000000000042	0.06474	0.0623771251183283	False
height	Height	12:69658330:T:C	0.4623	0.4623	0.0153	0.0147461207751537	True
height	Height	12:96676943:G:A	0.2865	0.2865	0.01678	0.0161469174745095	True
height	Height	12:1080994:G:A	0.98988	0.010120000000000018	0.07691	0.0739117894727787	False
height	Height	12:34094707:T:G	0.826	0.17400000000000004	0.01971	0.0188789941034615	True
height	Height	12:60759952:A:G	0.98469	0.015310000000000046	0.06072	0.0583555089443658	False
height	Height	12:29391522:T:A	0.08078	0.08078	0.02706	0.0257144806601139	True
height	Height	12:59546012:G:T	0.282	0.282	0.0163	0.0156500723996581	True
height	Height	12:28013563:A:G	0.8109	0.18910000000000005	0.01872	0.0179175915320677	False
height	Height	12:132584186:G:A	0.159	0.159	0.01968	0.0187801836908995	True
height	Height	12:108155108:G:A	0.3837	0.3837	0.01475	0.0141402648689594	True
height	Height	12:131621762:A:G	0.333	0.333	0.01501	0.0143723447193674	True
height	Height	12:29022763:G:C	0.6736	0.3264	0.01514	0.0144931501141036	True
height	Height	12:125077567:C:T	0.3613	0.3613	0.01459	0.0139484923102472	False
height	Height	12:14401366:G:A	0.05375	0.05375	0.03108	0.0293942256781763	False
height	Height	12:19547948:G:A	0.8714	0.12860000000000005	0.02086	0.0197850626172186	True
height	Height	12:133073652:C:T	0.7376	0.26239999999999997	0.0157	0.0149898834079588	False
height	Height	12:7614940:C:T	0.91672	0.08328000000000002	0.02501	0.0235976270430255	True
height	Height	12:59832542:T:C	0.6836	0.3164	0.01483	0.0141605676914043	True
height	Height	12:50076135:G:A	0.08255	0.08255	0.02498	0.0235646577075054	True
height	Height	12:62827915:G:T	0.92463	0.07537000000000005	0.02608	0.0245859313586721	True
height	Height	12:8831954:T:A	0.3253	0.3253	0.01462	0.0139509303178329	False
height	Height	12:105464036:C:T	0.5668	0.43320000000000003	0.0138	0.0131634742802342	True
height	Height	12:71123448:C:T	0.104	0.104	0.02242	0.0211865431532247	False
height	Height	12:49351323:T:G	0.0849	0.0849	0.02444	0.0230390856158512	False
height	Height	12:106104357:G:A	0.2516	0.2516	0.01566	0.0149275442948131	True
height	Height	12:106626432:A:G	0.6118	0.3882	0.01396	0.0133071071017944	True
height	Height	12:122588323:G:A	0.95185	0.048150000000000026	0.03233	0.0305236843905746	False
height	Height	12:104296075:C:A	0.09114	0.09114	0.02354	0.0221900474331681	False
height	Height	12:9124190:G:A	0.4184	0.4184	0.01384	0.0131852854420732	True
height	Height	12:84615150:C:T	0.5611	0.43889999999999996	0.0139	0.0132419004042993	False
height	Height	12:121519759:T:C	0.98764	0.012360000000000038	0.06103	0.0580910941194311	False
height	Height	12:93629827:A:T	0.9849	0.015100000000000002	0.05755	0.0548366079941975	False
height	Height	12:21404082:T:C	0.629	0.371	0.01392	0.0132508737943302	True
height	Height	12:77303431:G:A	0.97299	0.02700999999999998	0.04217	0.0401533009564394	False
height	Height	12:15382815:T:C	0.678	0.32199999999999995	0.01423	0.0135346577322555	True
height	Height	12:97627382:T:A	0.9296	0.07040000000000002	0.0261	0.0244726681975987	True
height	Height	12:24376235:A:G	0.96446	0.035540000000000016	0.03547	0.0334700198984081	True
height	Height	12:38701730:G:A	0.94387	0.05613000000000001	0.02866	0.0268334146991165	False
height	Height	12:469615:C:T	0.03362	0.03362	0.03756	0.0354741296636847	False
height	Height	12:82322986:A:G	0.3075	0.3075	0.01409	0.0133621797176043	True
height	Height	12:125399150:G:A	0.8625	0.13749999999999996	0.01885	0.0177968038426662	True
height	Height	12:17175198:A:G	0.01578	0.01578	0.05222	0.049542219069581	False
height	Height	12:82194099:C:A	0.6539	0.34609999999999996	0.01342	0.0126932313107364	True
height	Height	12:28191328:G:A	0.02104	0.02104	0.04547	0.0430974834678052	True
height	Height	12:59656614:G:A	0.3025	0.3025	0.01385	0.0131020180799941	True
height	Height	12:67852467:G:T	0.5313	0.4687	0.01287	0.0121638280485713	True
height	Height	12:39218113:T:C	0.5025	0.49750000000000005	0.01269	0.0119879095433598	True
height	Height	12:111884608:T:C	0.5178	0.48219999999999996	0.01267	0.0119687104775652	True
height	Height	12:26183086:A:G	0.5192	0.4808	0.01273	0.012023939869969	True
height	Height	12:47328930:A:T	0.0168	0.0168	0.04937	0.0467838009309195	False
height	Height	12:71317696:G:T	0.3491	0.3491	0.01328	0.0125464580215602	True
height	Height	12:116298613:C:T	0.8794	0.12060000000000004	0.01938	0.0182186347018966	True
height	Height	12:6861928:G:T	0.96241	0.03759000000000001	0.03376	0.0315876932498911	True
height	Height	12:56802512:A:G	0.6433	0.3567	0.01372	0.0129487139211588	False
height	Height	12:12426161:C:G	0.178	0.178	0.01636	0.0154288535152677	True
height	Height	12:31246401:G:A	0.98775	0.012249999999999983	0.05963	0.0563044974273518	False
height	Height	12:13134982:C:G	0.5232	0.4768	0.0125	0.0117804104756176	True
height	Height	12:27371478:A:G	0.3245	0.3245	0.01363	0.012850864756421	True
height	Height	12:22438795:A:G	0.7887	0.21130000000000004	0.01547	0.014585548287411	True
height	Height	12:57377347:C:T	0.6515	0.34850000000000003	0.01307	0.0123173959982698	True
height	Height	12:19818455:A:C	0.7142	0.28580000000000005	0.01368	0.0128893477361234	True
height	Height	12:68205491:G:C	0.8244	0.17559999999999998	0.01619	0.015237269838792	True
height	Height	12:98372732:A:G	0.5527	0.44730000000000003	0.0123	0.0115557595128231	True
height	Height	12:49669475:C:T	0.97393	0.026070000000000038	0.03958	0.037117931525268	False
height	Height	12:108719178:T:C	0.95262	0.04737999999999998	0.02897	0.0268465313489428	False
height	Height	12:40362648:C:T	0.7246	0.2754	0.01372	0.0129019991833734	True
height	Height	12:5536359:C:A	0.8724	0.12760000000000005	0.01844	0.0172780219260406	True
height	Height	12:101306187:A:G	0.98471	0.015290000000000026	0.05465	0.0514853759136397	False
height	Height	12:4521511:T:A	0.04311	0.04311	0.03062	0.0283914779134759	False
height	Height	12:12743094:G:T	0.93259	0.06740999999999997	0.0254	0.0235317537758419	False
height	Height	12:92521198:C:T	0.4621	0.4621	0.01219	0.0114431375967818	True
height	Height	12:12043677:C:G	0.92585	0.07415000000000005	0.02425	0.0224866138135943	True
height	Height	12:133204282:C:T	0.01413	0.01413	0.05244	0.0493720560829411	False
height	Height	12:48173605:G:A	0.1842	0.1842	0.01558	0.0146297140625133	True
height	Height	12:98526332:T:C	0.6875	0.3125	0.0132	0.0123902908195067	True
height	Height	12:131906596:G:C	0.09655	0.09655	0.02105	0.0195899245883219	True
height	Height	12:47504161:C:T	0.9324	0.0676	0.02394	0.0221708868800982	False
height	Height	12:48815243:C:T	0.98229	0.017710000000000004	0.04844	0.0455413853084279	False
height	Height	12:49020129:C:G	0.5733	0.42669999999999997	0.01245	0.011664904896196	True
height	Height	12:27120481:C:T	0.3454	0.3454	0.01262	0.0118251268380153	True
height	Height	12:116527742:C:T	0.07798	0.07798	0.02219	0.0205676408030701	False
height	Height	12:6572191:T:C	0.5024	0.49760000000000004	0.01181	0.0110373163763444	True
height	Height	12:30799470:G:A	0.5145	0.48550000000000004	0.01186	0.0110839354929894	True
height	Height	12:70290921:C:T	0.7235	0.27649999999999997	0.01319	0.0123389867845295	True
height	Height	12:3918475:G:A	0.6414	0.35860000000000003	0.01231	0.011508198379771	False
height	Height	12:71610542:A:G	0.5246	0.47540000000000004	0.01185	0.011073922948016	True
height	Height	12:95867696:T:G	0.7949	0.20509999999999995	0.0146	0.0136586006433496	True
height	Height	12:90318459:T:C	0.8532	0.14680000000000004	0.01658	0.0154743644475838	True
height	Height	12:21840631:G:A	0.04852	0.04852	0.02815	0.0258685818728135	False
height	Height	12:26290551:A:G	0.01261	0.01261	0.05334	0.0499328662244442	False
height	Height	12:70821673:C:G	0.5777	0.4223	0.01187	0.0110679014003896	True
height	Height	12:85054571:G:A	0.242	0.242	0.01361	0.0126991133495514	True
height	Height	12:23987925:T:G	0.1236	0.1236	0.01774	0.016507920177417	True
height	Height	12:27810929:C:G	0.6678	0.33220000000000005	0.01269	0.0118298679719022	True
height	Height	12:57753833:T:A	0.1512	0.1512	0.01696	0.0157967396816979	False
height	Height	12:22322466:A:G	0.239	0.239	0.01365	0.0127265992040073	True
height	Height	12:3284246:A:C	0.2132	0.2132	0.01402	0.0130611316350586	True
height	Height	12:116646821:C:T	0.7622	0.2378	0.0135	0.0125723825513324	False
height	Height	12:64471307:G:C	0.5273	0.4727	0.01143	0.0106203804334635	True
height	Height	12:105064268:C:T	0.47	0.47	0.01182	0.0109804189654346	False
height	Height	12:24753152:A:G	0.8001	0.19989999999999997	0.01424	0.0132398894673935	True
height	Height	12:106412203:C:A	0.249	0.249	0.01453	0.0135095371203069	False
height	Height	12:112646118:T:C	0.02197	0.02197	0.03926	0.0362823158352287	False
height	Height	12:21097329:A:G	0.7789	0.22109999999999996	0.01364	0.0126686271706795	False
height	Height	12:125181081:G:A	0.4901	0.4901	0.01127	0.0104398033387157	True
height	Height	12:26462982:T:G	0.7654	0.23460000000000003	0.01321	0.0122453556180172	True
height	Height	12:49165100:C:G	0.98833	0.011669999999999958	0.05604	0.0520264880441528	False
height	Height	12:97762785:C:T	0.8804	0.11960000000000004	0.01721	0.0159193946496208	False
height	Height	12:120016772:A:G	0.042	0.042	0.02859	0.0260131173363535	False
height	Height	12:41601825:T:A	0.98357	0.016429999999999945	0.04479	0.0414501729870282	False
height	Height	12:79963149:T:A	0.03268	0.03268	0.03315	0.0302462472369956	True
height	Height	12:20129341:T:C	0.2223	0.2223	0.01329	0.0122925212896212	False
height	Height	12:45837724:A:T	0.03143	0.03143	0.03156	0.0286909572450775	True
height	Height	12:70096878:C:T	0.03627	0.03627	0.02971	0.026953481652462	False
height	Height	12:93524295:G:C	0.7298	0.2702	0.01266	0.0116832276222914	True
height	Height	12:91189421:T:C	0.6488	0.35119999999999996	0.0115	0.0106060717419094	True
height	Height	12:133790308:G:A	0.04998	0.04998	0.02585	0.0234510938279039	False
height	Height	12:56930992:G:A	0.3345	0.3345	0.01155	0.0106353149914815	True
height	Height	12:3161152:T:C	0.01159	0.01159	0.05547	0.051192792722173	False
height	Height	13:51106788:G:A	0.7219	0.2781	0.06667	0.0665068472676876	True
height	Height	13:50655989:G:T	0.01929	0.01929	0.214	0.213644817031176	False
height	Height	13:50548415:C:T	0.2503	0.2503	0.04551	0.0452977459447986	False
height	Height	13:115002305:G:A	0.7655	0.23450000000000004	0.03028	0.0298247228549519	True
height	Height	13:21562832:C:T	0.8854	0.11460000000000004	0.03569	0.0350963630477364	False
height	Height	13:33152316:C:A	0.3817	0.3817	0.02259	0.0221090661911962	True
height	Height	13:21367077:C:G	0.1662	0.1662	0.02936	0.0287293507276203	True
height	Height	13:50881018:G:A	0.5029	0.4971	0.02022	0.0197471334088176	False
height	Height	13:92024574:A:G	0.3686	0.3686	0.02021	0.0197049032539092	True
height	Height	13:41296371:C:T	0.7063	0.29369999999999996	0.02131	0.0207440890709906	False
height	Height	13:73615060:G:A	0.8188	0.18120000000000003	0.02405	0.0233143018128931	True
height	Height	13:42737268:T:G	0.6272	0.3728	0.0187	0.0181764160435965	True
height	Height	13:51391361:T:C	0.04004	0.04004	0.04543	0.0443279720242839	False
height	Height	13:48808132:C:T	0.2596	0.2596	0.0201	0.0194823218678937	True
height	Height	13:39530579:A:T	0.8773	0.12270000000000003	0.02681	0.0258241735764636	False
height	Height	13:80818927:T:C	0.688	0.31200000000000006	0.01821	0.017632018312841	True
height	Height	13:73471483:G:T	0.2954	0.2954	0.01807	0.0174775443880587	True
height	Height	13:114766986:A:G	0.02705	0.02705	0.05335	0.0517513200823532	False
height	Height	13:80677558:T:A	0.2185	0.2185	0.01978	0.019082304041238	False
height	Height	13:99560396:C:G	0.2662	0.2662	0.01837	0.0177439016964068	True
height	Height	13:102100039:A:G	0.4361	0.4361	0.01622	0.015677995473237	True
height	Height	13:40308307:T:C	0.3487	0.3487	0.01638	0.0158039639354105	True
height	Height	13:47093502:G:T	0.8303	0.16969999999999996	0.02067	0.0198325301643609	True
height	Height	13:113859658:T:C	0.1949	0.1949	0.01902	0.018246613263475	True
height	Height	13:50019280:C:G	0.04018	0.04018	0.03845	0.0369713021515009	False
height	Height	13:33459221:C:A	0.1162	0.1162	0.02345	0.0223672104967072	False
height	Height	13:41109429:A:C	0.8509	0.1491	0.02098	0.0200571306603079	True
height	Height	13:37480201:T:C	0.2209	0.2209	0.01796	0.0172325511146195	True
height	Height	13:81187928:C:G	0.3863	0.3863	0.01525	0.0146620627710022	True
height	Height	13:46594619:T:C	0.98433	0.015669999999999962	0.0621	0.0595808907735169	False
height	Height	13:78594809:G:A	0.8275	0.1725	0.02067	0.0197128058294387	True
height	Height	13:73245569:A:T	0.5705	0.4295	0.01458	0.0139816363198211	True
height	Height	13:20842465:C:T	0.0175999999999999	0.0175999999999999	0.05318	0.0509576211206209	False
height	Height	13:109804665:C:T	0.2248	0.2248	0.01664	0.0158850253389423	True
height	Height	13:51624761:T:G	0.02726	0.02726	0.04252	0.0406593354228814	False
height	Height	13:81520664:C:T	0.3835	0.3835	0.01425	0.0136109612350382	True
height	Height	13:30109494:C:A	0.1439	0.1439	0.01962	0.0186347223163375	True
height	Height	13:32774533:C:T	0.4686	0.4686	0.0137	0.013065013406018	True
height	Height	13:33858648:T:C	0.5975	0.40249999999999997	0.01388	0.013227820900751	True
height	Height	13:76363721:G:A	0.5887	0.4113	0.01366	0.0130059359762226	True
height	Height	13:114639782:G:T	0.7574	0.24260000000000004	0.01607	0.015280946730057	True
height	Height	13:28855785:A:G	0.97968	0.020320000000000005	0.04725	0.0450560738058408	False
height	Height	13:78474468:A:C	0.7662	0.2338	0.01575	0.0149757469758182	True
height	Height	13:101223459:A:C	0.5202	0.4798	0.01331	0.012652126510387	True
height	Height	13:51509801:G:A	0.98846	0.011539999999999995	0.06223	0.0590564786903059	False
height	Height	13:39120851:T:A	0.1445	0.1445	0.01845	0.0174326617052918	True
height	Height	13:48628449:T:C	0.1966	0.1966	0.01626	0.0154046552008973	True
height	Height	13:20493607:A:G	0.96959	0.030410000000000048	0.03844	0.0362850779912283	False
height	Height	13:40456879:G:A	0.02467	0.02467	0.04166	0.0394017481803598	False
height	Height	13:112188236:C:T	0.374	0.374	0.01319	0.0124653074580474	True
height	Height	13:45019390:G:C	0.92037	0.07962999999999998	0.02459	0.022925407479009	True
height	Height	13:99119160:C:T	0.2332	0.2332	0.01488	0.0140550633204549	True
height	Height	13:73721599:T:C	0.8767	0.12329999999999997	0.01917	0.0180180287979968	False
height	Height	13:36944732:G:A	0.7036	0.2964	0.01371	0.0129331005808209	True
height	Height	13:52559408:T:C	0.02804	0.02804	0.03774	0.0354005526887371	False
height	Height	13:47294088:G:A	0.7808	0.21919999999999995	0.01495	0.0140820881452664	True
height	Height	13:79003043:G:A	0.7495	0.25049999999999994	0.01422	0.0133847680927583	True
height	Height	13:41729228:G:T	0.06224	0.06224	0.02506	0.0231853609667444	False
height	Height	13:101333859:C:G	0.5553	0.4447	0.01211	0.0113529926842519	True
height	Height	13:72340099:A:G	0.6921	0.30789999999999995	0.01309	0.0122758436627948	True
height	Height	13:96814456:G:A	0.1413	0.1413	0.01723	0.01612880719517	True
height	Height	13:73882759:C:T	0.91853	0.08147000000000004	0.02193	0.0203513924788196	True
height	Height	13:48291990:C:T	0.90386	0.09614	0.02181	0.0202080811154325	False
height	Height	13:110540964:C:T	0.98948	0.010519999999999974	0.06134	0.0574243323747916	False
height	Height	13:97078552:C:T	0.594	0.406	0.01195	0.0111602676884045	True
height	Height	13:100727130:C:T	0.4167	0.4167	0.01192	0.0111310773344121	True
height	Height	13:94588358:A:G	0.6858	0.31420000000000003	0.01265	0.0118153967719667	True
height	Height	13:48395057:T:A	0.04034	0.04034	0.0309	0.028441685163473	False
height	Height	13:40150930:C:T	0.1697	0.1697	0.01543	0.0143924374454146	True
height	Height	13:42990400:G:A	0.2247	0.2247	0.01387	0.012936330333231	True
height	Height	13:43159177:C:T	0.98626	0.013739999999999974	0.05137	0.0479814665105234	False
height	Height	13:49736415:C:T	0.93955	0.060450000000000004	0.02406	0.0220731097235005	False
height	Height	13:40726849:C:G	0.5609	0.43910000000000005	0.01152	0.0107032532811467	True
height	Height	13:73128757:A:G	0.08709	0.08709	0.02033	0.0187419088960327	False
height	Height	13:47506360:G:A	0.95532	0.04468000000000005	0.02878	0.0262339493144849	False
height	Height	13:96265472:G:C	0.0124	0.0124	0.05323	0.0494671305977497	False
height	Height	13:76666534:T:A	0.6182	0.38180000000000003	0.01154	0.0106870625553655	True
height	Height	13:74277200:T:C	0.06233	0.06233	0.0231	0.0211293777814499	True
height	Height	13:85915002:C:T	0.3757	0.3757	0.01147	0.0106049898690179	False
height	Height	13:22573373:A:T	0.7471	0.2529	0.01286	0.0118983767487295	True
height	Height	13:33695470:G:A	0.98986	0.010140000000000038	0.05699	0.0527876068820671	False
height	Height	13:49452342:G:C	0.01152	0.01152	0.05222	0.0483698366699467	False
height	Height	13:59830937:A:C	0.0318000000000001	0.0318000000000001	0.03162	0.0287470534022433	True
height	Height	13:103181494:G:T	0.6877	0.3123	0.01182	0.0109054141067532	True
height	Height	13:24410095:G:A	0.8969	0.10309999999999997	0.01787	0.0164260649040801	True
height	Height	13:87066636:C:T	0.6156	0.38439999999999996	0.01118	0.0102971866143687	True
height	Height	13:101854245:C:T	0.01094	0.01094	0.05374	0.0496338223646199	False
height	Height	13:109650214:C:T	0.06666	0.06666	0.0221	0.0201192414035465	False
height	Height	14:94844947:C:T	0.0202	0.0202	0.193	0.192698066253453	False
height	Height	14:24835500:T:C	0.06724	0.06724	0.07052	0.0700216985154139	False
height	Height	14:74981548:C:G	0.6561	0.3439	0.0361	0.0358486169222235	True
height	Height	14:103878774:C:G	0.615	0.385	0.03414	0.033862331267154	True
height	Height	14:23793305:C:T	0.1634	0.1634	0.03809	0.0377104877967606	True
height	Height	14:65538131:A:G	0.5386	0.46140000000000003	0.02824	0.0278690015578441	True
height	Height	14:61072875:T:C	0.3874	0.3874	0.02791	0.0275177221677292	True
height	Height	14:21906455:A:G	0.1538	0.1538	0.03621	0.0357663037467985	False
height	Height	14:24707479:G:A	0.04801	0.04801	0.06025	0.05948943161522	False
height	Height	14:70413046:A:G	0.3645	0.3645	0.02582	0.0253734951864441	True
height	Height	14:93406232:T:C	0.09031	0.09031	0.04258	0.0420372642619736	True
height	Height	14:92561828:C:T	0.7595	0.24050000000000005	0.02806	0.0275447541633281	True
height	Height	14:102986388:C:G	0.7341	0.2659	0.0259	0.0253748375692867	True
height	Height	14:36989596:A:G	0.4718	0.4718	0.0229	0.0224269639821908	True
height	Height	14:55235050:G:A	0.5095	0.49050000000000005	0.02164	0.0211641384677649	True
height	Height	14:37091126:G:C	0.3716	0.3716	0.02198	0.0214832207284876	True
height	Height	14:104093384:G:T	0.105	0.105	0.03383	0.033097953484012	False
height	Height	14:101199022:G:A	0.2027	0.2027	0.02562	0.024972098190653	True
height	Height	14:23907608:C:G	0.6428	0.35719999999999996	0.0212	0.0206951070070834	True
height	Height	14:73736323:G:C	0.8196	0.1804	0.02616	0.0254727456028235	True
height	Height	14:76426723:C:T	0.2333	0.2333	0.0229	0.0222695692395658	True
height	Height	14:94554409:A:G	0.04647	0.04647	0.04531	0.0443547393685466	False
height	Height	14:105277209:G:A	0.3855	0.3855	0.01941	0.0189061896602653	True
height	Height	14:105954705:C:T	0.2524	0.2524	0.02078	0.0201538497031066	False
height	Height	14:101353121:A:T	0.8522	0.14780000000000004	0.02629	0.0254152274255347	True
height	Height	14:74665725:C:T	0.98396	0.016040000000000054	0.07617	0.0740578685876394	False
height	Height	14:76539321:G:A	0.93644	0.06355999999999995	0.03669	0.035667801614575	True
height	Height	14:68423215:G:A	0.8183	0.18169999999999997	0.0225	0.0217190523293172	False
height	Height	14:56077961:C:T	0.2691	0.2691	0.0188	0.0181824538766194	True
height	Height	14:65643000:A:G	0.6494	0.3506	0.01691	0.0163501388772764	True
height	Height	14:89051205:C:T	0.98351	0.016490000000000005	0.0621	0.0599638856301828	False
height	Height	14:76082804:A:T	0.1197	0.1197	0.02416	0.0231178235872831	True
height	Height	14:75092779:G:A	0.0128	0.0128	0.06909	0.0665375232510949	False
height	Height	14:70578699:A:G	0.5879	0.4121	0.01575	0.0151867727652214	True
height	Height	14:54348489:A:G	0.8586	0.14139999999999997	0.02204	0.0210881456299711	True
height	Height	14:24567304:C:A	0.7444	0.25560000000000005	0.01736	0.0166902114555376	True
height	Height	14:21542766:A:G	0.8315	0.16849999999999998	0.02007	0.0192223731321291	True
height	Height	14:75400622:G:A	0.1441	0.1441	0.02146	0.0205081807048077	True
height	Height	14:75545222:T:G	0.98198	0.018020000000000036	0.05616	0.0540355945032908	False
height	Height	14:60624161:C:T	0.01337	0.01337	0.06414	0.061557313325255	False
height	Height	14:59296815:C:T	0.8224	0.17759999999999998	0.01935	0.0185127748542466	True
height	Height	14:61343618:G:A	0.98743	0.01256999999999997	0.07196	0.0689758014209152	False
height	Height	14:59800800:A:C	0.5617	0.4383	0.01431	0.013701660387717	True
height	Height	14:102126939:G:A	0.97584	0.02415999999999996	0.04647	0.0445690669933734	False
height	Height	14:95045017:G:A	0.2746	0.2746	0.01648	0.015749195911445	False
height	Height	14:57920419:G:A	0.0742	0.0742	0.02649	0.0250047786021849	True
height	Height	14:64701042:G:A	0.7191	0.28090000000000004	0.01499	0.0142768117428628	True
height	Height	14:92316524:C:T	0.1359	0.1359	0.01967	0.0186233335997676	False
height	Height	14:21679756:G:A	0.04512	0.04512	0.03198	0.0300955058325566	False
height	Height	14:36220876:A:G	0.266	0.266	0.0151	0.0143506292694644	False
height	Height	14:61510434:T:C	0.95974	0.04025999999999996	0.03507	0.0330602202735958	False
height	Height	14:60236315:T:C	0.01201	0.01201	0.06195	0.0587414158950045	False
height	Height	14:69131593:G:T	0.7592	0.24080000000000001	0.01518	0.0143909236227864	False
height	Height	14:51213555:A:G	0.7202	0.27980000000000005	0.0144	0.0136443105037428	True
height	Height	14:64898646:A:C	0.01126	0.01126	0.0613	0.0580272291477829	True
height	Height	14:93606902:T:C	0.96319	0.03681000000000001	0.03509	0.0329640093683994	False
height	Height	14:68950352:A:G	0.1263	0.1263	0.01916	0.0180444340920726	True
height	Height	14:80957923:C:T	0.3286	0.3286	0.01341	0.0126619047559446	True
height	Height	14:23313633:G:A	0.02549	0.02549	0.03968	0.0373539818776937	False
height	Height	14:64005346:T:A	0.2687	0.2687	0.01411	0.0133145812799199	True
height	Height	14:57337515:A:G	0.8907	0.10929999999999995	0.01992	0.0186677220975962	True
height	Height	14:23668940:C:G	0.96599	0.034009999999999985	0.03525	0.0329714207948069	False
height	Height	14:100920416:T:C	0.8893	0.11070000000000002	0.01966	0.0184137529306819	False
height	Height	14:103437545:G:C	0.98335	0.016650000000000054	0.04883	0.0460625709279981	False
height	Height	14:95539737:A:G	0.5715	0.4285	0.01276	0.0119907082938262	True
height	Height	14:90996543:T:C	0.3152	0.3152	0.01309	0.0122927815800172	True
height	Height	14:98873077:T:A	0.67	0.32999999999999996	0.01291	0.0121175183733212	True
height	Height	14:55923438:C:T	0.1983	0.1983	0.01508	0.0141398516816312	False
height	Height	14:101542105:C:A	0.7878	0.21220000000000006	0.01458	0.0136475018769932	True
height	Height	14:66250232:G:A	0.5432	0.4568	0.01184	0.0110544121188484	True
height	Height	14:104505204:G:A	0.01571	0.01571	0.04907	0.0459377182473866	False
height	Height	14:55727391:G:A	0.01606	0.01606	0.04983	0.0465795456653381	False
height	Height	14:105425903:G:A	0.04161	0.04161	0.02903	0.0265992948536863	False
height	Height	14:32240738:T:C	0.6341	0.3659	0.01188	0.0110486806369233	True
height	Height	14:65282842:G:C	0.01656	0.01656	0.04485	0.0417356181421404	True
height	Height	14:31439135:C:T	0.03594	0.03594	0.03136	0.0287031211087066	False
height	Height	14:39927605:G:A	0.5842	0.41579999999999995	0.01149	0.0106615625383331	True
height	Height	14:35218831:G:A	0.3907	0.3907	0.01169	0.0108482822771842	True
height	Height	14:95219657:G:T	0.1839	0.1839	0.01468	0.0136368837497223	True
height	Height	14:26879334:A:G	0.1331	0.1331	0.01656	0.0153481507601024	True
height	Height	14:58037554:C:A	0.2708	0.2708	0.01255	0.0116220274028965	True
height	Height	14:83321035:C:A	0.91454	0.08545999999999998	0.02006	0.0184358856699027	True
height	Height	14:91442274:T:C	0.9812	0.01880000000000004	0.04106	0.0378830154370773	False
height	Height	14:92806211:A:G	0.07285	0.07285	0.02144	0.0196310830243671	False
height	Height	14:35770467:T:C	0.03381	0.03381	0.03058	0.0277941764948584	True
height	Height	14:51640320:G:T	0.02526	0.02526	0.03513	0.0320981560985372	False
height	Height	14:54630097:T:G	0.8119	0.18810000000000004	0.01405	0.0129839794920249	True
height	Height	14:104357988:C:G	0.8694	0.13060000000000005	0.01626	0.0149888374920525	False
height	Height	14:40903271:G:A	0.607	0.393	0.01114	0.0102647582893508	True
height	Height	14:92124974:C:A	0.95591	0.04408999999999996	0.02665	0.0241403956468716	False
height	Height	15:100692953:G:A	0.8871	0.1129	0.1073	0.107186827930095	False
height	Height	15:89397827:A:G	0.9702	0.02980000000000005	0.1916	0.191395158428824	False
height	Height	15:99194896:C:G	0.8844	0.11560000000000004	0.08421	0.08398011939282	True
height	Height	15:84580582:A:C	0.5215	0.47850000000000004	0.05322	0.0530747168026948	True
height	Height	15:67457698:A:G	0.05791	0.05791	0.09059	0.0902292397206302	False
height	Height	15:74336633:T:C	0.4618	0.4618	0.04147	0.0412922069731275	True
height	Height	15:101718239:C:G	0.94335	0.05664999999999998	0.0832	0.0827448319311781	False
height	Height	15:100794363:C:T	0.2962	0.2962	0.03879	0.0385502183776066	True
height	Height	15:74218466:A:C	0.5832	0.41679999999999995	0.03444	0.0341794827482916	True
height	Height	15:72173831:G:A	0.0193	0.0193	0.1104	0.109833068659347	True
height	Height	15:48684958:C:T	0.91001	0.08999000000000001	0.05305	0.0526043829746154	True
height	Height	15:84950369:T:C	0.3084	0.3084	0.03267	0.0323373946652695	False
height	Height	15:67007018:C:G	0.2711	0.2711	0.03368	0.0333399786487843	True
height	Height	15:89567114:G:A	0.98972	0.010279999999999956	0.1575	0.156889044582819	False
height	Height	15:100514063:C:T	0.6483	0.3517	0.03002	0.0296554025107403	True
height	Height	15:89257734:G:C	0.8783	0.12170000000000003	0.04133	0.0409045000477092	False
height	Height	15:74467856:G:A	0.6771	0.32289999999999996	0.02766	0.0272290781261411	True
height	Height	15:61409980:G:A	0.6593	0.3407	0.02721	0.0267781870924388	True
height	Height	15:41443924:A:G	0.5791	0.42090000000000005	0.02513	0.0246966522338852	True
height	Height	15:74113007:G:C	0.8951	0.1049	0.03986	0.03933596083008	True
height	Height	15:51568204:A:G	0.95778	0.042220000000000035	0.05855	0.0576739338014404	True
height	Height	15:48819502:G:A	0.6959	0.30410000000000004	0.02556	0.0250662423923181	True
height	Height	15:94551607:A:G	0.4305	0.4305	0.02391	0.0234530122618152	True
height	Height	15:81823538:T:C	0.7162	0.28380000000000005	0.02588	0.0253708066839843	True
height	Height	15:67680280:A:G	0.01762	0.01762	0.08875	0.0874715344203237	False
height	Height	15:77365134:C:T	0.08893	0.08893	0.04	0.0393981828110838	False
height	Height	15:86276000:T:C	0.4644	0.4644	0.02244	0.021984086317022	False
height	Height	15:75817562:G:A	0.2481	0.2481	0.02589	0.0253402786066596	True
height	Height	15:70034953:A:G	0.8963	0.10370000000000001	0.03628	0.0356509951214592	True
height	Height	15:41749676:T:C	0.96499	0.035009999999999986	0.06107	0.0599929827845501	False
height	Height	15:70356150:C:T	0.1789	0.1789	0.02856	0.0279386879296449	True
height	Height	15:60781513:T:C	0.6668	0.33320000000000005	0.02313	0.0226255891056002	True
height	Height	15:38512573:T:C	0.3094	0.3094	0.02341	0.0228883670849574	True
height	Height	15:77797927:C:T	0.7267	0.2733	0.02297	0.0224028210253011	True
height	Height	15:62331729:G:C	0.5809	0.41910000000000003	0.02055	0.020069339591828	True
height	Height	15:67328626:C:A	0.3239	0.3239	0.02148	0.0209512697162698	True
height	Height	15:74633003:A:C	0.2609	0.2609	0.02212	0.0215253854707245	True
height	Height	15:102007443:T:G	0.83	0.17000000000000004	0.02574	0.0250053173166937	True
height	Height	15:38380787:T:C	0.365	0.365	0.02015	0.0196284368152123	True
height	Height	15:42084329:G:A	0.98281	0.01719000000000004	0.07353	0.0717563023480129	False
height	Height	15:81598269:T:G	0.0927	0.0927	0.03289	0.0320314289433975	True
height	Height	15:99498879:T:A	0.4986	0.4986	0.01909	0.0186049746442201	True
height	Height	15:85568939:A:T	0.8802	0.11980000000000002	0.02917	0.0283253710768873	False
height	Height	15:51303369:A:T	0.98593	0.014070000000000027	0.07908	0.0770960126646394	False
height	Height	15:101819307:C:T	0.98136	0.01863999999999999	0.06949	0.067681412452347	False
height	Height	15:74795830:C:T	0.96678	0.03322000000000003	0.0502	0.0489854874819153	True
height	Height	15:72282989:C:T	0.2712	0.2712	0.02015	0.0195509086572854	True
height	Height	15:89042467:C:T	0.5759	0.42410000000000003	0.0177	0.017192979155599	True
height	Height	15:90622504:C:T	0.5571	0.44289999999999996	0.01811	0.0175827259028939	True
height	Height	15:66080419:A:T	0.2671	0.2671	0.02009	0.0194605476873614	False
height	Height	15:91043765:C:G	0.4525	0.4525	0.01749	0.0169861982293273	True
height	Height	15:43341747:T:C	0.8548	0.1452	0.0242	0.0233140037651706	False
height	Height	15:51143378:C:T	0.4566	0.4566	0.01703	0.0165222389756803	True
height	Height	15:38656080:T:G	0.321	0.321	0.01814	0.0175775790614703	True
height	Height	15:61519859:G:C	0.01683	0.01683	0.06593	0.0638920263535859	False
height	Height	15:41911805:C:T	0.3549	0.3549	0.01738	0.0168329260878034	True
height	Height	15:101615637:T:C	0.6065	0.39349999999999996	0.0183	0.0177054207050977	False
height	Height	15:95829524:T:A	0.2961	0.2961	0.01839	0.0177671081976185	True
height	Height	15:85396839:C:A	0.96379	0.036209999999999964	0.04303	0.0416752642154724	False
height	Height	15:51411416:T:A	0.7777	0.22230000000000005	0.01923	0.018528802869611	False
height	Height	15:41190639:T:G	0.93915	0.06084999999999996	0.03351	0.0322202423043916	False
height	Height	15:63988400:G:C	0.95932	0.04068000000000005	0.04064	0.0392966612142155	False
height	Height	15:99396694:T:C	0.217	0.217	0.01904	0.0183112671313168	True
height	Height	15:93435225:C:T	0.4318	0.4318	0.01574	0.0151877595549076	True
height	Height	15:70790049:T:G	0.7693	0.23070000000000002	0.0184	0.017699525356888	True
height	Height	15:70499875:G:A	0.2518	0.2518	0.01779	0.017123404777607	True
height	Height	15:90344036:G:A	0.8871	0.1129	0.02441	0.023314924879594	False
height	Height	15:63791125:G:A	0.3421	0.3421	0.01591	0.0153157500115113	True
height	Height	15:63051591:T:A	0.6872	0.31279999999999997	0.01641	0.0157907043568877	True
height	Height	15:85266774:C:T	0.8454	0.15459999999999996	0.0207	0.0197962881549725	True
height	Height	15:55705972:A:C	0.912	0.08799999999999997	0.02609	0.0247940802556007	False
height	Height	15:66597329:T:A	0.92359	0.07640999999999998	0.02768	0.0262651125700581	False
height	Height	15:51672166:C:T	0.95008	0.049919999999999964	0.03376	0.0321840616142782	True
height	Height	15:81476701:C:T	0.8797	0.12029999999999996	0.02226	0.0211720350592478	True
height	Height	15:61074381:G:A	0.90123	0.09877000000000002	0.02372	0.0224552132645773	True
height	Height	15:46657592:A:C	0.2022	0.2022	0.01754	0.0167471850957654	True
height	Height	15:49161934:A:C	0.7929	0.20709999999999995	0.0173	0.0165090830003059	True
height	Height	15:91362488:T:A	0.3393	0.3393	0.01486	0.0142025591343863	False
height	Height	15:64800141:A:C	0.01648	0.01648	0.05402	0.0516605304007586	False
height	Height	15:38193234:C:A	0.96568	0.03432000000000002	0.03723	0.0353513824770494	False
height	Height	15:24172192:A:C	0.8938	0.10619999999999996	0.02194	0.0207212544706499	True
height	Height	15:101042043:C:T	0.92426	0.07574000000000003	0.02504	0.0235128781837781	False
height	Height	15:96163158:T:C	0.8811	0.1189	0.02042	0.0192797848477045	True
height	Height	15:84103751:G:C	0.01045	0.01045	0.06692	0.0634858375906192	False
height	Height	15:50936908:T:C	0.5123	0.4877	0.01288	0.0121948274843723	True
height	Height	15:77913143:C:A	0.01137	0.01137	0.06542	0.0618718940837171	False
height	Height	15:47675655:C:T	0.7876	0.21240000000000003	0.01563	0.0147899237159489	True
height	Height	15:82072965:G:T	0.6203	0.37970000000000004	0.01315	0.0124332435819664	True
height	Height	15:44581461:G:A	0.97431	0.02568999999999999	0.04038	0.0381285119544353	False
height	Height	15:99044519:G:A	0.03265	0.03265	0.03624	0.0340435131084166	False
height	Height	15:91483531:C:T	0.2882	0.2882	0.01437	0.0135745595231435	True
height	Height	15:47507907:C:T	0.6047	0.3953	0.01284	0.0121172173272775	True
height	Height	15:89155784:A:G	0.07359	0.07359	0.02426	0.0226160688245981	False
height	Height	15:75154857:C:T	0.96445	0.03554999999999997	0.03611	0.0338721734825792	False
height	Height	15:38760663:G:C	0.94582	0.054180000000000006	0.02768	0.0257208463403434	False
height	Height	15:73433128:G:A	0.01017	0.01017	0.06341	0.0597540432726475	False
height	Height	15:73768640:A:T	0.9381	0.061899999999999955	0.02577	0.0239415788612485	True
height	Height	15:78438063:G:A	0.05216	0.05216	0.02777	0.0257689972856887	False
height	Height	15:33993358:G:A	0.1773	0.1773	0.01622	0.0152583157743221	True
height	Height	15:80993132:C:T	0.8182	0.18179999999999996	0.01595	0.0150070615654791	True
height	Height	15:100306402:G:T	0.01667	0.01667	0.04964	0.0468164436260437	False
height	Height	15:98512431:C:T	0.95183	0.048170000000000046	0.02852	0.026425656865156	False
height	Height	15:40811891:G:A	0.97658	0.023419999999999996	0.04016	0.0376551331339341	False
height	Height	15:56546446:G:A	0.6371	0.3629	0.01261	0.0118328977446102	True
height	Height	15:93997362:A:G	0.819	0.18100000000000005	0.01578	0.0148147335989877	True
height	Height	15:89949210:G:A	0.4629	0.4629	0.01207	0.0113137802213245	True
height	Height	15:97053969:A:G	0.7333	0.26670000000000005	0.01372	0.0128741330102121	True
height	Height	15:39059436:C:A	0.5456	0.4544	0.01209	0.0113295938418537	True
height	Height	15:83263744:G:A	0.96288	0.03712000000000004	0.03186	0.0295002925614871	False
height	Height	15:50565658:T:C	0.8872	0.11280000000000001	0.01909	0.0177921656008223	True
height	Height	15:40408729:C:T	0.4558	0.4558	0.01192	0.0111431595084731	True
height	Height	15:91722066:C:A	0.1915	0.1915	0.01605	0.0150106848975521	True
height	Height	15:99612005:T:C	0.5305	0.46950000000000003	0.01171	0.0109294661080026	True
height	Height	15:90196166:A:C	0.94664	0.05335999999999996	0.02605	0.0239380691710444	True
height	Height	15:45492082:G:A	0.3028	0.3028	0.01259	0.0117311693589276	True
height	Height	15:71869384:G:A	0.7715	0.22850000000000004	0.01376	0.0128260487372477	True
height	Height	15:87895595:G:T	0.7134	0.28659999999999997	0.01273	0.011857501682608	True
height	Height	15:55590846:A:C	0.98205	0.01795000000000002	0.04421	0.0411996442891609	False
height	Height	15:96008509:T:C	0.97153	0.028469999999999995	0.03482	0.0320774964073477	False
height	Height	15:97505496:G:A	0.04813	0.04813	0.02665	0.0243754056146674	False
height	Height	15:48152040:A:G	0.3978	0.3978	0.01215	0.0112881166298615	True
height	Height	15:71295192:G:A	0.3777	0.3777	0.01162	0.0107708601351922	True
height	Height	15:95395934:G:A	0.2941	0.2941	0.01232	0.0114232103700969	True
height	Height	15:60609431:G:A	0.94126	0.058740000000000014	0.02388	0.0218355717358308	False
height	Height	15:89777194:G:A	0.6026	0.3974	0.01151	0.0106615997733343	True
height	Height	15:73158161:C:T	0.98489	0.015109999999999957	0.04655	0.0431417783837977	False
height	Height	15:79051705:C:T	0.06333	0.06333	0.02318	0.0211683601802722	False
height	Height	15:93700667:T:C	0.5984	0.40159999999999996	0.01131	0.010455073732108	True
height	Height	15:28392261:G:A	0.7504	0.24960000000000004	0.01326	0.0122622787251317	False
height	Height	15:99815190:C:G	0.05727	0.05727	0.02346	0.0213279487660005	False
height	Height	15:82176483:T:A	0.01519	0.01519	0.04527	0.041705672243827	False
height	Height	16:2268737:A:G	0.2633	0.2633	0.03798	0.037706127538697	False
height	Height	16:2160503:T:G	0.8307	0.1693	0.04256	0.0422489884522425	False
height	Height	16:783864:C:A	0.2314	0.2314	0.03707	0.0367652200924233	True
height	Height	16:89714981:T:C	0.8883	0.11170000000000002	0.04708	0.0466851674395103	True
height	Height	16:88804734:A:G	0.8462	0.15380000000000005	0.03924	0.0388550847009605	True
height	Height	16:14394878:T:C	0.3214	0.3214	0.0302	0.0298181358793207	True
height	Height	16:53481010:A:G	0.3008	0.3008	0.0284	0.027968185944593	False
height	Height	16:51095561:C:T	0.97391	0.026089999999999947	0.08363	0.0826031760794708	False
height	Height	16:997520:T:C	0.3635	0.3635	0.02597	0.0255205695618738	True
height	Height	16:67058614:T:G	0.96108	0.038919999999999955	0.06374	0.0628296582249082	False
height	Height	16:4019350:C:T	0.8211	0.17889999999999995	0.03032	0.0297585551214572	True
height	Height	16:4361138:T:C	0.3032	0.3032	0.02444	0.0239175837335943	True
height	Height	16:69867835:A:G	0.5425	0.4575	0.02139	0.0209230117111664	True
height	Height	16:4710898:T:G	0.3668	0.3668	0.02201	0.0215115696849713	True
height	Height	16:4946794:A:C	0.4272	0.4272	0.02134	0.020865563433922	True
height	Height	16:413523:T:G	0.6105	0.38949999999999996	0.02069	0.0201953443407788	True
height	Height	16:84987947:A:G	0.2425	0.2425	0.02347	0.0228628794003912	False
height	Height	16:15117299:G:A	0.7662	0.2338	0.02546	0.0247863219730936	False
height	Height	16:30048553:C:T	0.4019	0.4019	0.02007	0.0195796285514965	True
height	Height	16:24728227:A:G	0.7158	0.2842	0.02186	0.0212938160860287	True
height	Height	16:75470576:A:G	0.6192	0.3808	0.02084	0.0203093304671947	False
height	Height	16:69169927:T:C	0.7079	0.2921	0.021	0.0204374553829575	True
height	Height	16:89085743:A:G	0.98018	0.01981999999999995	0.07326	0.0714401312929688	False
height	Height	16:2451525:T:G	0.6778	0.32220000000000004	0.02	0.0194572998826033	True
height	Height	16:4811891:C:A	0.03337	0.03337	0.05182	0.0506535533465796	False
height	Height	16:9008475:G:A	0.6872	0.31279999999999997	0.02013	0.0195759608806755	True
height	Height	16:84862368:G:A	0.2523	0.2523	0.02134	0.0207087791731944	False
height	Height	16:70078960:G:A	0.2542	0.2542	0.02086	0.0202445282297668	True
height	Height	16:2637283:T:C	0.1703	0.1703	0.02385	0.0230739691604518	True
height	Height	16:16142079:G:T	0.9863	0.013700000000000045	0.07638	0.0742590804927759	False
height	Height	16:30212983:G:A	0.91611	0.08389000000000002	0.03424	0.0331897126590908	False
height	Height	16:89610021:C:T	0.2218	0.2218	0.0209	0.0202206214194727	False
height	Height	16:1133049:G:A	0.4432	0.4432	0.01758	0.0170680803253711	True
height	Height	16:2050772:G:T	0.0263	0.0263	0.05378	0.0522973427300936	False
height	Height	16:72524060:T:C	0.8176	0.1824	0.02206	0.0212895274829167	True
height	Height	16:1530949:C:T	0.5819	0.4181	0.0171	0.0165833173346926	True
height	Height	16:78347216:G:A	0.7954	0.2046	0.02066	0.0199379170790625	True
height	Height	16:20916757:T:G	0.8582	0.14180000000000004	0.02378	0.0228727629308398	True
height	Height	16:73795004:C:T	0.7102	0.28979999999999995	0.01814	0.0175401392124063	True
height	Height	16:88977193:G:A	0.8211	0.17889999999999995	0.02171	0.0208972608878327	True
height	Height	16:84751046:C:G	0.2491	0.2491	0.01872	0.0180565612016589	True
height	Height	16:31047822:C:T	0.01011	0.01011	0.08471	0.0819490523803531	False
height	Height	16:73079683:T:C	0.1347	0.1347	0.02399	0.0229994421000378	False
height	Height	16:86541943:G:T	0.8032	0.19679999999999997	0.01986	0.0190932089500493	True
height	Height	16:87255510:A:C	0.05115	0.05115	0.03555	0.0342014216530827	False
height	Height	16:14986761:C:T	0.2015	0.2015	0.02145	0.0205696399606768	False
height	Height	16:73357618:A:G	0.5281	0.4719	0.01549	0.0149435772788865	True
height	Height	16:78132246:C:T	0.5866	0.4134	0.01562	0.0150607539673866	True
height	Height	16:3773490:G:A	0.5579	0.44210000000000005	0.01553	0.0149633556089466	True
height	Height	16:86399603:C:A	0.8535	0.14649999999999996	0.02119	0.0202547921929085	False
height	Height	16:2758283:T:G	0.94213	0.05786999999999998	0.03392	0.0324164705492099	False
height	Height	16:81719748:C:G	0.5888	0.4112	0.01496	0.0143717295476712	True
height	Height	16:83980703:G:C	0.3828	0.3828	0.01503	0.0144288037938955	True
height	Height	16:4594232:G:A	0.96309	0.03691	0.03856	0.0369509529004446	False
height	Height	16:70415567:C:T	0.97101	0.02898999999999996	0.04343	0.0417383092589991	False
height	Height	16:79171571:T:A	0.1015	0.1015	0.02355	0.0223231834160372	True
height	Height	16:3133654:C:A	0.461	0.461	0.01426	0.013650302490835	True
height	Height	16:70818599:C:G	0.0115	0.0115	0.06711	0.0641058328292305	False
height	Height	16:66738982:G:A	0.3263	0.3263	0.01501	0.0143615550077228	False
height	Height	16:72105965:T:C	0.1935	0.1935	0.01775	0.0169401453327864	True
height	Height	16:49663089:G:A	0.025	0.025	0.04493	0.043045263178232	True
height	Height	16:1633446:A:C	0.97324	0.026760000000000006	0.04479	0.0428864574182742	False
height	Height	16:49888931:T:C	0.6275	0.37250000000000005	0.01472	0.0140689520739854	True
height	Height	16:24584801:T:C	0.505	0.495	0.01393	0.0133083792261006	False
height	Height	16:71455965:C:T	0.97708	0.02292000000000005	0.04668	0.0446815296107231	False
height	Height	16:5903317:A:G	0.3033	0.3033	0.01509	0.0144098546268878	True
height	Height	16:12152511:C:T	0.7081	0.29190000000000005	0.01529	0.0145772641425483	True
height	Height	16:1915585:G:T	0.1482	0.1482	0.01961	0.0185940976578423	True
height	Height	16:80046769:G:A	0.471	0.471	0.01377	0.0131187288887461	True
height	Height	16:22374830:G:A	0.2092	0.2092	0.01652	0.015716714263283	True
height	Height	16:88507172:C:T	0.95695	0.04305000000000003	0.03383	0.0319425538819375	False
height	Height	16:19279380:T:C	0.4394	0.4394	0.01341	0.0127382942496392	True
height	Height	16:75211347:C:G	0.5926	0.4074	0.01362	0.0129330124177995	True
height	Height	16:16287639:C:T	0.05695	0.05695	0.0295	0.0276535916459684	False
height	Height	16:15450385:G:C	0.94965	0.050350000000000006	0.03215	0.0301555914170887	True
height	Height	16:72001136:G:A	0.7893	0.2107	0.01585	0.015014088703726	True
height	Height	16:82200011:C:T	0.1323	0.1323	0.01902	0.0179379463720174	False
height	Height	16:66496634:G:A	0.01554	0.01554	0.05159	0.0489053950243038	False
height	Height	16:88670394:A:C	0.1164	0.1164	0.01966	0.0184692919831911	False
height	Height	16:86704864:C:T	0.8124	0.1876	0.0162	0.0152903150618792	True
height	Height	16:90158005:C:T	0.07878	0.07878	0.02326	0.0217024303440342	False
height	Height	16:8753606:C:A	0.6646	0.33540000000000003	0.01323	0.0124789434854674	True
height	Height	16:17186352:C:T	0.1641	0.1641	0.01678	0.0157990070725453	True
height	Height	16:87410371:G:C	0.09266	0.09266	0.02143	0.0200121265211229	False
height	Height	16:12891226:A:G	0.8262	0.17379999999999995	0.01631	0.015353820521338	True
height	Height	16:14773285:G:A	0.2706	0.2706	0.0139	0.0130725012104523	True
height	Height	16:51195593:T:C	0.98011	0.019889999999999963	0.04682	0.0441062244319151	False
height	Height	16:85204221:C:T	0.2877	0.2877	0.01349	0.0126594062239343	True
height	Height	16:1420341:C:T	0.97467	0.025329999999999964	0.0381	0.0355529681259495	False
height	Height	16:81551168:T:G	0.92729	0.07271000000000005	0.02294	0.0212385562234372	False
height	Height	16:30803299:C:T	0.8859	0.11409999999999998	0.01867	0.0174140393431366	True
height	Height	16:53188669:T:C	0.5383	0.4617	0.01187	0.0110973824778246	True
height	Height	16:9223837:C:A	0.8716	0.12839999999999996	0.0177	0.0165237386353636	True
height	Height	16:17434013:C:T	0.4657	0.4657	0.01222	0.0114135783718238	True
height	Height	16:78515372:G:C	0.7963	0.2037	0.0146	0.0136515070425431	True
height	Height	16:1746794:T:C	0.92469	0.07530999999999999	0.02228	0.0205976783408278	False
height	Height	16:87517976:T:C	0.02548	0.02548	0.03706	0.0343510639317039	False
height	Height	16:54453940:G:A	0.7673	0.23270000000000002	0.0138	0.0128806158991579	True
height	Height	16:22635867:C:T	0.95415	0.045849999999999946	0.03031	0.0278476339750716	False
height	Height	16:56978148:C:T	0.7266	0.2734	0.01303	0.0121500169835716	True
height	Height	16:25786357:G:C	0.2873	0.2873	0.0128	0.0119269632959128	True
height	Height	16:55035959:A:G	0.5152	0.4848	0.01157	0.0107701488251045	True
height	Height	16:8285828:A:G	0.7436	0.25639999999999996	0.01338	0.0124646116248122	True
height	Height	16:14533400:A:C	0.9784	0.021599999999999953	0.04199	0.0390135566289896	False
height	Height	16:56759695:G:A	0.96115	0.03885000000000005	0.02971	0.0271738152536336	True
height	Height	16:50336291:A:G	0.299	0.299	0.01234	0.0114414760376868	True
height	Height	16:86084355:T:A	0.08712	0.08712	0.01994	0.0183710953021536	True
height	Height	16:87625242:C:T	0.1521	0.1521	0.01576	0.0146114979339708	False
height	Height	16:3582991:G:A	0.96036	0.03964000000000001	0.02868	0.0261313226822763	False
height	Height	16:73978491:G:C	0.90581	0.09419	0.01952	0.017959509657266	False
height	Height	16:61702220:G:C	0.98359	0.016410000000000036	0.04481	0.0414807751649489	False
height	Height	16:27414502:G:A	0.0132	0.0132	0.04848	0.0449361373340634	False
height	Height	16:14671509:T:C	0.7673	0.23270000000000002	0.01301	0.012014985122692	False
height	Height	16:80927231:G:C	0.4117	0.4117	0.01123	0.0103602700509814	True
height	Height	16:21172889:A:G	0.97656	0.023440000000000016	0.03702	0.0338766635773065	False
height	Height	16:63060883:A:G	0.98022	0.01978000000000002	0.0393	0.036052848341511	False
height	Height	16:73578101:A:G	0.1001	0.1001	0.01835	0.016868511256873	True
height	Height	16:87732224:G:A	0.97987	0.02012999999999998	0.04045	0.0371473568943405	False
height	Height	16:9788725:A:G	0.7058	0.2942	0.01219	0.0112326139859158	True
height	Height	16:12335160:C:T	0.97013	0.029869999999999952	0.03199	0.0290154296552062	False
height	Height	16:55504568:A:G	0.8421	0.15790000000000004	0.0149	0.0137337297871139	True
height	Height	17:29206421:G:T	0.7664	0.23360000000000003	0.07883	0.0786682787348747	False
height	Height	17:61993137:A:G	0.271	0.271	0.06139	0.06121324620382	True
height	Height	17:7373595:T:C	0.2156	0.2156	0.05332	0.053105084662663	True
height	Height	17:27889986:T:C	0.6563	0.3437	0.03731	0.0370751951108914	True
height	Height	17:54842555:C:T	0.5075	0.49250000000000005	0.0336	0.0333356653368412	True
height	Height	17:43222942:G:C	0.6719	0.32809999999999995	0.03561	0.0353439571450889	True
height	Height	17:63556402:C:G	0.8588	0.1412	0.04482	0.0444818008757336	True
height	Height	17:59608726:G:C	0.3692	0.3692	0.03215	0.0318384275152867	True
height	Height	17:36922196:A:G	0.565	0.43500000000000005	0.02995	0.0296137401899599	True
height	Height	17:28780178:G:A	0.96751	0.03249000000000002	0.08331	0.0825349004498865	False
height	Height	17:21279289:C:T	0.6751	0.32489999999999997	0.03145	0.0310973626583712	True
height	Height	17:47041247:G:A	0.4436	0.4436	0.02817	0.0277976018667499	True
height	Height	17:68090207:C:T	0.3588	0.3588	0.02858	0.0281901866401023	True
height	Height	17:59498250:A:G	0.3299	0.3299	0.02872	0.0283138983397665	True
height	Height	17:38589733:C:T	0.5997	0.4003	0.02583	0.0254030090654278	True
height	Height	17:73399598:G:A	0.8381	0.16190000000000004	0.03223	0.0316895554774778	True
height	Height	17:79375998:C:A	0.3597	0.3597	0.02495	0.0244806223203326	False
height	Height	17:43099624:C:T	0.2023	0.2023	0.02889	0.0283366720970284	True
height	Height	17:69961290:C:G	0.213	0.213	0.02823	0.027679264271869	True
height	Height	17:47404628:G:T	0.6361	0.3639	0.02391	0.0234352262733368	True
height	Height	17:79093822:A:G	0.6055	0.39449999999999996	0.02304	0.0225591676340105	True
height	Height	17:38409081:T:C	0.251	0.251	0.02559	0.0250362736062582	False
height	Height	17:42836124:C:A	0.1406	0.1406	0.03148	0.0308372940565808	True
height	Height	17:79975835:C:G	0.5796	0.4204	0.02144	0.020964914416218	True
height	Height	17:47150604:G:A	0.7543	0.24570000000000003	0.02495	0.0243572273628788	False
height	Height	17:60720058:T:G	0.3621	0.3621	0.02216	0.0216552557436052	True
height	Height	17:66301563:C:T	0.3704	0.3704	0.02149	0.0209957249782985	True
height	Height	17:46125191:C:T	0.1993	0.1993	0.02593	0.0252855788040917	True
height	Height	17:17720319:C:T	0.01538	0.01538	0.08289	0.0812361997194982	False
height	Height	17:30229212:A:G	0.1774	0.1774	0.02659	0.025902098997882	True
height	Height	17:18130144:T:C	0.3936	0.3936	0.02065	0.0201579701586544	True
height	Height	17:67081278:A:G	0.02305	0.02305	0.06565	0.0641705781058415	False
height	Height	17:54582616:T:C	0.1675	0.1675	0.02619	0.0254602954498393	True
height	Height	17:54694724:A:G	0.01573	0.01573	0.07774	0.075938600196884	False
height	Height	17:1630395:T:C	0.7345	0.26549999999999996	0.02185	0.0212613346729087	True
height	Height	17:8024218:T:A	0.601	0.399	0.01941	0.0189101918445343	True
height	Height	17:47528562:T:C	0.2686	0.2686	0.02125	0.0206460478200994	True
height	Height	17:46878625:A:G	0.1348	0.1348	0.02692	0.026068996614751	True
height	Height	17:67869502:A:G	0.15	0.15	0.02552	0.0246990709904829	True
height	Height	17:44262581:A:C	0.8304	0.16959999999999997	0.02622	0.0253641017390364	True
height	Height	17:27705770:T:C	0.04168	0.04168	0.04583	0.0447322822774836	True
height	Height	17:61018091:C:T	0.93316	0.06684000000000001	0.03593	0.0349296544525123	True
height	Height	17:69307999:T:C	0.6501	0.3499	0.01866	0.0181218509434094	True
height	Height	17:29831074:C:T	0.9856	0.014399999999999968	0.07598	0.0737643984736487	False
height	Height	17:926359:A:C	0.6896	0.3104	0.01879	0.0182195841079011	False
height	Height	17:37029677:T:C	0.8503	0.14970000000000006	0.02445	0.0235848278401975	True
height	Height	17:7700063:C:T	0.01176	0.01176	0.08809	0.0857360624368478	False
height	Height	17:71158122:C:T	0.5797	0.4203	0.01738	0.0168585261480142	True
height	Height	17:65854602:C:T	0.1876	0.1876	0.02164	0.0208668592913801	False
height	Height	17:64307611:C:A	0.6114	0.38859999999999995	0.0171	0.0165686402980663	True
height	Height	17:62656306:A:T	0.1172	0.1172	0.02592	0.0248996779887717	True
height	Height	17:44872032:G:A	0.03209	0.03209	0.046	0.0446306234778596	False
height	Height	17:41824639:G:A	0.3621	0.3621	0.01671	0.0161575233386369	True
height	Height	17:80532116:T:C	0.3648	0.3648	0.01668	0.0161273852489919	True
height	Height	17:3980493:T:A	0.184	0.184	0.02071	0.0199283302455733	True
height	Height	17:8161846:C:G	0.2789	0.2789	0.01788	0.0172618696138076	True
height	Height	17:55758646:A:G	0.2632	0.2632	0.01828	0.0176301101987122	True
height	Height	17:39907952:C:T	0.90429	0.09570999999999996	0.02727	0.0261061729472207	False
height	Height	17:44768597:T:G	0.3339	0.3339	0.01692	0.0163314711193689	False
height	Height	17:46673723:T:G	0.4164	0.4164	0.01569	0.0151378931423677	True
height	Height	17:63836897:C:G	0.5643	0.4357	0.01567	0.0151172276261652	True
height	Height	17:70107503:G:A	0.05808	0.05808	0.03279	0.0314110705218659	False
height	Height	17:46463909:G:A	0.8261	0.17390000000000005	0.0201	0.0192725655361474	False
height	Height	17:49246726:A:C	0.3568	0.3568	0.0159	0.0153188581596161	True
height	Height	17:41652878:T:C	0.4743	0.4743	0.015	0.0144361057462346	True
height	Height	17:68207828:A:G	0.5073	0.4927	0.01497	0.0144067145612412	True
height	Height	17:80107917:T:C	0.5325	0.4675	0.0154	0.0148155602379283	False
height	Height	17:27044482:C:A	0.8735	0.12649999999999995	0.02253	0.021490803173861	True
height	Height	17:56637545:A:C	0.3943	0.3943	0.01518	0.0145986108792157	True
height	Height	17:18019510:C:G	0.1603	0.1603	0.01999	0.0190903835059917	True
height	Height	17:43432801:A:G	0.0193	0.0193	0.05335	0.0512501309708522	True
height	Height	17:67497563:T:G	0.4045	0.4045	0.01466	0.0140550729993279	True
height	Height	17:45374994:G:A	0.4289	0.4289	0.01452	0.0139186253416411	True
height	Height	17:40873303:T:C	0.6072	0.39280000000000004	0.01461	0.0139972674796188	True
height	Height	17:48545043:C:T	0.01981	0.01981	0.05101	0.0489718301190331	True
height	Height	17:76928556:G:A	0.04803	0.04803	0.03368	0.0320235330124241	False
height	Height	17:10031090:C:T	0.3731	0.3731	0.01462	0.0139977413196502	True
height	Height	17:76406692:T:C	0.6606	0.33940000000000003	0.0156	0.0149149480881458	True
height	Height	17:54208810:C:T	0.5885	0.4115	0.01416	0.0135358686712324	True
height	Height	17:38140274:A:G	0.04075	0.04075	0.03632	0.0345445420720157	False
height	Height	17:48986754:A:G	0.3817	0.3817	0.01453	0.0138769031155705	True
height	Height	17:76163596:A:C	0.5556	0.4444	0.01394	0.0133113196296466	True
height	Height	17:7237346:T:C	0.3614	0.3614	0.0144	0.0137479377310062	True
height	Height	17:9154855:A:G	0.1865	0.1865	0.01762	0.0167785333095795	True
height	Height	17:69448392:A:C	0.8189	0.18110000000000004	0.01768	0.0168182855616247	True
height	Height	17:2566375:C:A	0.3024	0.3024	0.01482	0.0141288541737556	True
height	Height	17:6546921:C:G	0.3698	0.3698	0.01404	0.0133813456511131	True
height	Height	17:73088369:C:T	0.4196	0.4196	0.01373	0.013082635665872	True
height	Height	17:76796463:C:T	0.476	0.476	0.01351	0.0128685171345214	True
height	Height	17:2886091:C:A	0.7652	0.2348	0.01593	0.0151618620574765	True
height	Height	17:77898081:C:A	0.2372	0.2372	0.0158	0.0150385182648412	True
height	Height	17:40476667:C:G	0.08516	0.08516	0.02363	0.0222001139721305	True
height	Height	17:62118582:C:G	0.01617	0.01617	0.05192	0.0494083649107797	False
height	Height	17:66576439:G:T	0.7529	0.2471	0.01505	0.0142751001426019	True
height	Height	17:15221451:C:T	0.6476	0.35240000000000005	0.01363	0.0129248261422907	True
height	Height	17:1357160:C:G	0.4594	0.4594	0.013	0.0123168851865541	False
height	Height	17:17332469:A:G	0.2078	0.2078	0.01595	0.0150870862952447	True
height	Height	17:68688689:T:G	0.6873	0.3127	0.0137	0.0129526679588636	True
height	Height	17:54001920:A:T	0.03771	0.03771	0.0345	0.032345452606285	True
height	Height	17:45031028:C:T	0.1153	0.1153	0.02029	0.0190403847011322	False
height	Height	17:58037413:T:C	0.96467	0.03532999999999997	0.03471	0.0325268817338458	True
height	Height	17:63290960:T:C	0.7619	0.23809999999999998	0.01474	0.013920553852692	False
height	Height	17:37851015:A:G	0.97804	0.02195999999999998	0.04344	0.0410408199122985	False
height	Height	17:26688065:C:T	0.96855	0.03144999999999998	0.0362	0.0339505043671647	False
height	Height	17:73505168:C:A	0.96319	0.03681000000000001	0.03321	0.0310105650532765	False
height	Height	17:58257875:T:C	0.01463	0.01463	0.05498	0.0519584596533294	False
height	Height	17:69120962:A:G	0.1551	0.1551	0.01728	0.01626633465104	True
height	Height	17:48693155:G:A	0.2704	0.2704	0.01393	0.0131304893393086	True
height	Height	17:4951968:G:A	0.97643	0.02356999999999998	0.0415	0.0390858400344645	False
height	Height	17:2176859:G:A	0.98847	0.01153000000000004	0.06	0.0565662527438559	False
height	Height	17:54452936:G:A	0.05889	0.05889	0.0261	0.0242121558627889	False
height	Height	17:70574078:T:A	0.7194	0.28059999999999996	0.01371	0.0128995089197817	True
height	Height	17:65718056:G:C	0.97036	0.02964	0.03596	0.0335742287196478	False
height	Height	17:17108833:C:A	0.8593	0.14070000000000005	0.01731	0.0162099879221129	True
height	Height	17:58575227:C:T	0.1389	0.1389	0.0185	0.0172852511413167	False
height	Height	17:80643183:A:C	0.045	0.045	0.02967	0.0274041881541554	True
height	Height	17:53567193:A:G	0.8233	0.17669999999999997	0.01573	0.0147422479842435	True
height	Height	17:79861980:T:C	0.1206	0.1206	0.01921	0.017902706128192	False
height	Height	17:73690287:G:A	0.6098	0.3902	0.01207	0.0112779306249566	True
height	Height	17:59388718:A:C	0.01504	0.01504	0.05044	0.047295800561843	False
height	Height	17:40372984:A:G	0.1429	0.1429	0.01686	0.0157418488291974	True
height	Height	17:75347181:A:G	0.233	0.233	0.01397	0.0130571019818504	True
height	Height	17:37399379:G:T	0.8451	0.15490000000000004	0.01611	0.0150338221945616	True
height	Height	17:77748395:G:T	0.07025	0.07025	0.02267	0.0208976297803779	False
height	Height	17:3879493:T:C	0.9453	0.05469999999999997	0.02544	0.0233509113599425	True
height	Height	17:40270081:A:G	0.1119	0.1119	0.01847	0.0171517095740622	False
height	Height	17:16917069:G:A	0.4075	0.4075	0.01237	0.0115199725234814	False
height	Height	17:75857722:G:A	0.06749	0.06749	0.02401	0.0220453145358689	False
height	Height	17:55051248:T:C	0.01432	0.01432	0.05084	0.0474587341722981	False
height	Height	17:30021321:G:A	0.3436	0.3436	0.01211	0.0112651217626213	True
height	Height	17:61295101:A:G	0.9684	0.03159999999999996	0.03332	0.0306276044060995	False
height	Height	17:56109863:T:C	0.92043	0.07957000000000003	0.02098	0.019313189656699	False
height	Height	17:42061761:G:A	0.3707	0.3707	0.01167	0.0108273322595052	True
height	Height	17:7801509:C:A	0.5903	0.40969999999999995	0.0115	0.0106597960762223	True
height	Height	17:48883834:T:C	0.6231	0.3769	0.01166	0.0108045465827047	True
height	Height	17:48346204:G:A	0.98069	0.01931000000000005	0.04151	0.0384013575745182	False
height	Height	17:1470451:A:C	0.5509	0.44910000000000005	0.0114	0.0105560896777359	True
height	Height	17:26241077:A:C	0.8397	0.1603	0.01548	0.0143500453313104	True
height	Height	17:63960269:G:T	0.06165	0.06165	0.02327	0.0212759240039871	True
height	Height	17:71298172:T:C	0.628	0.372	0.01168	0.0108117218828909	False
height	Height	17:31034024:A:G	0.98963	0.01036999999999999	0.05743	0.0532890665071813	False
height	Height	17:57420076:C:A	0.94274	0.05725999999999998	0.02434	0.022207579465605	False
height	Height	17:79478870:C:A	0.7852	0.2148	0.01346	0.0124541986988851	False
height	Height	17:60093542:A:C	0.3589	0.3589	0.01229	0.0113601805112651	False
height	Height	17:74851823:A:G	0.0459	0.0459	0.02851	0.025893371431028	False
height	Height	17:40105688:G:T	0.8715	0.12849999999999995	0.01818	0.0167289637535139	False
height	Height	17:1782952:A:G	0.1198	0.1198	0.01683	0.015517776815106	False
height	Height	17:78429449:C:T	0.8765	0.12350000000000005	0.01729	0.0159155208470884	False
height	Height	17:33120830:C:T	0.98468	0.01532	0.04716	0.0435012491315347	False
height	Height	17:7046023:C:A	0.06344	0.06344	0.02305	0.0209516506484219	False
height	Height	18:20735408:T:C	0.7879	0.21209999999999996	0.06888	0.0686893851720637	True
height	Height	18:46602964:T:C	0.4487	0.4487	0.0437	0.0435324992617685	True
height	Height	18:57829135:T:C	0.2334	0.2334	0.03877	0.0384924524208213	True
height	Height	18:47051184:G:A	0.93871	0.061289999999999956	0.05597	0.0553463081314791	True
height	Height	18:77218926:T:C	0.6822	0.31779999999999997	0.02506	0.0245733255615529	True
height	Height	18:33024107:G:A	0.3216	0.3216	0.0217	0.0211597453115645	True
height	Height	18:2809160:C:T	0.4715	0.4715	0.01938	0.0188982515866717	True
height	Height	18:331506:G:A	0.3772	0.3772	0.02032	0.0197922040314386	True
height	Height	18:13164588:A:G	0.3768	0.3768	0.0192	0.0186858243067311	True
height	Height	18:22746547:T:A	0.4525	0.4525	0.01913	0.0185924999284172	True
height	Height	18:229887:C:T	0.2298	0.2298	0.02063	0.0199663947509087	False
height	Height	18:53154167:C:T	0.7988	0.20120000000000005	0.02146	0.0207387637813986	True
height	Height	18:46474192:T:C	0.3224	0.3224	0.01833	0.0177526138047593	True
height	Height	18:44773382:A:T	0.5035	0.49650000000000005	0.01686	0.0163506273307146	True
height	Height	18:46247143:T:G	0.6914	0.3086	0.01787	0.0172844678496587	False
height	Height	18:57948400:G:A	0.05239	0.05239	0.03764	0.0364169200479866	False
height	Height	18:74975828:C:T	0.95775	0.04225000000000001	0.04042	0.0391574278692351	True
height	Height	18:20332956:G:A	0.9758	0.0242	0.05185	0.0502233742611771	False
height	Height	18:29794353:T:C	0.93639	0.06361000000000006	0.03204	0.0307257897519115	True
height	Height	18:23548683:G:A	0.1216	0.1216	0.02317	0.0221129056230624	True
height	Height	18:20974535:T:C	0.93034	0.06966000000000006	0.03036	0.0289098354609994	False
height	Height	18:72178410:C:T	0.1282	0.1282	0.02201	0.0209700310109118	True
height	Height	18:45887180:A:C	0.4	0.4	0.01444	0.0138251448526077	True
height	Height	18:41878328:G:A	0.8309	0.16910000000000003	0.01897	0.0180818197033135	False
height	Height	18:56118358:C:T	0.98767	0.012329999999999952	0.06491	0.0620214823419422	False
height	Height	18:33124193:G:T	0.2421	0.2421	0.0162	0.0154647654821407	True
height	Height	18:11965415:A:T	0.8161	0.18389999999999995	0.01775	0.016863004217831	False
height	Height	18:13499079:C:T	0.4521	0.4521	0.01357	0.0129099735242123	False
height	Height	18:74183923:C:T	0.8128	0.18720000000000003	0.01709	0.0162279529576046	True
height	Height	18:41416554:C:T	0.824	0.17600000000000005	0.01733	0.0164108415678752	True
height	Height	18:18554710:G:A	0.96924	0.03076000000000001	0.03829	0.0361694792495417	False
height	Height	18:39543:A:C	0.6531	0.3469	0.01463	0.0138635343258863	False
height	Height	18:449778:G:A	0.3376	0.3376	0.01359	0.0128673312459857	True
height	Height	18:24233441:C:T	0.5505	0.4495	0.01297	0.0122668372490569	True
height	Height	18:42549257:C:T	0.8852	0.11480000000000001	0.0201	0.0189016982167196	True
height	Height	18:50391870:A:T	0.6853	0.3147	0.01369	0.0129450694168177	True
height	Height	18:53050523:G:A	0.2673	0.2673	0.01428	0.0134851908555427	True
height	Height	18:21571799:G:A	0.01868	0.01868	0.04842	0.0457605261701846	False
height	Height	18:50955507:A:T	0.544	0.45599999999999996	0.01259	0.0118566998547343	False
height	Height	18:10928393:A:T	0.544	0.45599999999999996	0.01238	0.0116449021291887	True
height	Height	18:75178213:G:T	0.6541	0.3459	0.01293	0.0121642390993783	True
height	Height	18:29693522:A:C	0.1049	0.1049	0.02015	0.0188336727723944	True
height	Height	18:52924695:C:T	0.04626	0.04626	0.02895	0.0268020262068565	False
height	Height	18:43049905:A:G	0.5704	0.4296	0.01215	0.0113888420294528	True
height	Height	18:31217424:A:G	0.04346	0.04346	0.02956	0.0272863192405147	False
height	Height	18:45452467:C:G	0.04444	0.04444	0.02923	0.0269483976931352	False
height	Height	18:60755065:G:T	0.4315	0.4315	0.01182	0.0110309106215596	True
height	Height	18:49911683:G:T	0.4171	0.4171	0.0118	0.0109924877710164	True
height	Height	18:23406027:A:G	0.6517	0.34830000000000005	0.0122	0.0113653220981254	True
height	Height	18:30617363:C:T	0.2192	0.2192	0.01396	0.0130174401008238	False
height	Height	18:3813464:G:A	0.2778	0.2778	0.01282	0.0119344225935528	True
height	Height	18:57043037:G:A	0.1543	0.1543	0.01583	0.0147301180473308	True
height	Height	18:23875338:G:C	0.98234	0.01766000000000001	0.04537	0.042240406470231	False
height	Height	18:30059643:A:G	0.7958	0.20420000000000005	0.01398	0.0129810330642834	False
height	Height	18:24105756:G:C	0.02425	0.02425	0.03865	0.03566631994537	False
height	Height	18:30807543:T:C	0.7778	0.22219999999999995	0.0149	0.0138309546610223	False
height	Height	18:3258732:G:A	0.6905	0.3095	0.0122	0.0113117785973578	True
height	Height	18:47812587:C:T	0.1337	0.1337	0.01685	0.0156155246240495	False
height	Height	18:42448710:A:C	0.4505	0.4505	0.01127	0.0104379873587211	False
height	Height	18:74049001:T:G	0.03653	0.03653	0.03103	0.0283087439207219	False
height	Height	18:69181567:T:C	0.06405	0.06405	0.02298	0.0210015684982763	False
height	Height	18:45786220:G:C	0.07716	0.07716	0.02079	0.019076662287347	False
height	Height	18:53619497:T:A	0.97798	0.02202000000000004	0.03925	0.0360209062883663	False
height	Height	18:46068740:C:T	0.98561	0.014390000000000014	0.0466	0.0430518903845335	True
height	Height	18:69783895:C:A	0.2292	0.2292	0.01335	0.0123209029245582	False
height	Height	18:5761502:A:G	0.8528	0.1472	0.01549	0.0142818632831136	True
height	Height	19:8670147:C:T	0.96351	0.03649000000000002	0.1876	0.187421214394139	False
height	Height	19:4967739:C:T	0.7915	0.20850000000000002	0.05018	0.0499534121553135	True
height	Height	19:2158398:T:C	0.4787	0.4787	0.0405	0.0403146721977236	True
height	Height	19:55879672:C:T	0.9785	0.021499999999999964	0.131	0.130701888005645	False
height	Height	19:55993436:G:T	0.97578	0.02422000000000002	0.1154	0.115016582240526	False
height	Height	19:3443405:C:A	0.3765	0.3765	0.03502	0.0347553347260064	True
height	Height	19:19548239:T:G	0.8138	0.18620000000000003	0.04033	0.0400213292798318	True
height	Height	19:41937095:G:A	0.3613	0.3613	0.03067	0.0303265043568707	True
height	Height	19:10253761:G:A	0.04831	0.04831	0.06296	0.0622216087170505	True
height	Height	19:10750783:C:T	0.2908	0.2908	0.02967	0.0292340095749077	True
height	Height	19:11262477:T:G	0.6569	0.34309999999999996	0.02797	0.0275430411529474	True
height	Height	19:18116144:A:G	0.6945	0.3055	0.02768	0.0272076784045884	True
height	Height	19:7170241:C:T	0.424	0.424	0.02359	0.0231376014425544	True
height	Height	19:37570704:C:T	0.4741	0.4741	0.02292	0.0224564249941104	True
height	Height	19:10370133:G:A	0.8252	0.17479999999999996	0.02931	0.0286998562444795	True
height	Height	19:55741371:C:T	0.98848	0.011519999999999975	0.1027	0.101382190377515	False
height	Height	19:18566804:T:G	0.6404	0.35960000000000003	0.02216	0.0216624916759007	True
height	Height	19:4100660:G:A	0.2799	0.2799	0.02304	0.0224762747785969	True
height	Height	19:2523781:G:T	0.3263	0.3263	0.02165	0.0211193111723529	True
height	Height	19:41117300:G:A	0.98745	0.01254999999999995	0.08971	0.0880050610856358	False
height	Height	19:44053542:G:A	0.1889	0.1889	0.02512	0.0244310684870204	False
height	Height	19:17275777:C:T	0.7673	0.23270000000000002	0.02256	0.021924336015672	True
height	Height	19:31049031:A:T	0.1708	0.1708	0.02479	0.0240306047197185	False
height	Height	19:11153543:T:C	0.93356	0.06644000000000005	0.03767	0.0367430234441577	True
height	Height	19:3575343:G:A	0.8897	0.11029999999999995	0.03248	0.0315445908731175	False
height	Height	19:6226006:T:A	0.2326	0.2326	0.02174	0.0210918361378613	True
height	Height	19:8566634:G:A	0.8333	0.16669999999999996	0.02303	0.0222213994656598	False
height	Height	19:19760916:G:A	0.1642	0.1642	0.02277	0.0219423703646968	False
height	Height	19:12502457:A:G	0.7833	0.2167	0.02046	0.0197525990469643	False
height	Height	19:52193280:G:A	0.1279	0.1279	0.02493	0.0239398039637794	True
height	Height	19:17502895:C:T	0.8329	0.16710000000000003	0.02168	0.0208479302151896	True
height	Height	19:45397506:A:G	0.98044	0.019560000000000022	0.06278	0.0606570511183595	False
height	Height	19:2039727:C:T	0.97648	0.023519999999999985	0.05291	0.0512270154637549	False
height	Height	19:39482447:A:G	0.3382	0.3382	0.01676	0.0161845450349004	True
height	Height	19:47724564:C:T	0.9633	0.036699999999999955	0.04212	0.040725863129066	False
height	Height	19:42753034:A:G	0.93236	0.06764000000000003	0.03078	0.029425989550652	True
height	Height	19:36178698:G:A	0.1574	0.1574	0.02094	0.0200553390753632	True
height	Height	19:54705928:T:C	0.5909	0.4091	0.01535	0.0147821737639363	True
height	Height	19:58517681:C:T	0.5346	0.46540000000000004	0.01507	0.0145077495445972	True
height	Height	19:30305684:G:A	0.3269	0.3269	0.01546	0.0148321602868411	True
height	Height	19:38998025:G:T	0.9683	0.03169999999999995	0.04067	0.0389411868678028	False
height	Height	19:13061450:A:G	0.5568	0.44320000000000004	0.01414	0.0135243309148716	False
height	Height	19:50100295:A:G	0.2247	0.2247	0.01677	0.0160199183341878	True
height	Height	19:16425503:G:A	0.6188	0.3812	0.01438	0.0137489892907881	False
height	Height	19:2646712:G:C	0.03293	0.03293	0.03924	0.0374415098074858	False
height	Height	19:32830336:T:A	0.1332	0.1332	0.02032	0.0192755861551676	False
height	Height	19:12172847:G:A	0.07421	0.07421	0.02601	0.0244989697406484	True
height	Height	19:5251430:G:A	0.9551	0.04490000000000005	0.03337	0.0315301085467745	False
height	Height	19:49122248:T:C	0.2569	0.2569	0.01553	0.0147924519281245	True
height	Height	19:33884432:A:G	0.1851	0.1851	0.01734	0.0164672455630263	False
height	Height	19:35555190:T:C	0.0672	0.0672	0.02659	0.024967474875982	True
height	Height	19:4366219:A:G	0.2973	0.2973	0.01456	0.0138514639249775	True
height	Height	19:49605705:G:A	0.1647	0.1647	0.01787	0.0169501861200783	False
height	Height	19:48084410:G:A	0.8781	0.12190000000000001	0.02031	0.0191837946766197	True
height	Height	19:13264398:C:T	0.8139	0.18610000000000004	0.01688	0.0160126785161322	True
height	Height	19:1160177:G:C	0.7621	0.2379	0.01531	0.014511172343366	True
height	Height	19:47615835:C:T	0.95424	0.04576000000000002	0.03246	0.0304446991470631	False
height	Height	19:46332842:C:T	0.6466	0.35340000000000005	0.01345	0.0127363686348403	True
height	Height	19:45955361:A:G	0.98488	0.015120000000000022	0.05303	0.0503228156763027	False
height	Height	19:41226415:C:G	0.5876	0.4124	0.01312	0.0124157942521957	True
height	Height	19:3983184:A:G	0.90144	0.09855999999999998	0.02154	0.0202099519909896	True
height	Height	19:6751293:T:G	0.1758	0.1758	0.01679	0.0158714874409892	True
height	Height	19:56291405:G:C	0.08156	0.08156	0.0234	0.0218886623725378	True
height	Height	19:57252794:T:C	0.1069	0.1069	0.0205	0.019238561629993	True
height	Height	19:36339385:G:A	0.03337	0.03337	0.03542	0.0332324314622402	True
height	Height	19:3285485:C:G	0.8688	0.13119999999999998	0.01868	0.017573777387763	True
height	Height	19:5854973:G:A	0.1168	0.1168	0.02032	0.0190360658188393	True
height	Height	19:43177980:G:A	0.98433	0.015669999999999962	0.05099	0.0481869661334961	False
height	Height	19:12895600:C:G	0.02739	0.02739	0.03787	0.0355241887794382	False
height	Height	19:45511140:C:A	0.455	0.455	0.01241	0.0116700073366271	False
height	Height	19:8373152:T:C	0.03521	0.03521	0.03321	0.0309169872505493	True
height	Height	19:17401404:C:G	0.7047	0.2953	0.01336	0.0125555036072346	True
height	Height	19:19131198:G:A	0.1574	0.1574	0.01693	0.0158914143986416	False
height	Height	19:39676251:C:T	0.98459	0.015410000000000035	0.05201	0.0489977711411876	False
height	Height	19:56109931:A:G	0.9387	0.06130000000000002	0.02528	0.0234097660526633	False
height	Height	19:4499327:G:A	0.134	0.134	0.01783	0.0166936054092947	True
height	Height	19:47298001:T:C	0.7726	0.22740000000000005	0.01459	0.0136981679387944	True
height	Height	19:10642158:C:T	0.0192	0.0192	0.04451	0.0418234140543927	False
height	Height	19:1009585:C:G	0.2995	0.2995	0.01314	0.0123216831758172	False
height	Height	19:415855:G:A	0.7207	0.2793	0.01334	0.0125032249506086	True
height	Height	19:36653309:T:C	0.0927	0.0927	0.02052	0.0190747957753661	False
height	Height	19:10026550:A:G	0.6901	0.30989999999999995	0.01286	0.0120227107025411	True
height	Height	19:33363041:C:T	0.395	0.395	0.01193	0.0111271543321427	True
height	Height	19:48610394:G:A	0.3773	0.3773	0.01213	0.0113118993579963	True
height	Height	19:32727985:C:T	0.96867	0.03132999999999997	0.03324	0.030633143035308	False
height	Height	19:49857801:G:A	0.96955	0.030449999999999977	0.03352	0.0308678645572805	False
height	Height	19:40030541:T:G	0.1645	0.1645	0.0155	0.0144342211976343	False
height	Height	19:1924189:C:T	0.97998	0.020020000000000038	0.04076	0.0378310506625294	True
height	Height	19:49369943:A:G	0.6699	0.33009999999999995	0.01208	0.011225067993289	True
height	Height	19:33624120:A:G	0.3374	0.3374	0.01224	0.0113703576209283	False
height	Height	19:57484275:C:T	0.4848	0.4848	0.0114	0.0105814455978339	True
height	Height	19:57040294:T:A	0.2257	0.2257	0.01393	0.0129355478281453	False
height	Height	19:21789986:G:A	0.6099	0.3901	0.01154	0.010698020875072	False
height	Height	19:17085341:C:T	0.885	0.11499999999999999	0.01753	0.0162132683189711	True
height	Height	19:49232226:G:A	0.4634	0.4634	0.01116	0.0103208599976836	True
height	Height	19:5668597:T:A	0.5631	0.43689999999999996	0.0117	0.0108122634687495	False
height	Height	19:30860721:A:G	0.9359	0.06410000000000005	0.02248	0.0205195362563563	True
height	Height	19:4772763:G:C	0.869	0.131	0.01621	0.0149525143299379	True
height	Height	20:34025756:A:G	0.4024	0.4024	0.09422	0.0941475983824386	True
height	Height	20:32274380:G:A	0.7345	0.26549999999999996	0.05314	0.0529509677293578	True
height	Height	20:6595646:A:G	0.3704	0.3704	0.04681	0.046643413410859	True
height	Height	20:47843620:T:C	0.2377	0.2377	0.04164	0.0413919107065572	True
height	Height	20:4101800:C:T	0.3665	0.3665	0.0357	0.0354507955908077	True
height	Height	20:33219835:A:C	0.8631	0.13690000000000002	0.04946	0.0491371801020626	False
height	Height	20:61440005:C:T	0.07151	0.07151	0.0607	0.0601302711131677	False
height	Height	20:35604864:C:A	0.90234	0.09765999999999997	0.04709	0.0466150937221839	False
height	Height	20:34865662:G:A	0.856	0.14400000000000002	0.03825	0.0378316432234494	False
height	Height	20:6710434:T:G	0.6721	0.32789999999999997	0.02772	0.0272895655377402	True
height	Height	20:33470514:T:C	0.1748	0.1748	0.0301	0.0295174650108657	False
height	Height	20:57466093:G:T	0.97406	0.025939999999999963	0.07246	0.071218102745342	False
height	Height	20:48600557:T:C	0.8822	0.11780000000000002	0.03498	0.0343789911010578	True
height	Height	20:5113311:A:G	0.8887	0.11129999999999995	0.03109	0.0302785523336949	False
height	Height	20:20069826:G:T	0.7221	0.27790000000000004	0.02104	0.0204558241300512	True
height	Height	20:35503450:G:A	0.5306	0.46940000000000004	0.01882	0.0183216427079503	False
height	Height	20:42315091:G:A	0.1183	0.1183	0.02854	0.027658776794247	True
height	Height	20:6236302:A:C	0.1987	0.1987	0.0229	0.0221930934771732	True
height	Height	20:17769853:G:A	0.5642	0.43579999999999997	0.0179	0.0174024002841609	True
height	Height	20:43715433:G:A	0.8215	0.1785	0.02318	0.0224186456913837	True
height	Height	20:39678481:T:G	0.96369	0.03630999999999995	0.04802	0.0468452182853398	False
height	Height	20:57684612:A:G	0.1332	0.1332	0.02555	0.0246335120768083	False
height	Height	20:31217322:T:C	0.98989	0.010109999999999952	0.08678	0.0844110734794117	False
height	Height	20:35948092:A:G	0.0468	0.0468	0.04051	0.0393742702179067	False
height	Height	20:43878103:A:T	0.8008	0.19920000000000004	0.021	0.020256019148808	True
height	Height	20:37880233:A:G	0.93628	0.06372	0.03444	0.0332712432735061	True
height	Height	20:48012364:G:C	0.065	0.065	0.03369	0.0325199620473968	True
height	Height	20:43503276:C:A	0.2169	0.2169	0.02007	0.0193665599298618	True
height	Height	20:48894872:T:C	0.5655	0.4345	0.01659	0.0160628648318685	True
height	Height	20:31874762:T:C	0.97764	0.022360000000000047	0.05511	0.0534214674635068	False
height	Height	20:3238748:G:A	0.1487	0.1487	0.02482	0.0238069322167784	False
height	Height	20:49090262:T:C	0.1664	0.1664	0.02175	0.0209127487575534	True
height	Height	20:62867211:G:A	0.6411	0.3589	0.01717	0.0165980657957522	False
height	Height	20:31438954:A:G	0.817	0.18300000000000005	0.02071	0.0199239705986879	False
height	Height	20:38552078:T:C	0.637	0.363	0.0167	0.0161404294406032	True
height	Height	20:6338206:C:T	0.04895	0.04895	0.0372	0.0359120374667046	False
height	Height	20:50540099:G:T	0.93325	0.06674999999999998	0.03066	0.0293057889814097	True
height	Height	20:60985164:C:T	0.7381	0.2619	0.01715	0.0164866543379124	True
height	Height	20:40269616:T:C	0.02998	0.02998	0.04341	0.0417931937124656	False
height	Height	20:11047596:T:C	0.3009	0.3009	0.016	0.0153605441320502	True
height	Height	20:50194785:G:A	0.804	0.19599999999999995	0.01807	0.0172692785350745	False
height	Height	20:17667251:T:A	0.6162	0.38380000000000003	0.01462	0.0140057761839518	True
height	Height	20:61577629:C:T	0.7822	0.2178	0.017	0.0162423309802522	False
height	Height	20:50342960:T:C	0.4887	0.4887	0.01408	0.0134691273473514	True
height	Height	20:21221353:C:G	0.3337	0.3337	0.01472	0.0140655009944816	True
height	Height	20:6836952:G:A	0.4903	0.4903	0.01375	0.0131082043792987	True
height	Height	20:39545287:T:A	0.9728	0.027200000000000002	0.04374	0.0417450126970286	False
height	Height	20:20344343:A:G	0.281	0.281	0.01501	0.0142993695058258	True
height	Height	20:30419051:A:G	0.2109	0.2109	0.01633	0.0155232198866733	False
height	Height	20:4205351:A:G	0.3382	0.3382	0.01422	0.0135262262265771	False
height	Height	20:49196998:G:T	0.5511	0.44889999999999997	0.01336	0.0127004072674608	True
height	Height	20:38821796:C:T	0.3803	0.3803	0.01365	0.0129454873318971	True
height	Height	20:37498573:T:A	0.6536	0.34640000000000004	0.01397	0.0132460832842582	False
height	Height	20:42844854:A:G	0.2028	0.2028	0.01599	0.015134029811845	True
height	Height	20:4321926:A:G	0.0507	0.0507	0.02912	0.0271877573658896	True
height	Height	20:13284989:T:C	0.5266	0.47340000000000004	0.01278	0.0120794111614104	True
height	Height	20:46805893:C:T	0.5918	0.4082	0.01289	0.012177508233719	True
height	Height	20:9438172:A:G	0.8907	0.10929999999999995	0.02019	0.0189476895918087	True
height	Height	20:54828293:C:T	0.2602	0.2602	0.01436	0.0135670260724367	True
height	Height	20:54956064:T:C	0.373	0.373	0.01309	0.012356703123019	True
height	Height	20:30904804:G:A	0.94097	0.05903000000000003	0.02694	0.0250708796615074	False
height	Height	20:62191475:T:G	0.3665	0.3665	0.01364	0.0128737638316802	True
height	Height	20:62481351:G:T	0.0539	0.0539	0.02786	0.0258978419822317	False
height	Height	20:3113688:A:G	0.5753	0.42469999999999997	0.01245	0.0117125086994973	True
height	Height	20:10745376:A:G	0.03405	0.03405	0.03429	0.0319750930932811	False
height	Height	20:11208264:G:T	0.97067	0.029329999999999967	0.03844	0.0359922845555017	False
height	Height	20:15298720:G:A	0.2781	0.2781	0.01357	0.0127563029455286	False
height	Height	20:22808892:C:T	0.02226	0.02226	0.04113	0.0385981400575784	False
height	Height	20:62674787:A:T	0.5725	0.4275	0.0125	0.0117243448813361	False
height	Height	20:16528288:G:A	0.6582	0.3418	0.01269	0.0119029507195977	True
height	Height	20:10903699:A:C	0.2246	0.2246	0.01444	0.013533397861847	True
height	Height	20:44900262:A:T	0.1112	0.1112	0.01943	0.0181026073142111	True
height	Height	20:35122554:A:G	0.019	0.019	0.04376	0.0410107513716942	False
height	Height	20:19693492:T:G	0.5507	0.44930000000000003	0.01199	0.0112166969863069	True
height	Height	20:391025:T:C	0.1271	0.1271	0.01777	0.0165968793203544	True
height	Height	20:17413766:C:T	0.9879	0.0121	0.05549	0.0520068537507683	False
height	Height	20:25257462:G:A	0.4212	0.4212	0.01194	0.0111528468535844	True
height	Height	20:7889762:G:A	0.0284	0.0284	0.03636	0.0337394523731112	False
height	Height	20:7585932:T:A	0.5746	0.4254	0.01203	0.0112361033887817	False
height	Height	20:7243540:T:C	0.4945	0.4945	0.01187	0.0110844576382198	True
height	Height	20:18982221:C:T	0.2961	0.2961	0.01279	0.0119392276724003	True
height	Height	20:38713449:C:T	0.09183	0.09183	0.02014	0.0186607368755603	False
height	Height	20:44503099:T:C	0.687	0.31299999999999994	0.01247	0.0116195428130467	True
height	Height	20:31551115:G:C	0.96363	0.03637000000000001	0.03198	0.0293516004002598	False
height	Height	20:40566835:G:T	0.9898	0.010199999999999987	0.05891	0.0549032127180732	False
height	Height	20:41133639:A:G	0.7582	0.24180000000000001	0.01324	0.0123064403059899	True
height	Height	20:36148538:C:G	0.98007	0.019930000000000003	0.04197	0.0389144961903534	False
height	Height	20:39424320:A:G	0.97795	0.022050000000000014	0.04018	0.0371353349656228	False
height	Height	20:278806:C:T	0.3027	0.3027	0.01222	0.0113281877092035	True
height	Height	20:22083345:A:T	0.97865	0.02134999999999998	0.03876	0.0357188949229637	False
height	Height	20:48231846:T:C	0.3975	0.3975	0.01143	0.0105824438792451	True
height	Height	20:4845425:T:C	0.8869	0.11309999999999998	0.0175	0.0161483251549058	True
height	Height	20:46357261:A:C	0.7724	0.22760000000000002	0.0134	0.0123888962503178	False
height	Height	21:39671476:G:A	0.4341	0.4341	0.03107	0.0307552883768274	True
height	Height	21:35677185:G:T	0.5715	0.4285	0.02746	0.0270697070917299	True
height	Height	21:47423509:C:T	0.7719	0.22809999999999997	0.02455	0.0239385759122347	True
height	Height	21:28293800:G:A	0.8393	0.16069999999999995	0.027	0.0262743011824954	True
height	Height	21:37692589:A:T	0.8585	0.14149999999999996	0.02721	0.0263909137608782	False
height	Height	21:30112207:A:G	0.8621	0.13790000000000002	0.02601	0.0251458645421503	True
height	Height	21:17355049:C:T	0.2209	0.2209	0.02057	0.0198727810197772	True
height	Height	21:35029572:G:A	0.3226	0.3226	0.01751	0.0169362297504646	True
height	Height	21:35560715:T:G	0.97617	0.023830000000000018	0.05232	0.0505552487598619	False
height	Height	21:40518749:C:T	0.95431	0.04569000000000001	0.03585	0.034369996253679	False
height	Height	21:38448025:A:G	0.4848	0.4848	0.0148	0.0142281096753242	True
height	Height	21:47546244:T:C	0.4071	0.4071	0.0146	0.0139914145279712	True
height	Height	21:30584940:A:T	0.0833	0.0833	0.02536	0.0239700741388521	True
height	Height	21:41460412:C:T	0.3461	0.3461	0.01451	0.0138606579686379	True
height	Height	21:39805797:G:A	0.7844	0.2156	0.01643	0.0156379839486617	True
height	Height	21:39959179:T:C	0.06057	0.06057	0.02782	0.0260606126742751	True
height	Height	21:44858504:G:T	0.7937	0.20630000000000004	0.01592	0.015062422270814	True
height	Height	21:37523053:G:A	0.06975	0.06975	0.02497	0.0233130910710872	False
height	Height	21:38719969:A:G	0.1166	0.1166	0.01994	0.0187493384861543	True
height	Height	21:41000700:A:G	0.98746	0.012539999999999996	0.05556	0.0524580066256341	False
height	Height	21:39429552:A:G	0.7375	0.26249999999999996	0.01355	0.012691111824689	True
height	Height	21:38081480:C:T	0.05812	0.05812	0.02515	0.0231771081407201	False
height	Height	21:37799273:G:A	0.6734	0.3266	0.0125	0.0116416230919031	False
height	Height	21:40620127:T:G	0.0663	0.0663	0.02306	0.0212085570537022	False
height	Height	21:44510021:A:G	0.55	0.44999999999999996	0.01147	0.010655023638837	True
height	Height	21:33007192:G:A	0.2288	0.2288	0.01348	0.012502994273547	True
height	Height	21:34560723:T:C	0.98926	0.010739999999999972	0.05514	0.0511633296648463	False
height	Height	21:44083603:C:T	0.292	0.292	0.01211	0.0111875291720668	True
height	Height	21:20351338:T:G	0.09071	0.09071	0.01929	0.0177298124869721	True
height	Height	21:16806709:C:T	0.4322	0.4322	0.01107	0.0102154138358081	True
height	Height	22:33046536:C:G	0.8361	0.16390000000000005	0.03895	0.0385843436931507	True
height	Height	22:45841277:T:A	0.2001	0.2001	0.03418	0.0337771110621761	True
height	Height	22:28748830:T:A	0.98684	0.01315999999999995	0.1108	0.109933549795567	False
height	Height	22:42229092:G:C	0.90632	0.09367999999999999	0.04017	0.0395885867575054	False
height	Height	22:20788242:C:G	0.3685	0.3685	0.0217	0.0212070028167915	True
height	Height	22:30456153:T:C	0.4415	0.4415	0.02109	0.0206151161379251	True
height	Height	22:46236425:G:A	0.4125	0.4125	0.0205	0.0200165780138233	True
height	Height	22:39304509:T:C	0.2231	0.2231	0.02271	0.0220217037349594	True
height	Height	22:43568512:C:T	0.7542	0.24580000000000002	0.02115	0.020523318907402	True
height	Height	22:38608227:T:C	0.4483	0.4483	0.01828	0.0177868574386614	True
height	Height	22:46417323:C:A	0.06361	0.06361	0.03667	0.0356684808154084	True
height	Height	22:39838003:A:G	0.7436	0.25639999999999996	0.01942	0.0187869849586271	False
height	Height	22:41208244:C:T	0.96105	0.03895000000000004	0.04252	0.0411739058544209	False
height	Height	22:46615376:G:A	0.1287	0.1287	0.02393	0.0229391521154878	False
height	Height	22:38102346:C:T	0.4977	0.4977	0.01583	0.0152888370205007	True
height	Height	22:43284334:G:A	0.5077	0.49229999999999996	0.01564	0.0151027444582118	False
height	Height	22:50167652:T:C	0.4214	0.4214	0.01637	0.015782967263076	True
height	Height	22:39487029:G:A	0.97546	0.024540000000000006	0.04948	0.0476711589117218	False
height	Height	22:39692875:G:A	0.92644	0.07355999999999996	0.02759	0.0261326114326046	False
height	Height	22:18325067:A:G	0.3857	0.3857	0.01478	0.0141644608160441	True
height	Height	22:47095235:C:A	0.96226	0.037739999999999996	0.03741	0.0357418112266495	False
height	Height	22:38211954:G:A	0.5524	0.4476	0.01405	0.0134319405840123	True
height	Height	22:41935063:G:A	0.363	0.363	0.01445	0.0137923841860433	True
height	Height	22:28083520:G:A	0.5104	0.48960000000000004	0.01373	0.0131004313456359	True
height	Height	22:33385930:C:T	0.8943	0.10570000000000002	0.02221	0.020985891595865	True
height	Height	22:31046315:G:A	0.8058	0.19420000000000004	0.01714	0.0163078244790099	False
height	Height	22:39957740:T:C	0.5029	0.4971	0.01274	0.0120433676433771	True
height	Height	22:38708506:G:A	0.06702	0.06702	0.02433	0.0225700978732319	False
height	Height	22:43115570:G:T	0.6773	0.3227	0.01302	0.0122335829092014	True
height	Height	22:19320900:T:G	0.01837	0.01837	0.04877	0.0459084310520162	False
height	Height	22:22221167:A:G	0.3649	0.3649	0.01237	0.0115701095952433	True
height	Height	22:18482600:G:A	0.7599	0.24009999999999998	0.01379	0.0128893490270645	True
height	Height	22:32009984:C:T	0.01004	0.01004	0.06009	0.0561339866798279	False
height	Height	22:41382177:G:T	0.6586	0.34140000000000004	0.01213	0.0112798008284739	True
height	Height	22:19428077:A:G	0.8178	0.18220000000000003	0.01461	0.0135697531618996	False
height	Height	22:20188609:C:T	0.2848	0.2848	0.0123	0.0113815915044223	True
height	Height	22:49786016:A:G	0.1215	0.1215	0.01674	0.0154302069258205	True
ldl	LDL	1:109817590:G:T	0.7785	0.22150000000000003	0.202	0.201898034060485	True
ldl	LDL	1:55505647:G:T	0.98237	0.017630000000000035	0.6179	0.61724046805476	False
ldl	LDL	1:62955862:C:T	0.645	0.355	0.07099	0.0707612806156965	True
ldl	LDL	1:109715950:G:A	0.92724	0.07276000000000005	0.1273	0.126914943858222	False
ldl	LDL	1:234853059:C:T	0.5226	0.47740000000000005	0.06339	0.0631356562663625	True
ldl	LDL	1:110067787:T:C	0.95733	0.042669999999999986	0.1384	0.137790375117253	False
ldl	LDL	1:220970028:A:G	0.703	0.29700000000000004	0.04265	0.04227052141012	True
ldl	LDL	1:63217503:A:C	0.8306	0.1694	0.05007	0.0495227240971097	True
ldl	LDL	1:25768937:A:G	0.559	0.44099999999999995	0.03686	0.0364891476930287	True
ldl	LDL	1:55792722:G:A	0.98051	0.019490000000000007	0.1374	0.135990051286825	False
ldl	LDL	1:27021913:G:C	0.02345	0.02345	0.1205	0.119365399935163	False
ldl	LDL	1:234739101:C:A	0.3281	0.3281	0.03654	0.0361088576853227	True
ldl	LDL	1:110174205:C:T	0.8348	0.1652	0.04031	0.0397010882113282	True
ldl	LDL	1:109518221:C:T	0.98114	0.018859999999999988	0.1068	0.105222763822666	False
ldl	LDL	1:109415445:G:C	0.98827	0.011730000000000018	0.1212	0.118913123736349	False
ldl	LDL	1:110300277:C:T	0.9463	0.05369999999999997	0.05575	0.0543351745903103	True
ldl	LDL	1:16512586:C:G	0.624	0.376	0.02409	0.0231290379443615	True
ldl	LDL	1:62839567:T:C	0.4323	0.4323	0.02305	0.0220886706770999	True
ldl	LDL	1:93034023:G:T	0.7879	0.21209999999999996	0.02633	0.0251679135284587	True
ldl	LDL	1:25529038:A:G	0.1714	0.1714	0.0291	0.0278453151956543	True
ldl	LDL	1:235011460:T:C	0.4169	0.4169	0.02055	0.0195580999548999	True
ldl	LDL	1:45237714:T:C	0.2036	0.2036	0.02455	0.023185786595494	True
ldl	LDL	1:221103388:A:G	0.2688	0.2688	0.02204	0.0208251398522861	True
ldl	LDL	1:29494019:C:T	0.7138	0.2862	0.02073	0.0195709107822731	True
ldl	LDL	1:55901457:C:T	0.98675	0.013249999999999984	0.08279	0.0793728575902913	False
ldl	LDL	1:224640147:T:C	0.7863	0.2137	0.0225	0.0211108959232993	False
ldl	LDL	1:109020060:A:T	0.97899	0.021009999999999973	0.06679	0.0634407300611168	False
ldl	LDL	1:182140185:C:G	0.3284	0.3284	0.01894	0.017856059722815	True
ldl	LDL	1:16170903:C:T	0.1314	0.1314	0.0263	0.0244067924983199	False
ldl	LDL	1:183097609:A:T	0.5166	0.48340000000000005	0.01774	0.0167373717424157	False
ldl	LDL	1:23795177:T:C	0.8712	0.12880000000000003	0.02599	0.0240960750965897	True
ldl	LDL	1:91533297:A:G	0.8021	0.19789999999999996	0.02121	0.0197145759114568	True
ldl	LDL	1:26901090:C:T	0.4264	0.4264	0.01721	0.0161978846396	True
ldl	LDL	1:23357282:A:T	0.1769	0.1769	0.02204	0.0204343838928015	False
ldl	LDL	1:150958836:A:G	0.8388	0.1612	0.02286	0.0211500846282137	True
ldl	LDL	1:56798093:A:T	0.5943	0.40569999999999995	0.01776	0.0166671655265854	False
ldl	LDL	1:55074647:G:A	0.98608	0.013920000000000043	0.0757	0.0713986068301694	False
ldl	LDL	1:109310728:G:A	0.98216	0.017839999999999967	0.06258	0.0587690902677555	False
ldl	LDL	1:235112412:T:C	0.7878	0.21220000000000006	0.02024	0.0188057141531792	True
ldl	LDL	1:163249602:T:C	0.0422	0.0422	0.04088	0.0383715022549311	True
ldl	LDL	1:107593201:T:A	0.3452	0.3452	0.01683	0.0157169145656381	True
ldl	LDL	1:198990494:G:A	0.7382	0.26180000000000003	0.01794	0.0166637413957328	True
ldl	LDL	1:54866285:A:C	0.5281	0.4719	0.01565	0.0145935225447741	True
ldl	LDL	1:174906712:C:T	0.2308	0.2308	0.01895	0.0175158080449951	False
ldl	LDL	1:161518333:A:T	0.07221	0.07221	0.03039	0.0276911045842344	False
ldl	LDL	1:150293071:G:A	0.8063	0.19369999999999998	0.01942	0.0178634774543386	True
ldl	LDL	1:66054995:T:G	0.6575	0.3425	0.01621	0.0150527195616412	True
ldl	LDL	1:61871356:A:G	0.7919	0.20809999999999995	0.01899	0.0174772264178366	True
ldl	LDL	1:154243457:A:T	0.1323	0.1323	0.02249	0.0204529979488394	True
ldl	LDL	1:214150821:G:C	0.03488	0.03488	0.04146	0.0384476862475074	False
ldl	LDL	1:118162139:C:T	0.3282	0.3282	0.01619	0.0150019867625816	True
ldl	LDL	1:46179251:T:C	0.95766	0.042340000000000044	0.03706	0.0340043262037983	False
ldl	LDL	1:62326019:C:T	0.01514	0.01514	0.06193	0.0570956636615322	False
ldl	LDL	1:46603363:C:G	0.2041	0.2041	0.01821	0.016657408230775	True
ldl	LDL	1:158506819:G:T	0.2346	0.2346	0.01702	0.0155780893148021	True
ldl	LDL	1:46291777:A:G	0.01392	0.01392	0.0641	0.0586758008461703	False
ldl	LDL	1:75002817:A:G	0.01146	0.01146	0.07049	0.0643335794320848	False
ldl	LDL	1:26387625:A:C	0.8209	0.17910000000000004	0.01835	0.0166023336212354	True
ldl	LDL	1:171120956:C:G	0.7736	0.22640000000000005	0.01696	0.0154033696645078	True
ldl	LDL	1:246891269:T:C	0.49	0.49	0.01398	0.0126616132598904	True
ldl	LDL	2:21291312:T:C	0.8216	0.1784	0.1722	0.172051245345449	True
ldl	LDL	2:44069772:G:A	0.93472	0.06528	0.178	0.17765414065058	True
ldl	LDL	2:21150787:T:C	0.4673	0.4673	0.0795	0.0793346962085167	True
ldl	LDL	2:27730940:T:C	0.3929	0.3929	0.06508	0.0648256947034172	True
ldl	LDL	2:21524000:G:A	0.92424	0.07576000000000005	0.1231	0.122708343070755	False
ldl	LDL	2:20985455:T:A	0.1479	0.1479	0.05943	0.0588777629636817	True
ldl	LDL	2:169828867:C:T	0.3959	0.3959	0.03567	0.035257728963455	True
ldl	LDL	2:118845121:G:A	0.8985	0.10150000000000003	0.05688	0.0560929201678776	True
ldl	LDL	2:20371613:T:C	0.5321	0.4679	0.03418	0.0337456258906053	True
ldl	LDL	2:203527979:T:C	0.5306	0.46940000000000004	0.03137	0.0308259405033329	True
ldl	LDL	2:44322136:A:T	0.98298	0.017020000000000035	0.1198	0.118147393943953	False
ldl	LDL	2:63047973:G:C	0.6812	0.3188	0.03201	0.0314084510799242	True
ldl	LDL	2:43950137:T:G	0.93301	0.06699	0.05555	0.0543910001262	True
ldl	LDL	2:20852025:A:C	0.02926	0.02926	0.08319	0.0817078829804961	False
ldl	LDL	2:204015972:T:C	0.8746	0.12539999999999996	0.04044	0.0396662216993819	True
ldl	LDL	2:20496452:T:C	0.4569	0.4569	0.02675	0.0259550325496881	True
ldl	LDL	2:121306440:G:A	0.5898	0.4102	0.02422	0.0232942898597912	True
ldl	LDL	2:165528624:G:T	0.6072	0.39280000000000004	0.02399	0.0230453491359543	True
ldl	LDL	2:234522619:A:C	0.06861	0.06861	0.04609	0.0448521903185811	False
ldl	LDL	2:28168415:A:G	0.7804	0.21960000000000002	0.02713	0.0259951451170114	True
ldl	LDL	2:62822039:G:A	0.08375	0.08375	0.04077	0.0396116451641064	False
ldl	LDL	2:203105030:C:A	0.1167	0.1167	0.03475	0.0336392111373266	False
ldl	LDL	2:169933741:G:A	0.5395	0.4605	0.02215	0.0211994337038572	True
ldl	LDL	2:21764835:C:A	0.0736	0.0736	0.04207	0.0408294097003602	False
ldl	LDL	2:43810346:T:C	0.98741	0.01258999999999999	0.09962	0.0971073056633684	False
ldl	LDL	2:118371050:G:C	0.8461	0.15390000000000004	0.02979	0.0285223028857561	False
ldl	LDL	2:27416567:G:A	0.9017	0.09830000000000005	0.0375	0.0362703665927769	False
ldl	LDL	2:44185713:T:C	0.97463	0.025370000000000004	0.06463	0.0620554519738221	False
ldl	LDL	2:3636478:T:G	0.1305	0.1305	0.02933	0.0278056230249692	True
ldl	LDL	2:27293982:G:A	0.90255	0.09745000000000004	0.03385	0.0323501754617138	False
ldl	LDL	2:43490619:A:T	0.1606	0.1606	0.02666	0.0251353301308398	True
ldl	LDL	2:24489969:G:A	0.09618	0.09618	0.03259	0.0309683696219196	False
ldl	LDL	2:24373150:A:G	0.3656	0.3656	0.01944	0.0184081388907781	True
ldl	LDL	2:118224104:G:C	0.97854	0.021460000000000035	0.06669	0.0634989832379508	True
ldl	LDL	2:158481992:A:G	0.9241	0.07589999999999997	0.03468	0.0328698382195974	True
ldl	LDL	2:216300482:T:A	0.7354	0.26459999999999995	0.02054	0.0193111234781525	True
ldl	LDL	2:26929282:T:G	0.6098	0.3902	0.01767	0.0166553280227581	True
ldl	LDL	2:46174037:G:T	0.4423	0.4423	0.01709	0.0161076082722572	True
ldl	LDL	2:21651595:A:G	0.06932	0.06932	0.03558	0.0333906746718893	False
ldl	LDL	2:136608646:G:A	0.248	0.248	0.01961	0.01825725648857	False
ldl	LDL	2:242370751:G:T	0.6472	0.3528	0.01713	0.016057447999176	True
ldl	LDL	2:45878760:G:T	0.252	0.252	0.01893	0.0176387658901886	True
ldl	LDL	2:228451050:G:A	0.98516	0.014839999999999964	0.07076	0.0664129097852593	False
ldl	LDL	2:44933681:C:T	0.9888	0.011199999999999988	0.07777	0.0731792689779498	False
ldl	LDL	2:28527505:A:G	0.5954	0.40459999999999996	0.01642	0.0153771818216645	True
ldl	LDL	2:109081201:A:T	0.1913	0.1913	0.02026	0.018717042970034	True
ldl	LDL	2:135597764:C:A	0.3249	0.3249	0.01722	0.0160075618260049	True
ldl	LDL	2:86859298:A:C	0.4912	0.4912	0.01548	0.0143300030715036	True
ldl	LDL	2:64906800:G:C	0.7382	0.26180000000000003	0.01712	0.0157871424019195	True
ldl	LDL	2:176899014:T:A	0.718	0.28200000000000003	0.01651	0.0152220740350341	True
ldl	LDL	2:101617631:C:T	0.6349	0.3651	0.01535	0.0141493128114122	True
ldl	LDL	2:137188902:A:G	0.1382	0.1382	0.02182	0.0197280462389641	False
ldl	LDL	2:88489841:G:C	0.6773	0.3227	0.01568	0.0144153201036091	True
ldl	LDL	2:30632520:G:A	0.8013	0.1987	0.01833	0.0167267058693354	True
ldl	LDL	2:113867288:T:C	0.5627	0.4373	0.0145	0.0132608182008071	True
ldl	LDL	2:165349222:T:C	0.6626	0.33740000000000003	0.01513	0.0138359384893689	True
ldl	LDL	2:85780536:C:T	0.6698	0.33020000000000005	0.01507	0.0137449212282162	True
ldl	LDL	3:12327431:T:G	0.7411	0.2589	0.0358	0.0352797467216058	True
ldl	LDL	3:32535382:A:G	0.91086	0.08914	0.05308	0.0521705907609934	True
ldl	LDL	3:132183991:G:A	0.94479	0.05520999999999998	0.06264	0.0613889966957388	True
ldl	LDL	3:58398215:C:T	0.9174	0.0826	0.04844	0.047424114350898	False
ldl	LDL	3:142648844:G:T	0.702	0.29800000000000004	0.02666	0.0257014115447337	True
ldl	LDL	3:12628920:G:C	0.7838	0.21619999999999995	0.02928	0.0282954521289414	True
ldl	LDL	3:170756985:T:G	0.07859	0.07859	0.04001	0.0387631944949612	True
ldl	LDL	3:135932359:C:T	0.7721	0.2279	0.0244	0.0231339348499262	True
ldl	LDL	3:129278182:A:G	0.1292	0.1292	0.0299	0.0284210190392234	True
ldl	LDL	3:69810294:G:T	0.6516	0.34840000000000004	0.02084	0.0197781906357295	True
ldl	LDL	3:122282569:T:C	0.1592	0.1592	0.02554	0.0239296287442793	True
ldl	LDL	3:12126667:G:T	0.1615	0.1615	0.02491	0.0232900666441419	True
ldl	LDL	3:160042459:G:T	0.4703	0.4703	0.01833	0.0173693634725982	True
ldl	LDL	3:142024351:A:C	0.43	0.43	0.01793	0.0169485861015343	True
ldl	LDL	3:132406895:C:A	0.91259	0.08740999999999999	0.03111	0.0291126546609001	False
ldl	LDL	3:124927668:A:C	0.3497	0.3497	0.01828	0.0171170518045358	False
ldl	LDL	3:119536429:G:A	0.2173	0.2173	0.01963	0.0182138264941369	True
ldl	LDL	3:147033897:C:G	0.245	0.245	0.01837	0.0170435905922715	True
ldl	LDL	3:141576832:G:A	0.1118	0.1118	0.0252	0.0229564482591399	True
ldl	LDL	3:142546354:C:T	0.7016	0.2984	0.01746	0.0162330658494131	True
ldl	LDL	3:24422109:T:A	0.786	0.21399999999999997	0.01828	0.016782884306815	False
ldl	LDL	3:126060315:T:C	0.7632	0.2368	0.01732	0.0158943622222057	True
ldl	LDL	3:98581826:C:A	0.6356	0.36439999999999995	0.01526	0.0140351360295282	False
ldl	LDL	3:88100209:A:G	0.1174	0.1174	0.02262	0.0203510495348015	False
ldl	LDL	3:50581248:A:C	0.8529	0.1471	0.02049	0.0185542405961913	True
ldl	LDL	3:32813597:C:T	0.96851	0.03149000000000002	0.04119	0.0375248948460638	False
ldl	LDL	3:125174856:A:G	0.93504	0.06496000000000002	0.02979	0.0265205702503933	False
ldl	LDL	4:3443931:A:G	0.3824	0.3824	0.0387	0.0383316304412912	True
ldl	LDL	4:100239319:T:C	0.9772	0.022800000000000042	0.114	0.112827884119594	True
ldl	LDL	4:69491456:T:C	0.2604	0.2604	0.03933	0.038837866537323	False
ldl	LDL	4:103188709:C:T	0.92552	0.07447999999999999	0.04461	0.0434419503766002	False
ldl	LDL	4:87985166:C:T	0.3994	0.3994	0.02351	0.0225491046172166	True
ldl	LDL	4:7223319:T:G	0.6221	0.3779	0.02114	0.0201278109697738	True
ldl	LDL	4:154191226:G:A	0.8338	0.16620000000000001	0.02555	0.0240132050616846	True
ldl	LDL	4:155448758:A:G	0.0132	0.0132	0.08498	0.0816292776776226	False
ldl	LDL	4:3064004:G:A	0.3654	0.3654	0.01752	0.0164561177146543	True
ldl	LDL	4:39924650:T:A	0.8677	0.13229999999999997	0.02444	0.0224805722519312	True
ldl	LDL	4:69596404:T:C	0.3019	0.3019	0.0174	0.0162342269776483	False
ldl	LDL	4:77439979:C:T	0.2805	0.2805	0.01767	0.0163872197420139	True
ldl	LDL	4:57955234:T:C	0.4486	0.4486	0.01559	0.0145091720185431	True
ldl	LDL	4:151199080:G:A	0.7107	0.2893	0.01677	0.015531750725129	True
ldl	LDL	4:110942596:A:G	0.6215	0.37849999999999995	0.01563	0.0144858835440988	True
ldl	LDL	4:8224276:T:C	0.7348	0.2652	0.01708	0.0157724806585698	True
ldl	LDL	4:88148812:C:A	0.5994	0.40059999999999996	0.01541	0.0142596573793988	True
ldl	LDL	4:17918393:G:A	0.1358	0.1358	0.02184	0.0198288334797166	True
ldl	LDL	4:74177397:T:G	0.02031	0.02031	0.05296	0.0489240055232311	False
ldl	LDL	4:73695880:A:G	0.01289	0.01289	0.06684	0.0615123091617669	False
ldl	LDL	4:40418670:C:T	0.659	0.34099999999999997	0.01541	0.0141738286704139	True
ldl	LDL	5:74656539:T:C	0.3999	0.3999	0.111	0.110892286878115	True
ldl	LDL	5:156390297:T:C	0.6353	0.3647	0.06296	0.0626862153094627	True
ldl	LDL	5:52095024:C:T	0.95872	0.04127999999999998	0.0784	0.0772796050047952	True
ldl	LDL	5:156502878:G:A	0.7887	0.21130000000000004	0.03651	0.0359273144527071	True
ldl	LDL	5:122902603:A:G	0.5445	0.4555	0.02928	0.0286221999919705	True
ldl	LDL	5:55860781:A:G	0.1918	0.1918	0.03299	0.0321916337272844	True
ldl	LDL	5:156208190:C:A	0.8893	0.11070000000000002	0.04241	0.0415192411518902	False
ldl	LDL	5:75576455:G:C	0.1194	0.1194	0.03554	0.0345009592842371	True
ldl	LDL	5:156617837:T:C	0.4852	0.4852	0.02259	0.0216485332457702	True
ldl	LDL	5:72013573:T:G	0.7899	0.21009999999999995	0.02577	0.0245039608413234	True
ldl	LDL	5:131756506:C:T	0.8135	0.1865	0.02666	0.0253262359995448	True
ldl	LDL	5:155992553:A:T	0.02859	0.02859	0.0544	0.0517143707747152	False
ldl	LDL	5:75290164:G:A	0.271	0.271	0.02016	0.0189264039045748	True
ldl	LDL	5:141911176:G:A	0.1142	0.1142	0.02707	0.0250732896318571	True
ldl	LDL	5:34713792:C:T	0.98838	0.011619999999999964	0.0828	0.0783276592614242	False
ldl	LDL	5:139609952:T:G	0.7916	0.20840000000000003	0.01973	0.0182727261960534	True
ldl	LDL	5:74085229:C:T	0.03548	0.03548	0.04406	0.0412485955426384	False
ldl	LDL	5:135382989:G:C	0.524	0.476	0.01507	0.0139431273270768	True
ldl	LDL	5:96229542:T:G	0.8591	0.14090000000000003	0.02119	0.0192009157738354	True
ldl	LDL	5:16523249:C:A	0.5093	0.4907	0.01459	0.0133796297617967	True
ldl	LDL	5:53222576:T:C	0.95405	0.045950000000000046	0.03454	0.0313001127427302	False
ldl	LDL	5:117831591:G:A	0.4447	0.4447	0.0144	0.0131441806445188	True
ldl	LDL	5:75400052:G:C	0.4631	0.4631	0.01413	0.0128393716946511	True
ldl	LDL	5:122786642:A:G	0.8194	0.18059999999999998	0.01833	0.0165924429250312	False
ldl	LDL	5:71804002:T:C	0.1824	0.1824	0.01809	0.0163658547072794	True
ldl	LDL	5:42946468:G:A	0.4803	0.4803	0.01403	0.0127021383299604	True
ldl	LDL	6:161010118:A:G	0.08035	0.08035	0.1728	0.172505475368067	False
ldl	LDL	6:160894878:T:C	0.01853	0.01853	0.21	0.209082860117215	False
ldl	LDL	6:160564476:C:G	0.1872	0.1872	0.06973	0.0693740078068263	False
ldl	LDL	6:16126934:G:A	0.6982	0.30179999999999996	0.04551	0.0451403643219624	True
ldl	LDL	6:160400147:A:G	0.2853	0.2853	0.04508	0.0446991983457704	True
ldl	LDL	6:161224445:T:C	0.03327	0.03327	0.09851	0.0975780450155431	False
ldl	LDL	6:135419631:A:G	0.7395	0.26049999999999995	0.03115	0.0304079430497789	True
ldl	LDL	6:116316882:G:T	0.4013	0.4013	0.02565	0.0247746978818622	True
ldl	LDL	6:11839042:C:G	0.92739	0.07260999999999995	0.04527	0.0440836094975849	False
ldl	LDL	6:37030755:T:C	0.4779	0.4779	0.0219	0.0209455406624424	True
ldl	LDL	6:53495780:T:C	0.2644	0.2644	0.02431	0.0231634926225806	True
ldl	LDL	6:130389211:G:A	0.6695	0.3305	0.02293	0.0218686726263291	True
ldl	LDL	6:139843350:A:C	0.4743	0.4743	0.0209	0.0199365485057299	True
ldl	LDL	6:126873423:G:T	0.814	0.18600000000000005	0.02677	0.0253730495725426	False
ldl	LDL	6:39231013:T:C	0.3259	0.3259	0.02151	0.0204263077313995	True
ldl	LDL	6:43757896:C:A	0.4814	0.4814	0.01961	0.0186511265253543	True
ldl	LDL	6:127454893:G:A	0.05002	0.05002	0.04406	0.0422289393157213	False
ldl	LDL	6:42917017:A:G	0.4682	0.4682	0.01834	0.0173817272482273	True
ldl	LDL	6:20413721:A:G	0.6684	0.3316	0.01902	0.0179380127708818	True
ldl	LDL	6:101433692:T:C	0.4927	0.4927	0.01759	0.016626426931607	True
ldl	LDL	6:139335595:C:T	0.2069	0.2069	0.02144	0.0200018175234562	True
ldl	LDL	6:116212258:T:G	0.6072	0.39280000000000004	0.01782	0.0168076906961248	True
ldl	LDL	6:100620931:C:T	0.7549	0.24509999999999998	0.02001	0.0187099316329648	False
ldl	LDL	6:106378449:T:A	0.5474	0.4526	0.0164	0.015386841486039	False
ldl	LDL	6:127843090:C:T	0.05364	0.05364	0.03603	0.0336111437015638	False
ldl	LDL	6:110028496:G:A	0.648	0.352	0.01698	0.0158509851902391	False
ldl	LDL	6:6971753:C:T	0.4797	0.4797	0.0158	0.0147497294230229	True
ldl	LDL	6:15996478:C:T	0.5605	0.4395	0.01595	0.0148841931305341	True
ldl	LDL	6:160002185:C:G	0.98767	0.012329999999999952	0.07056	0.0655887479014089	False
ldl	LDL	6:52392054:C:T	0.7159	0.2841	0.01694	0.015690036796321	True
ldl	LDL	6:53662550:C:T	0.93342	0.06657999999999997	0.02979	0.0268980163967589	False
ldl	LDL	6:139199445:C:T	0.2822	0.2822	0.01723	0.0158432271664917	False
ldl	LDL	6:52497256:G:A	0.8205	0.1795	0.019	0.0173104119383944	False
ldl	LDL	6:16351420:T:C	0.93274	0.06725999999999999	0.02845	0.0253469005969244	False
ldl	LDL	6:54156398:T:C	0.92241	0.07759000000000005	0.02644	0.0233946042539357	True
ldl	LDL	7:44582331:A:G	0.1836	0.1836	0.06586	0.0654665545048397	True
ldl	LDL	7:21605973:A:G	0.2196	0.2196	0.04747	0.0470207660222891	True
ldl	LDL	7:21496427:T:C	0.3625	0.3625	0.03388	0.0333974928315444	True
ldl	LDL	7:25991826:T:C	0.1585	0.1585	0.04225	0.0416462284960194	True
ldl	LDL	7:44709372:T:C	0.6762	0.3238	0.03126	0.0306175368730526	True
ldl	LDL	7:73020301:T:C	0.0434	0.0434	0.06337	0.0618273221002003	False
ldl	LDL	7:100216773:C:T	0.7647	0.23529999999999995	0.02726	0.0261766841249494	True
ldl	LDL	7:130437124:A:G	0.5055	0.49450000000000005	0.02282	0.021887901983493	True
ldl	LDL	7:98033492:T:C	0.815	0.18500000000000005	0.0294	0.0282779134857125	True
ldl	LDL	7:1074134:T:C	0.7715	0.22850000000000004	0.02657	0.0254210284462474	True
ldl	LDL	7:36170409:T:C	0.3994	0.3994	0.02253	0.0215531348346156	True
ldl	LDL	7:100366917:G:A	0.1072	0.1072	0.03383	0.0325060475024814	False
ldl	LDL	7:87131423:T:C	0.8197	0.18030000000000002	0.02675	0.0253823449685641	True
ldl	LDL	7:44380585:G:A	0.1203	0.1203	0.03004	0.028468184812545	False
ldl	LDL	7:75661048:T:A	0.1656	0.1656	0.0245	0.0228978154071257	True
ldl	LDL	7:21709652:C:A	0.4944	0.4944	0.01812	0.0171686075829558	True
ldl	LDL	7:130581358:T:C	0.6577	0.34230000000000005	0.01767	0.0165785979275889	True
ldl	LDL	7:99626035:A:G	0.3326	0.3326	0.01722	0.0161162077983311	True
ldl	LDL	7:44205906:A:C	0.3718	0.3718	0.01638	0.0152948919876662	True
ldl	LDL	7:72722981:G:A	0.1417	0.1417	0.02257	0.0206563916932869	True
ldl	LDL	7:98874892:A:G	0.03788	0.03788	0.04115	0.0383955917400465	True
ldl	LDL	7:17458747:G:A	0.7999	0.20009999999999994	0.01956	0.0180298751922101	True
ldl	LDL	7:17287269:A:T	0.63	0.37	0.01596	0.0148675792925263	True
ldl	LDL	7:81633178:C:T	0.03534	0.03534	0.04198	0.0389411368640892	False
ldl	LDL	7:25862658:C:T	0.04438	0.04438	0.03674	0.033830587994323	False
ldl	LDL	7:36508246:G:A	0.8756	0.12439999999999996	0.02422	0.0219055470296461	False
ldl	LDL	7:100636584:T:C	0.7319	0.2681	0.01872	0.0172025619563215	False
ldl	LDL	7:28215361:G:C	0.07894	0.07894	0.02759	0.0248318941674544	True
ldl	LDL	7:41746922:C:G	0.245	0.245	0.0173	0.0159058892047034	True
ldl	LDL	7:129710488:C:T	0.98365	0.016349999999999976	0.0575	0.0528582935564902	True
ldl	LDL	7:134390964:T:A	0.7203	0.27969999999999995	0.01608	0.0146696101153868	True
ldl	LDL	7:158582721:A:C	0.03534	0.03534	0.04244	0.0387278808314387	False
ldl	LDL	7:44895359:G:A	0.0232	0.0232	0.04822	0.0440845183878645	False
ldl	LDL	8:126500031:C:G	0.5802	0.41979999999999995	0.1119	0.111791675108776	True
ldl	LDL	8:9183596:A:G	0.9081	0.09189999999999998	0.08588	0.0854557064704549	True
ldl	LDL	8:59392324:G:A	0.3355	0.3355	0.04574	0.045392064530287	True
ldl	LDL	8:116658583:G:T	0.7176	0.2824	0.04117	0.0407670309087727	True
ldl	LDL	8:18272881:G:A	0.2208	0.2208	0.04209	0.0416243370084745	True
ldl	LDL	8:55437524:A:G	0.2092	0.2092	0.04114	0.0406471551474139	True
ldl	LDL	8:59283002:C:G	0.9505	0.04949999999999999	0.074	0.0729357951919164	False
ldl	LDL	8:19824492:T:C	0.7143	0.28569999999999995	0.03394	0.0333921021622554	True
ldl	LDL	8:145031968:C:T	0.3606	0.3606	0.03176	0.0311802777336137	True
ldl	LDL	8:9555718:C:T	0.4462	0.4462	0.02385	0.0229175803939649	True
ldl	LDL	8:126633531:C:T	0.94744	0.05256000000000005	0.04911	0.0475674863520872	False
ldl	LDL	8:8577602:C:G	0.2822	0.2822	0.02269	0.0215301154035801	True
ldl	LDL	8:29024943:G:A	0.98272	0.017279999999999962	0.07667	0.0737895021996574	False
ldl	LDL	8:116522025:C:T	0.7817	0.21830000000000005	0.02399	0.0226717199863353	True
ldl	LDL	8:74907558:C:T	0.6789	0.32110000000000005	0.02043	0.0193394478091261	True
ldl	LDL	8:8996760:C:G	0.851	0.14900000000000002	0.02722	0.0256162332602226	False
ldl	LDL	8:61306938:G:A	0.3736	0.3736	0.01972	0.0186942948277802	True
ldl	LDL	8:9964875:C:G	0.2945	0.2945	0.01971	0.0185327311098282	True
ldl	LDL	8:8715742:T:C	0.7935	0.20650000000000002	0.02171	0.0202184373358527	False
ldl	LDL	8:6564527:T:C	0.6799	0.32010000000000005	0.01762	0.0164971448233271	True
ldl	LDL	8:10778546:A:G	0.4542	0.4542	0.01631	0.0152955447900874	True
ldl	LDL	8:21928227:G:A	0.852	0.14800000000000002	0.02281	0.0209771476622142	False
ldl	LDL	8:11666071:G:C	0.0104	0.0104	0.08073	0.0757731075010975	False
ldl	LDL	8:41540622:A:G	0.96545	0.03454999999999997	0.0423	0.0393593600661999	False
ldl	LDL	8:87311219:G:A	0.7652	0.2348	0.01674	0.015249155948459	True
ldl	LDL	8:19668707:C:T	0.8599	0.1401	0.02031	0.0182615748672835	True
ldl	LDL	8:27947787:A:G	0.3195	0.3195	0.01507	0.0137097002973336	False
ldl	LDL	9:136149711:A:T	0.1848	0.1848	0.1058	0.105624117881057	True
ldl	LDL	9:107661742:A:C	0.7352	0.26480000000000004	0.04255	0.0421401776150872	True
ldl	LDL	9:2640759:A:G	0.9329	0.06710000000000005	0.05524	0.0540691052822075	True
ldl	LDL	9:19313913:A:G	0.07725	0.07725	0.04845	0.0473706576333975	True
ldl	LDL	9:78214452:T:C	0.6942	0.30579999999999996	0.02647	0.0255090246279554	True
ldl	LDL	9:136042324:T:A	0.2229	0.2229	0.02879	0.0277807751368108	True
ldl	LDL	9:78730766:G:A	0.4229	0.4229	0.02363	0.0226854625870953	True
ldl	LDL	9:16882916:C:G	0.3719	0.3719	0.02252	0.0215080105006113	True
ldl	LDL	9:139320069:T:G	0.6785	0.3215	0.02187	0.0207878874700754	True
ldl	LDL	9:136383216:T:C	0.0387999999999999	0.0387999999999999	0.05344	0.0513705805948728	False
ldl	LDL	9:78068052:C:A	0.1774	0.1774	0.02637	0.0249681177576957	True
ldl	LDL	9:139099073:A:G	0.4551	0.4551	0.0191	0.0181344613451586	True
ldl	LDL	9:131494806:G:A	0.8947	0.10529999999999995	0.02899	0.0270349877166409	False
ldl	LDL	9:107557865:A:G	0.9032	0.0968	0.02917	0.0271106333124793	False
ldl	LDL	9:112094532:A:G	0.5527	0.44730000000000003	0.01708	0.0160868891350869	True
ldl	LDL	9:107826753:A:T	0.4277	0.4277	0.0161	0.015023325378173	True
ldl	LDL	9:22081850:C:T	0.5193	0.4807	0.01516	0.0140545976075172	True
ldl	LDL	9:117907832:T:C	0.7513	0.24870000000000003	0.01741	0.016065040258987	True
ldl	LDL	9:130502238:T:C	0.03457	0.03457	0.04071	0.0375455037858361	True
ldl	LDL	9:33163059:G:A	0.7735	0.22650000000000003	0.01768	0.016238242722212	True
ldl	LDL	9:112223059:A:G	0.6805	0.3195	0.01556	0.0142709333888733	True
ldl	LDL	9:94189602:G:A	0.93851	0.061490000000000045	0.03022	0.0270982663070211	True
ldl	LDL	9:132595276:A:G	0.7966	0.20340000000000003	0.01794	0.0162250549227198	False
ldl	LDL	10:94839642:G:A	0.5507	0.44930000000000003	0.03452	0.034095042710106	True
ldl	LDL	10:124705307:A:G	0.104	0.104	0.0471	0.0462653032212246	False
ldl	LDL	10:71094504:T:C	0.8903	0.10970000000000002	0.04556	0.044756157738221	False
ldl	LDL	10:52573772:C:T	0.01011	0.01011	0.1385	0.136001889152085	False
ldl	LDL	10:113921354:G:A	0.2742	0.2742	0.03013	0.0293564039303642	True
ldl	LDL	10:124603560:G:A	0.5524	0.4476	0.0253	0.0244339802383053	False
ldl	LDL	10:94651396:A:G	0.6951	0.30489999999999995	0.02525	0.0242382870566188	True
ldl	LDL	10:102075479:G:A	0.1689	0.1689	0.02872	0.0274581862790757	True
ldl	LDL	10:52373245:G:A	0.02308	0.02308	0.06841	0.065794008096324	False
ldl	LDL	10:94940825:C:G	0.4203	0.4203	0.02021	0.0192244822204367	True
ldl	LDL	10:115786233:G:A	0.8725	0.12749999999999995	0.02856	0.0269108094416382	True
ldl	LDL	10:94534276:A:T	0.5261	0.4739	0.01866	0.0176992181644647	True
ldl	LDL	10:65320006:A:T	0.4783	0.4783	0.01844	0.017483536694103	True
ldl	LDL	10:118404620:A:G	0.4991	0.4991	0.01833	0.0173740232432199	True
ldl	LDL	10:114022566:G:A	0.8124	0.1876	0.02316	0.0216526168891779	True
ldl	LDL	10:17255095:G:A	0.4185	0.4185	0.01805	0.0170347078214082	True
ldl	LDL	10:101964312:G:A	0.05621	0.05621	0.03883	0.0367808337575868	True
ldl	LDL	10:18499676:G:A	0.8472	0.15280000000000005	0.02356	0.0217926443843682	True
ldl	LDL	10:101806252:A:G	0.4166	0.4166	0.01672	0.0157084980913841	False
ldl	LDL	10:97862580:T:G	0.6354	0.36460000000000004	0.0165	0.0154125960436464	True
ldl	LDL	10:95067043:G:A	0.3977	0.3977	0.01631	0.0152003842382203	False
ldl	LDL	10:32328526:G:C	0.5066	0.49339999999999995	0.01553	0.0144736372908631	True
ldl	LDL	10:116008464:T:A	0.92357	0.07643	0.02875	0.02607608868663	True
ldl	LDL	10:8099177:C:T	0.8269	0.17310000000000003	0.01995	0.0182596220840527	True
ldl	LDL	10:45953767:A:G	0.3161	0.3161	0.01619	0.0149803754843978	True
ldl	LDL	10:89804585:C:G	0.96445	0.03554999999999997	0.04086	0.0377955198574258	True
ldl	LDL	10:88902648:C:G	0.95454	0.045459999999999945	0.03675	0.0337832526069784	False
ldl	LDL	10:63783692:G:A	0.06389	0.06389	0.03125	0.0283573920127827	True
ldl	LDL	10:96819177:T:C	0.7186	0.2814	0.01645	0.0151573689063832	True
ldl	LDL	10:130366214:C:T	0.6404	0.35960000000000003	0.01539	0.0141648937529699	True
ldl	LDL	10:114206683:C:T	0.8849	0.11509999999999998	0.02322	0.0208792395211911	True
ldl	LDL	10:124471113:G:A	0.09868	0.09868	0.02443	0.0218657640497144	False
ldl	LDL	10:97484742:T:C	0.4455	0.4455	0.01429	0.0130246510125737	True
ldl	LDL	11:116648917:G:C	0.1324	0.1324	0.1332	0.132980461369138	True
ldl	LDL	11:126225876:C:G	0.0721	0.0721	0.0972	0.0967723945635231	True
ldl	LDL	11:61588305:A:G	0.6502	0.3498	0.03901	0.0386370332773956	True
ldl	LDL	11:126071349:G:T	0.02226	0.02226	0.1054	0.104148676674602	False
ldl	LDL	11:5691528:C:T	0.90356	0.09643999999999997	0.04213	0.0411131680742176	True
ldl	LDL	11:122535146:A:G	0.3691	0.3691	0.02501	0.0240711696418892	True
ldl	LDL	11:18643559:G:A	0.7427	0.2573	0.02627	0.0252002839109403	True
ldl	LDL	11:117261026:G:A	0.01329	0.01329	0.1011	0.0983892717040954	False
ldl	LDL	11:66242210:A:T	0.7538	0.24619999999999997	0.02478	0.0235769366004806	False
ldl	LDL	11:32167943:T:C	0.1555	0.1555	0.02636	0.0247961547310998	True
ldl	LDL	11:118594669:A:C	0.2416	0.2416	0.02007	0.0187570684197467	True
ldl	LDL	11:2998622:G:A	0.1261	0.1261	0.02481	0.0228213709696603	False
ldl	LDL	11:121330087:A:G	0.4448	0.4448	0.01607	0.0150208299135919	True
ldl	LDL	11:61716395:C:G	0.219	0.219	0.01952	0.0180269157028697	False
ldl	LDL	11:103870755:G:C	0.8084	0.1916	0.01985	0.0182903826299234	True
ldl	LDL	11:16248275:A:G	0.1065	0.1065	0.02518	0.0228901915753213	False
ldl	LDL	11:67200812:C:T	0.94832	0.05167999999999995	0.03506	0.0323503703259211	True
ldl	LDL	11:18509034:C:A	0.8788	0.12119999999999997	0.02295	0.0207677850080908	True
ldl	LDL	11:134294571:T:A	0.8937	0.10629999999999995	0.02431	0.0218569098108797	True
ldl	LDL	11:778857:A:G	0.90576	0.09423999999999999	0.02494	0.0222898727647315	False
ldl	LDL	11:69670886:T:C	0.98348	0.01651999999999998	0.05855	0.053384145985821	False
ldl	LDL	11:66103481:C:T	0.93837	0.06162999999999996	0.02953	0.0262484424948572	False
ldl	LDL	12:121416650:A:C	0.3133	0.3133	0.04981	0.0494536733414038	True
ldl	LDL	12:111865049:C:G	0.5179	0.4821	0.02793	0.0271934370880788	False
ldl	LDL	12:72179446:C:T	0.01981	0.01981	0.09014	0.0883731171691045	True
ldl	LDL	12:125303282:T:C	0.1406	0.1406	0.03625	0.0353787673258987	False
ldl	LDL	12:50650057:T:C	0.6468	0.35319999999999996	0.02586	0.0249484123468005	True
ldl	LDL	12:57781893:G:A	0.758	0.242	0.02877	0.0278288357459468	True
ldl	LDL	12:4384844:T:G	0.97922	0.02078000000000002	0.09213	0.0901323208206069	False
ldl	LDL	12:124419728:C:T	0.6635	0.3365	0.0243	0.023298619757412	True
ldl	LDL	12:623129:A:G	0.262	0.262	0.02511	0.023992367313297	True
ldl	LDL	12:9268585:T:C	0.3554	0.3554	0.02293	0.0219141783165983	True
ldl	LDL	12:124545515:G:A	0.5936	0.4064	0.02052	0.0195310380147335	True
ldl	LDL	12:123796849:C:T	0.09225	0.09225	0.03298	0.0313481788425913	True
ldl	LDL	12:40421117:G:A	0.0635	0.0635	0.03919	0.0375501673808103	True
ldl	LDL	12:105546172:G:A	0.0974	0.0974	0.03151	0.0297960939980836	False
ldl	LDL	12:121304368:C:T	0.3901	0.3901	0.01931	0.0182960479240295	True
ldl	LDL	12:124228300:T:A	0.98715	0.012850000000000028	0.08338	0.0797087202653351	False
ldl	LDL	12:89929953:G:A	0.3465	0.3465	0.01844	0.017382814591753	True
ldl	LDL	12:53780724:G:T	0.1627	0.1627	0.02375	0.0220147482541796	False
ldl	LDL	12:100789852:T:C	0.5621	0.43789999999999996	0.01694	0.0159379684948036	True
ldl	LDL	12:124856332:T:C	0.3413	0.3413	0.01757	0.0164922149500899	True
ldl	LDL	12:133140329:C:G	0.1837	0.1837	0.02227	0.0205774625547564	False
ldl	LDL	12:51794043:A:G	0.3621	0.3621	0.01682	0.0157511814641246	True
ldl	LDL	12:120086737:A:G	0.3543	0.3543	0.01686	0.0157700227568036	True
ldl	LDL	12:51531576:A:G	0.3226	0.3226	0.01696	0.0158149973602673	True
ldl	LDL	12:120859188:T:G	0.2856	0.2856	0.01749	0.0162512229647671	True
ldl	LDL	12:25414408:T:A	0.92762	0.07238	0.03021	0.0275996957840677	False
ldl	LDL	12:7600835:G:A	0.94799	0.05201	0.03649	0.0337687576815276	False
ldl	LDL	12:109874794:C:G	0.3043	0.3043	0.01677	0.0155697873281109	True
ldl	LDL	12:111287726:T:C	0.625	0.375	0.01573	0.0145161102165141	True
ldl	LDL	12:53269393:T:C	0.6764	0.3236	0.01581	0.0145706188337377	True
ldl	LDL	12:133295422:C:T	0.01917	0.01917	0.05394	0.0497515331959164	False
ldl	LDL	12:26802549:A:G	0.4066	0.4066	0.01488	0.0136640929548092	True
ldl	LDL	12:109174109:A:G	0.3061	0.3061	0.01573	0.0144287676679016	True
ldl	LDL	12:90295893:C:T	0.1744	0.1744	0.01894	0.0171976900738858	True
ldl	LDL	12:119937983:A:C	0.6739	0.32609999999999995	0.01545	0.0141378419979107	True
ldl	LDL	12:121535209:G:A	0.04938	0.04938	0.03469	0.0312355279016733	False
ldl	LDL	12:125175201:G:A	0.5298	0.47019999999999995	0.01417	0.0128734966544142	True
ldl	LDL	13:114544024:T:C	0.2972	0.2972	0.04089	0.0404998170093431	True
ldl	LDL	13:32976654:A:C	0.547	0.45299999999999996	0.02437	0.023374124870773	False
ldl	LDL	13:114440309:A:G	0.1631	0.1631	0.02616	0.0245808591918787	False
ldl	LDL	13:74751477:T:G	0.5442	0.4558	0.01781	0.0168337938508503	True
ldl	LDL	13:33084784:T:C	0.8254	0.17459999999999998	0.02269	0.0210776050414182	True
ldl	LDL	13:111040798:A:C	0.7016	0.2984	0.0187	0.0175326472139461	True
ldl	LDL	13:33191371:T:C	0.3209	0.3209	0.01806	0.0169537226159826	True
ldl	LDL	13:31012904:C:T	0.7423	0.25770000000000004	0.019	0.0177441723315633	True
ldl	LDL	13:113817079:T:G	0.8434	0.15659999999999996	0.02014	0.0182478550219379	False
ldl	LDL	13:50027333:T:C	0.08661	0.08661	0.02549	0.0227205172679297	True
ldl	LDL	13:41673457:C:G	0.92504	0.07496000000000003	0.02686	0.0238403908817192	False
ldl	LDL	14:24871926:C:T	0.4531	0.4531	0.03394	0.0334910879962268	True
ldl	LDL	14:70851209:G:C	0.8605	0.13949999999999996	0.03626	0.0354155374163832	True
ldl	LDL	14:74250126:T:C	0.7212	0.27880000000000005	0.02663	0.0255982884709219	True
ldl	LDL	14:94847262:T:A	0.04861	0.04861	0.05363	0.0520352943468332	False
ldl	LDL	14:74493241:T:C	0.3454	0.3454	0.01799	0.0169268904451787	True
ldl	LDL	14:64235556:G:T	0.1601	0.1601	0.0232	0.0214874139277069	True
ldl	LDL	14:35186698:T:G	0.7328	0.2672	0.01842	0.0171730316969491	True
ldl	LDL	14:104188920:G:A	0.3382	0.3382	0.01653	0.0153818857335937	True
ldl	LDL	14:31724624:T:C	0.98688	0.01312000000000002	0.06408	0.0588569487208988	True
ldl	LDL	14:96653724:C:T	0.96337	0.03663000000000005	0.03735	0.0337484356062399	True
ldl	LDL	14:70066451:G:A	0.1248	0.1248	0.02134	0.0190949605451136	True
ldl	LDL	15:58726744:G:C	0.213	0.213	0.04279	0.0423158462920854	True
ldl	LDL	15:57512284:A:T	0.05968	0.05968	0.04471	0.0432487588567332	True
ldl	LDL	15:75116167:C:T	0.5987	0.4013	0.01971	0.0187080765665316	True
ldl	LDL	15:63793873:T:C	0.3436	0.3436	0.01873	0.017672954573953	True
ldl	LDL	15:49829019:T:C	0.5821	0.41790000000000005	0.01666	0.0156458322209866	True
ldl	LDL	15:53739426:A:C	0.98604	0.013959999999999972	0.07072	0.0663949438084631	False
ldl	LDL	15:58573833:T:G	0.862	0.138	0.02284	0.0208662216719021	True
ldl	LDL	15:62378892:G:A	0.4504	0.4504	0.01572	0.0146657746852675	True
ldl	LDL	15:74782356:G:A	0.5042	0.4958	0.01542	0.0143253035218879	True
ldl	LDL	15:64034592:T:C	0.04447	0.04447	0.03655	0.0333069939082398	False
ldl	LDL	16:72101525:C:G	0.1862	0.1862	0.08321	0.0829624972901133	True
ldl	LDL	16:71979232:C:T	0.4462	0.4462	0.04519	0.0448731260344764	False
ldl	LDL	16:56990716:C:A	0.6757	0.32430000000000003	0.04635	0.0459967235906173	True
ldl	LDL	16:71583859:C:T	0.7982	0.20179999999999998	0.04487	0.0443803076593928	True
ldl	LDL	16:72747685:T:A	0.1381	0.1381	0.04541	0.0447486078572406	True
ldl	LDL	16:83980529:C:G	0.5476	0.4524	0.02791	0.02716753216802	True
ldl	LDL	16:11706100:G:A	0.07481	0.07481	0.04594	0.044777011683894	True
ldl	LDL	16:88563924:G:T	0.0554	0.0554	0.04977	0.0481335968449514	False
ldl	LDL	16:70956315:T:C	0.93456	0.06544000000000005	0.04271	0.0411266419895879	False
ldl	LDL	16:70803755:T:C	0.06548	0.06548	0.03843	0.0367086043961569	False
ldl	LDL	16:79504057:A:G	0.2454	0.2454	0.0216	0.0202750668133176	True
ldl	LDL	16:31056433:A:G	0.3777	0.3777	0.01855	0.017535766472303	True
ldl	LDL	16:71158073:T:C	0.96263	0.037370000000000014	0.048	0.0455451660436894	False
ldl	LDL	16:56753520:T:A	0.6814	0.3186	0.01748	0.016328003962442	False
ldl	LDL	16:70682694:G:A	0.4958	0.4958	0.01605	0.0150374433547304	True
ldl	LDL	16:55867013:T:C	0.8271	0.17290000000000005	0.02332	0.0213678006430556	False
ldl	LDL	16:696111:G:C	0.174	0.174	0.02131	0.0196072806560725	True
ldl	LDL	16:69355673:G:T	0.256	0.256	0.01772	0.0164155968301821	True
ldl	LDL	16:14381175:G:C	0.6162	0.38380000000000003	0.01554	0.0143866311558755	True
ldl	LDL	16:73096243:A:G	0.7311	0.26890000000000003	0.01682	0.015501881839898	True
ldl	LDL	16:79358191:C:A	0.07783	0.07783	0.02748	0.0246741054925637	False
ldl	LDL	16:85036372:T:A	0.8013	0.1987	0.01799	0.0163842680340279	True
ldl	LDL	17:67081278:A:G	0.02303	0.02303	0.2414	0.240811290895771	False
ldl	LDL	17:7080316:C:T	0.8081	0.19189999999999996	0.04923	0.0487392230284683	True
ldl	LDL	17:45664861:A:G	0.4866	0.4866	0.03454	0.0341177697463343	True
ldl	LDL	17:64228995:G:C	0.02969	0.02969	0.1002	0.0992114352238264	False
ldl	LDL	17:46521144:G:A	0.6943	0.30569999999999997	0.02468	0.0236440693114922	True
ldl	LDL	17:76382791:C:T	0.5168	0.48319999999999996	0.02288	0.0219193816171506	True
ldl	LDL	17:73767437:A:G	0.7148	0.2852	0.02457	0.0234777792637189	True
ldl	LDL	17:7563827:C:A	0.1686	0.1686	0.03007	0.0288149148889181	False
ldl	LDL	17:46753543:T:C	0.6584	0.3416	0.02213	0.0210768358071605	True
ldl	LDL	17:26694861:G:A	0.4748	0.4748	0.02068	0.0197254226031539	True
ldl	LDL	17:29469614:T:C	0.7018	0.2982	0.02213	0.0210044590161506	True
ldl	LDL	17:66823805:G:A	0.06172	0.06172	0.0421	0.0405365039362311	False
ldl	LDL	17:7197633:A:G	0.4357	0.4357	0.02011	0.0191041206299801	True
ldl	LDL	17:66089086:C:G	0.2117	0.2117	0.02394	0.0225846882558895	True
ldl	LDL	17:27645258:G:A	0.8577	0.14229999999999998	0.02726	0.0256301853599564	True
ldl	LDL	17:40522713:T:C	0.08633	0.08633	0.03203	0.0301186264088757	False
ldl	LDL	17:18057301:G:A	0.1871	0.1871	0.02272	0.0211948627101453	True
ldl	LDL	17:7451844:C:T	0.7676	0.23240000000000005	0.02057	0.0192043495669284	False
ldl	LDL	17:66413965:A:G	0.7586	0.24139999999999995	0.02006	0.0187487678965135	True
ldl	LDL	17:68165529:G:A	0.114	0.114	0.02691	0.0248792611600447	True
ldl	LDL	17:45870375:G:A	0.8205	0.1795	0.02203	0.0203784155150822	True
ldl	LDL	17:40395941:T:A	0.3076	0.3076	0.0178	0.016656350657205	False
ldl	LDL	17:27296003:A:G	0.97127	0.028730000000000033	0.04916	0.046237514301768	False
ldl	LDL	17:1618363:T:C	0.1861	0.1861	0.02074	0.0191708004110016	True
ldl	LDL	17:47038434:G:C	0.09662	0.09662	0.02902	0.0266459268705188	False
ldl	LDL	17:8219478:A:G	0.4875	0.4875	0.01625	0.0152270692301715	True
ldl	LDL	17:6816819:T:C	0.98557	0.014430000000000054	0.06777	0.0631357573205365	False
ldl	LDL	17:7314656:C:T	0.7692	0.2308	0.01978	0.0182351013480494	False
ldl	LDL	17:66650463:G:A	0.95551	0.04449000000000003	0.03722	0.0343289264497617	False
ldl	LDL	17:65164963:T:C	0.06107	0.06107	0.03221	0.0293667637754188	False
ldl	LDL	17:16879070:G:A	0.5032	0.4968	0.01514	0.0140070507198764	True
ldl	LDL	17:4685228:G:A	0.3472	0.3472	0.01576	0.0145664049311806	False
ldl	LDL	17:39967442:T:C	0.6539	0.34609999999999996	0.01567	0.0144800857127386	True
ldl	LDL	17:38374131:G:T	0.0224	0.0224	0.0514	0.0475527752536321	False
ldl	LDL	17:17455192:G:A	0.1224	0.1224	0.02242	0.0202055693954661	True
ldl	LDL	17:76658346:C:G	0.8003	0.1997	0.01855	0.0169227946353374	True
ldl	LDL	17:47207248:T:C	0.3794	0.3794	0.01496	0.0137323694425137	True
ldl	LDL	17:40686342:G:A	0.3449	0.3449	0.01514	0.0138637651674928	True
ldl	LDL	17:29168077:G:T	0.2633	0.2633	0.01629	0.0148840651883164	True
ldl	LDL	17:65370808:C:T	0.595	0.405	0.01439	0.0130866258369054	True
ldl	LDL	17:80491743:T:C	0.364	0.364	0.01503	0.0136492179906007	True
ldl	LDL	18:47109955:A:G	0.0134	0.0134	0.12	0.11804999857087	False
ldl	LDL	18:55319032:T:C	0.1246	0.1246	0.02944	0.0278591748450068	False
ldl	LDL	18:61034420:T:G	0.7894	0.2106	0.01942	0.017960928315684	True
ldl	LDL	18:19763287:T:C	0.96387	0.036129999999999995	0.04119	0.0382871872983911	False
ldl	LDL	18:21113285:T:C	0.5076	0.49239999999999995	0.0146	0.0134086486435788	True
ldl	LDL	19:45413233:G:T	0.91944	0.08055999999999996	0.7661	0.765943738357393	False
ldl	LDL	19:11202306:G:T	0.8812	0.11880000000000002	0.2595	0.259385151994106	True
ldl	LDL	19:45541782:G:A	0.97329	0.02671000000000001	0.43	0.429532865457369	False
ldl	LDL	19:19379549:C:T	0.92459	0.07540999999999998	0.1869	0.186615571267186	True
ldl	LDL	19:45122043:A:C	0.95384	0.04615999999999998	0.1793	0.178826290328008	False
ldl	LDL	19:45880690:C:T	0.98367	0.016329999999999956	0.2813	0.280537725328741	False
ldl	LDL	19:10972474:G:C	0.94658	0.05342000000000002	0.1466	0.14609132921827	False
ldl	LDL	19:44894070:G:T	0.96057	0.039429999999999965	0.165	0.164398546754663	False
ldl	LDL	19:11085590:C:T	0.7407	0.2593	0.0619	0.061562759185892	True
ldl	LDL	19:49206145:G:C	0.5089	0.4911	0.05011	0.049805506475839	False
ldl	LDL	19:45017064:C:T	0.8572	0.14280000000000004	0.06337	0.0628523535077647	True
ldl	LDL	19:10634928:C:T	0.9894	0.010600000000000054	0.2089	0.207221359654896	False
ldl	LDL	19:19841752:C:T	0.94903	0.05096999999999996	0.09088	0.0901773404957136	False
ldl	LDL	19:11398422:T:C	0.93513	0.06486999999999998	0.08522	0.0845087142646838	False
ldl	LDL	19:10835043:T:C	0.98333	0.016669999999999963	0.151	0.149348917894178	False
ldl	LDL	19:58662235:C:T	0.8532	0.14680000000000004	0.04656	0.0459359057609907	False
ldl	LDL	19:46145661:C:T	0.95642	0.04357999999999995	0.07822	0.0771104001449483	False
ldl	LDL	19:10464138:C:G	0.96079	0.03920999999999997	0.06395	0.0622733370325825	False
ldl	LDL	19:44750201:T:C	0.8794	0.12060000000000004	0.03565	0.0346349724628633	True
ldl	LDL	19:18338709:G:A	0.2904	0.2904	0.02476	0.0236880625087446	True
ldl	LDL	19:41353107:T:C	0.5775	0.4225	0.02175	0.0207799645518313	False
ldl	LDL	19:50016759:C:T	0.8522	0.14780000000000004	0.02945	0.0280604105122317	True
ldl	LDL	19:59033518:C:G	0.1862	0.1862	0.02639	0.0250375481111565	True
ldl	LDL	19:2803227:C:T	0.2868	0.2868	0.0223	0.0211557793592002	True
ldl	LDL	19:10234467:C:T	0.98326	0.016739999999999977	0.08026	0.077364069509529	False
ldl	LDL	19:46896217:A:G	0.4257	0.4257	0.01993	0.0189550442277106	True
ldl	LDL	19:49329285:G:A	0.2158	0.2158	0.02411	0.0227451752524386	False
ldl	LDL	19:45777322:A:G	0.08229	0.08229	0.03507	0.0334642398604591	False
ldl	LDL	19:44076154:T:C	0.5775	0.4225	0.01928	0.0183005957096272	True
ldl	LDL	19:15798015:T:A	0.5081	0.4919	0.01856	0.0175789688622292	True
ldl	LDL	19:35551428:C:A	0.1758	0.1758	0.02296	0.0213653612703731	True
ldl	LDL	19:46752541:G:A	0.98415	0.01585000000000003	0.07418	0.0702223474351489	False
ldl	LDL	19:58774094:C:T	0.977	0.02300000000000002	0.05519	0.0518870857844301	False
ldl	LDL	19:4368142:C:T	0.7559	0.24409999999999998	0.01917	0.0178537524497344	True
ldl	LDL	19:15976956:G:A	0.4082	0.4082	0.0159	0.0148151301430021	True
ldl	LDL	19:11957459:G:A	0.98474	0.015260000000000051	0.06666	0.0620094010492321	False
ldl	LDL	19:47196079:T:C	0.136	0.136	0.02255	0.0205681234490155	True
ldl	LDL	19:57079948:G:A	0.2634	0.2634	0.01739	0.0161018596359568	True
ldl	LDL	19:11754814:T:G	0.98839	0.01161000000000001	0.07358	0.0683685815950578	False
ldl	LDL	19:14172921:A:T	0.5779	0.42210000000000003	0.0156	0.014468617497474	True
ldl	LDL	19:13267739:T:C	0.4955	0.4955	0.01512	0.014008210951814	True
ldl	LDL	19:17346854:G:C	0.96123	0.03876999999999997	0.04213	0.0389384475033571	False
ldl	LDL	19:17462094:T:G	0.3731	0.3731	0.01569	0.0144965090813315	True
ldl	LDL	19:54796630:G:A	0.2269	0.2269	0.01761	0.0161631901049333	False
ldl	LDL	19:33826379:G:T	0.97025	0.029750000000000054	0.04278	0.0392614730140438	True
ldl	LDL	19:56912635:T:G	0.7585	0.24150000000000005	0.01689	0.0154307884943168	True
ldl	LDL	19:6034498:A:G	0.02719	0.02719	0.04507	0.0412589533861221	False
ldl	LDL	19:4476574:G:C	0.3106	0.3106	0.01527	0.0139075742363131	True
ldl	LDL	20:39179822:G:C	0.03127	0.03127	0.1362	0.135339689165592	False
ldl	LDL	20:39841091:C:T	0.4771	0.4771	0.04082	0.0404944792516321	True
ldl	LDL	20:43042364:C:T	0.9687	0.031299999999999994	0.1034	0.102498954991815	True
ldl	LDL	20:17844492:G:T	0.3405	0.3405	0.03112	0.030496029743112	True
ldl	LDL	20:34127871:G:A	0.8681	0.13190000000000002	0.0381	0.0372940406613788	True
ldl	LDL	20:39311250:G:C	0.826	0.17400000000000004	0.03166	0.0305716110404806	True
ldl	LDL	20:44534651:G:A	0.2147	0.2147	0.02732	0.0261795285262819	True
ldl	LDL	20:38985760:A:G	0.02386	0.02386	0.07702	0.0747220158576908	False
ldl	LDL	20:62901179:G:A	0.1659	0.1659	0.02885	0.0275817045570541	True
ldl	LDL	20:12958687:A:G	0.607	0.393	0.02017	0.0191679196897404	True
ldl	LDL	20:5580789:C:T	0.02727	0.02727	0.05924	0.0566006103896101	False
ldl	LDL	20:43965903:A:G	0.7583	0.24170000000000003	0.02181	0.0205043899366768	True
ldl	LDL	20:61341472:G:A	0.5798	0.4202	0.01882	0.0177858944954572	True
ldl	LDL	20:17728820:T:A	0.1618	0.1618	0.02442	0.0227329113904609	True
ldl	LDL	20:62362850:A:T	0.2369	0.2369	0.02098	0.0196372882517817	False
ldl	LDL	20:62692060:A:C	0.4794	0.4794	0.01764	0.0166697824257548	True
ldl	LDL	20:52540606:T:C	0.5364	0.4636	0.01617	0.0151575905333266	True
ldl	LDL	20:42577362:C:T	0.3673	0.3673	0.01605	0.0149299643228164	True
ldl	LDL	20:25208272:C:T	0.491	0.491	0.01522	0.0141244883052437	True
ldl	LDL	20:39567774:C:T	0.1387	0.1387	0.02194	0.0199400682244415	True
ldl	LDL	20:390310:A:T	0.90779	0.09221000000000001	0.02546	0.0228741267513222	True
ldl	LDL	21:40699376:A:C	0.5697	0.4303	0.02079	0.0198158306672835	True
ldl	LDL	21:16586682:T:A	0.98154	0.018460000000000032	0.07107	0.0679576484849646	False
ldl	LDL	21:37553132:T:G	0.6718	0.32820000000000005	0.01907	0.0179783656362419	True
ldl	LDL	21:40847196:A:G	0.8597	0.14029999999999998	0.02089	0.0188653089627234	True
ldl	LDL	22:41268925:T:G	0.3418	0.3418	0.01975	0.018683694269523	True
ldl	LDL	22:50840573:G:A	0.3507	0.3507	0.0195	0.0184516928371918	True
ldl	LDL	22:21916272:C:A	0.8178	0.18220000000000003	0.02212	0.0205143852112443	False
ldl	LDL	22:30617585:T:C	0.04565	0.04565	0.03882	0.0363595964849907	True
ldl	LDL	22:19978558:T:C	0.7861	0.21389999999999998	0.01966	0.0182317503280565	True
ldl	LDL	22:45721196:C:T	0.6155	0.38449999999999995	0.01631	0.0152444333336143	True
ldl	LDL	22:46660170:G:A	0.1029	0.1029	0.02529	0.0229279870640932	False
ldl	LDL	22:35697612:G:C	0.3027	0.3027	0.0156	0.0142774553180606	True
ldl	LDL	22:50067994:T:G	0.6394	0.36060000000000003	0.01495	0.0136395293720018	True
rbc	RBC	1:199010721:C:T	0.2743	0.2743	0.04879	0.0485268967760122	True
rbc	RBC	1:248039451:C:T	0.3337	0.3337	0.04412	0.0438861027568972	True
rbc	RBC	1:231562228:A:G	0.02063	0.02063	0.1286	0.127843148104687	False
rbc	RBC	1:46497500:T:A	0.5656	0.4344	0.03491	0.0345755018322383	True
rbc	RBC	1:214180721:A:G	0.2871	0.2871	0.03212	0.0316084451171335	True
rbc	RBC	1:205216573:G:A	0.6026	0.3974	0.02798	0.0274162854218533	True
rbc	RBC	1:155178782:A:T	0.6041	0.39590000000000003	0.02675	0.02615533153972	True
rbc	RBC	1:198549779:G:A	0.96983	0.03017000000000003	0.07398	0.0718655467561615	False
rbc	RBC	1:203667409:T:C	0.0982	0.0982	0.0412	0.0405285724267152	False
rbc	RBC	1:3691528:A:G	0.2306	0.2306	0.02885	0.0280970970601242	False
rbc	RBC	1:198856052:G:C	0.02653	0.02653	0.07427	0.0719031167765296	False
rbc	RBC	1:217472265:G:A	0.1536	0.1536	0.03284	0.0320514285802298	True
rbc	RBC	1:199119489:T:C	0.1297	0.1297	0.03387	0.0330323917961293	False
rbc	RBC	1:118154575:T:C	0.1683	0.1683	0.02967	0.0287794793786257	True
rbc	RBC	1:2996602:T:C	0.7673	0.23270000000000002	0.0265	0.0256745840059894	True
rbc	RBC	1:154968260:C:T	0.97084	0.029159999999999964	0.06588	0.0637291842048405	False
rbc	RBC	1:231460904:T:C	0.6261	0.3739	0.02268	0.0219824621048863	False
rbc	RBC	1:48030350:G:A	0.90434	0.09565999999999997	0.03674	0.0358439774442432	False
rbc	RBC	1:120266903:C:G	0.6799	0.32010000000000005	0.02227	0.021505601340735	True
rbc	RBC	1:89344649:C:T	0.3846	0.3846	0.02071	0.0199661826833368	True
rbc	RBC	1:213974734:T:C	0.09264	0.09264	0.03537	0.0342563805107191	True
rbc	RBC	1:155358612:G:A	0.8599	0.1401	0.02845	0.0273007583221851	False
rbc	RBC	1:234734956:C:T	0.5564	0.4436	0.01912	0.0183425782213912	True
rbc	RBC	1:172167226:T:C	0.6888	0.31120000000000003	0.02011	0.0192613087897338	True
rbc	RBC	1:3318769:C:G	0.356	0.356	0.0193	0.0184733754376498	True
rbc	RBC	1:16368977:C:T	0.3679	0.3679	0.01861	0.017756892515018	True
rbc	RBC	1:44070691:A:G	0.3789	0.3789	0.01838	0.0175303497405468	True
rbc	RBC	1:23845110:C:G	0.5416	0.45840000000000003	0.01726	0.0164007524015196	True
rbc	RBC	1:47856611:G:A	0.1699	0.1699	0.02279	0.0216098651435782	False
rbc	RBC	1:158591523:C:G	0.2801	0.2801	0.01887	0.0179050857571536	True
rbc	RBC	1:161494322:A:C	0.1826	0.1826	0.0221	0.0209422723455404	True
rbc	RBC	1:47659445:T:C	0.4978	0.4978	0.01699	0.0161112962418982	False
rbc	RBC	1:25022314:G:A	0.2454	0.2454	0.01952	0.0184885355087451	True
rbc	RBC	1:115853084:T:C	0.0839	0.0839	0.0296	0.0279201848650754	True
rbc	RBC	1:93816400:A:G	0.3689	0.3689	0.01674	0.0157939693314852	True
rbc	RBC	1:203281175:G:C	0.5356	0.46440000000000003	0.01619	0.0152689490145846	True
rbc	RBC	1:68720448:T:A	0.09294	0.09294	0.02733	0.0256276456272383	True
rbc	RBC	1:62902874:A:G	0.6102	0.38980000000000004	0.0164	0.0154365360842227	True
rbc	RBC	1:158453439:G:T	0.7679	0.23209999999999997	0.01874	0.0176272304786975	True
rbc	RBC	1:53340885:A:G	0.5958	0.4042	0.01594	0.0149708840043328	True
rbc	RBC	1:3104972:G:A	0.05672	0.05672	0.0335	0.0315348562069152	False
rbc	RBC	1:24199363:T:C	0.5687	0.4313	0.0156	0.0146359257192241	True
rbc	RBC	1:231185347:G:T	0.1943	0.1943	0.01958	0.0183433485851913	True
rbc	RBC	1:173831757:A:T	0.778	0.22199999999999998	0.01848	0.0173048512003856	True
rbc	RBC	1:247792399:A:C	0.6378	0.36219999999999997	0.01627	0.0152420241603052	False
rbc	RBC	1:147283807:C:T	0.157	0.157	0.0207	0.019306866689748	True
rbc	RBC	1:209937212:T:C	0.2345	0.2345	0.01772	0.0165364217759703	True
rbc	RBC	1:20915701:A:C	0.6543	0.3457	0.01576	0.0147172122822393	True
rbc	RBC	1:172350207:A:G	0.4463	0.4463	0.01518	0.0141762160752319	False
rbc	RBC	1:161653554:C:T	0.0369	0.0369	0.03959	0.0374627088119308	False
rbc	RBC	1:68161789:T:C	0.3688	0.3688	0.01542	0.0143839106841246	True
rbc	RBC	1:224351023:C:T	0.5969	0.4031	0.01509	0.0140696206359373	True
rbc	RBC	1:31572571:T:C	0.1401	0.1401	0.02144	0.0199228076593185	True
rbc	RBC	1:229759448:T:C	0.4965	0.4965	0.01467	0.0136640027000337	True
rbc	RBC	1:151782407:G:T	0.3655	0.3655	0.01513	0.0140723798001695	True
rbc	RBC	1:12661421:G:C	0.3296	0.3296	0.01552	0.0144266955827701	True
rbc	RBC	1:43761651:C:T	0.3831	0.3831	0.01525	0.0141733066225119	True
rbc	RBC	1:7844680:T:C	0.775	0.22499999999999998	0.01717	0.0159024875189931	True
rbc	RBC	1:21229538:T:A	0.6238	0.3762	0.01466	0.0135759004949533	True
rbc	RBC	1:33822147:C:T	0.4608	0.4608	0.01397	0.0129097005505863	True
rbc	RBC	1:114973690:T:C	0.7507	0.24929999999999997	0.01603	0.0147683950531268	True
rbc	RBC	1:182986765:C:T	0.4101	0.4101	0.01404	0.0129569598152259	True
rbc	RBC	1:2311393:A:G	0.2485	0.2485	0.01596	0.014689173422995	False
rbc	RBC	1:38465315:G:A	0.2237	0.2237	0.01651	0.0151816835944462	True
rbc	RBC	1:249191706:G:A	0.7614	0.23860000000000003	0.01712	0.0157242944843013	True
rbc	RBC	1:164529120:G:A	0.2098	0.2098	0.01859	0.0170509783163601	False
rbc	RBC	1:11923737:A:G	0.12	0.12	0.02085	0.0190526193752095	True
rbc	RBC	1:10483167:G:A	0.1358	0.1358	0.02031	0.0184912957872952	False
rbc	RBC	1:224451838:C:A	0.03956	0.03956	0.03477	0.0318911144306023	False
rbc	RBC	1:40043752:C:G	0.1803	0.1803	0.01727	0.0157500086106846	True
rbc	RBC	1:45783656:G:A	0.1501	0.1501	0.01849	0.0168359725729209	True
rbc	RBC	1:43884858:G:A	0.8045	0.1955	0.01666	0.0151873037096545	True
rbc	RBC	1:156883546:A:G	0.5932	0.40680000000000005	0.01332	0.0121747276374234	True
rbc	RBC	1:22697212:A:C	0.1761	0.1761	0.01713	0.0155760081822995	True
rbc	RBC	1:213038322:G:C	0.8078	0.19220000000000004	0.01659	0.0150895603255689	True
rbc	RBC	1:51478336:T:A	0.3491	0.3491	0.01386	0.0126466215231349	False
rbc	RBC	1:214283040:C:A	0.04729	0.04729	0.03219	0.0292395319789631	False
rbc	RBC	1:145430111:G:A	0.01413	0.01413	0.05992	0.0549851094393839	False
rbc	RBC	1:110156049:G:C	0.3554	0.3554	0.01359	0.0123930311802168	True
rbc	RBC	1:199274689:G:A	0.02906	0.02906	0.03929	0.0361459986989714	False
rbc	RBC	1:231081413:A:C	0.91179	0.08821000000000001	0.02272	0.0204996654850754	False
rbc	RBC	1:48153140:G:A	0.5044	0.49560000000000004	0.01287	0.0117263848030618	True
rbc	RBC	1:174700776:C:G	0.228	0.228	0.01548	0.0140355114352668	True
rbc	RBC	1:28282292:T:C	0.7093	0.29069999999999996	0.01396	0.0126568095481629	True
rbc	RBC	1:93378500:A:T	0.3373	0.3373	0.01363	0.012358047620495	False
rbc	RBC	1:243641971:C:T	0.8035	0.1965	0.01595	0.0143994443219222	True
rbc	RBC	1:203836170:G:A	0.05804	0.05804	0.02711	0.0242733188083105	False
rbc	RBC	1:54450998:G:A	0.4336	0.4336	0.01264	0.0114512782096642	True
rbc	RBC	1:204230581:G:A	0.5403	0.4597	0.01253	0.0113502152999184	True
rbc	RBC	1:26178949:T:G	0.5228	0.47719999999999996	0.01238	0.0111797087209139	False
rbc	RBC	1:61916598:G:A	0.95353	0.04647000000000001	0.03078	0.0274573338767314	False
rbc	RBC	1:214556082:T:G	0.7625	0.23750000000000004	0.01435	0.0128567410402245	True
rbc	RBC	1:10740335:C:G	0.4542	0.4542	0.01222	0.0109971981567213	False
rbc	RBC	1:51660046:G:A	0.92526	0.07474000000000003	0.02292	0.0203015236294741	False
rbc	RBC	1:212406193:A:T	0.5806	0.4194	0.01223	0.010987316514794	True
rbc	RBC	2:46360907:G:C	0.6647	0.33530000000000004	0.06724	0.066963742038428	True
rbc	RBC	2:112142072:G:A	0.7087	0.2913	0.05451	0.0542132582425707	False
rbc	RBC	2:112250758:G:A	0.8715	0.12849999999999995	0.06531	0.064745525658965	False
rbc	RBC	2:60704484:T:A	0.4349	0.4349	0.03895	0.0386950146138801	True
rbc	RBC	2:60603950:G:A	0.5932	0.40680000000000005	0.03753	0.0372495851433596	False
rbc	RBC	2:113972945:A:G	0.2106	0.2106	0.03701	0.0365799556827323	True
rbc	RBC	2:23903541:C:G	0.1508	0.1508	0.04295	0.0425087061651781	False
rbc	RBC	2:111609385:C:T	0.6633	0.3367	0.02914	0.0285704261247663	True
rbc	RBC	2:219602819:G:A	0.5146	0.48540000000000005	0.02671	0.0261384209443065	True
rbc	RBC	2:111939092:A:C	0.214	0.214	0.02985	0.0291169928343082	False
rbc	RBC	2:111832065:T:A	0.3131	0.3131	0.02624	0.0255619012653084	True
rbc	RBC	2:121995877:A:C	0.1407	0.1407	0.03416	0.0333947319885928	False
rbc	RBC	2:46259552:C:T	0.97947	0.020530000000000048	0.08292	0.0799915197098419	True
rbc	RBC	2:181930057:G:A	0.7197	0.2803	0.0248	0.0240086257194078	False
rbc	RBC	2:176974104:G:T	0.6431	0.3569	0.02287	0.0221249823568048	True
rbc	RBC	2:100764004:T:G	0.6421	0.3579	0.02101	0.0202556394447627	True
rbc	RBC	2:58979879:G:A	0.1364	0.1364	0.02866	0.0275310283438195	True
rbc	RBC	2:62347842:A:G	0.6518	0.34819999999999995	0.02003	0.0192228118172042	True
rbc	RBC	2:46467257:G:A	0.9655	0.034499999999999975	0.05159	0.0499631569117626	False
rbc	RBC	2:8762414:T:G	0.3821	0.3821	0.01942	0.0186172097651118	True
rbc	RBC	2:62524545:C:T	0.1479	0.1479	0.02637	0.0252054692715783	True
rbc	RBC	2:112564426:A:C	0.2463	0.2463	0.02154	0.020609762458133	True
rbc	RBC	2:120848049:C:T	0.04674	0.04674	0.04194	0.0405250905344592	False
rbc	RBC	2:111712123:T:C	0.1217	0.1217	0.02668	0.0253147958820326	True
rbc	RBC	2:145820213:T:C	0.335	0.335	0.0185	0.0176042399561079	True
rbc	RBC	2:165528876:C:T	0.6066	0.39339999999999997	0.01779	0.0169267783309435	True
rbc	RBC	2:135755119:A:G	0.7702	0.2298	0.02028	0.0192002971829562	True
rbc	RBC	2:43421344:A:T	0.5144	0.48560000000000003	0.0167	0.0157949788133737	True
rbc	RBC	2:177779131:A:T	0.451	0.451	0.01653	0.0156281338589323	True
rbc	RBC	2:227087284:G:A	0.49	0.49	0.0164	0.0154984277158925	True
rbc	RBC	2:114106874:C:T	0.158	0.158	0.02234	0.0210555243051559	True
rbc	RBC	2:241510903:G:A	0.8651	0.13490000000000002	0.02334	0.021923207238387	False
rbc	RBC	2:111408691:T:C	0.94029	0.05971000000000004	0.03469	0.0328380911266878	False
rbc	RBC	2:65667272:C:A	0.7337	0.2663	0.01798	0.0169196396053252	True
rbc	RBC	2:47030363:A:G	0.4844	0.4844	0.01578	0.0148241880727485	True
rbc	RBC	2:160677674:C:T	0.4344	0.4344	0.0154	0.0144225996203692	True
rbc	RBC	2:27779565:T:A	0.1788	0.1788	0.02014	0.0187864026789885	False
rbc	RBC	2:112372773:T:G	0.1871	0.1871	0.01967	0.0183338840424705	True
rbc	RBC	2:190368991:A:T	0.6961	0.30389999999999995	0.01636	0.0152461779812469	True
rbc	RBC	2:25575523:A:G	0.0389	0.0389	0.03777	0.0355008193416748	False
rbc	RBC	2:207999713:G:A	0.3068	0.3068	0.01586	0.0147340226742102	True
rbc	RBC	2:65507913:G:A	0.2624	0.2624	0.01651	0.015330848612863	True
rbc	RBC	2:160914549:T:C	0.811	0.18899999999999995	0.01851	0.0171635426880353	True
rbc	RBC	2:44014301:A:G	0.07368	0.07368	0.02767	0.0255591819536518	True
rbc	RBC	2:10178479:C:T	0.4382	0.4382	0.01452	0.0134820099337618	True
rbc	RBC	2:54769643:C:G	0.8113	0.18869999999999998	0.01833	0.0169737815932545	True
rbc	RBC	2:55840095:A:C	0.8734	0.12660000000000005	0.02117	0.0194947784458899	False
rbc	RBC	2:110411690:G:A	0.93038	0.06962000000000002	0.02865	0.0263039620516227	False
rbc	RBC	2:202897288:G:A	0.1859	0.1859	0.01795	0.0165338599667119	False
rbc	RBC	2:161684107:A:G	0.8099	0.19010000000000005	0.01762	0.0162019674271754	True
rbc	RBC	2:61142124:G:A	0.01005	0.01005	0.06955	0.0634329864836371	False
rbc	RBC	2:46139826:A:G	0.95727	0.042730000000000046	0.03431	0.0315486602634194	False
rbc	RBC	2:43825299:G:C	0.90127	0.09872999999999998	0.02236	0.0203487632065823	True
rbc	RBC	2:236369231:T:A	0.6006	0.3994	0.01373	0.0125866500173135	True
rbc	RBC	2:67080955:A:G	0.3007	0.3007	0.01452	0.0132912746043202	True
rbc	RBC	2:28941262:C:T	0.3477	0.3477	0.01409	0.012904364313952	True
rbc	RBC	2:174219135:G:A	0.94701	0.05298999999999998	0.02957	0.0268743485263524	True
rbc	RBC	2:61379687:A:T	0.03188	0.03188	0.038	0.0350979480400055	False
rbc	RBC	2:122609253:C:A	0.03924	0.03924	0.03428	0.0313588412050518	False
rbc	RBC	2:46590153:G:A	0.4869	0.4869	0.01355	0.0123871022977139	False
rbc	RBC	2:189816966:G:A	0.1341	0.1341	0.0191	0.0172973499603897	True
rbc	RBC	2:12891476:A:C	0.4133	0.4133	0.01319	0.0120227738325168	True
rbc	RBC	2:27635463:A:G	0.7235	0.27649999999999997	0.01447	0.0131443802628603	True
rbc	RBC	2:37519710:T:C	0.2495	0.2495	0.01473	0.0133495636096115	True
rbc	RBC	2:127451514:G:A	0.01554	0.01554	0.05311	0.0489481838511235	False
rbc	RBC	2:122489112:C:T	0.1506	0.1506	0.0181	0.0163400416330114	False
rbc	RBC	2:190245387:T:C	0.7699	0.23009999999999997	0.01509	0.0136608204784487	True
rbc	RBC	2:85447484:A:T	0.3969	0.3969	0.01314	0.0119319611305937	False
rbc	RBC	2:24918159:T:G	0.8921	0.1079	0.02059	0.0185316206351656	False
rbc	RBC	2:170921295:C:T	0.94824	0.05176000000000003	0.02851	0.0255725636623808	False
rbc	RBC	2:239832989:G:A	0.93035	0.06964999999999999	0.02483	0.0222669410530101	True
rbc	RBC	2:242393795:G:A	0.6641	0.3359	0.01343	0.0121709042755623	True
rbc	RBC	2:43667335:C:T	0.3017	0.3017	0.01382	0.0125118536029248	True
rbc	RBC	2:106079201:C:T	0.6523	0.3477	0.01368	0.0123843145158488	True
rbc	RBC	2:46002160:T:C	0.2722	0.2722	0.01419	0.0128345759028527	True
rbc	RBC	2:211287090:C:A	0.4482	0.4482	0.01261	0.0114307343975076	True
rbc	RBC	2:231742711:T:G	0.2217	0.2217	0.01515	0.0136505539755712	True
rbc	RBC	2:25056499:G:C	0.1531	0.1531	0.01729	0.015521088637132	True
rbc	RBC	2:25185090:G:T	0.7037	0.2963	0.01403	0.0126453980938329	False
rbc	RBC	2:27527333:T:C	0.0781	0.0781	0.02332	0.0207754125116928	False
rbc	RBC	2:182190965:A:G	0.2252	0.2252	0.01466	0.0131483451598278	True
rbc	RBC	2:109895483:T:G	0.3941	0.3941	0.01246	0.0112206529116818	True
rbc	RBC	2:227333369:G:A	0.2736	0.2736	0.01357	0.0121669674117032	True
rbc	RBC	2:70407123:T:C	0.7434	0.25660000000000005	0.0139	0.0124510573740525	True
rbc	RBC	2:220056229:G:A	0.6739	0.32609999999999995	0.01327	0.0118799373625533	False
rbc	RBC	2:203400175:G:A	0.97901	0.020989999999999953	0.04438	0.0403499482832326	False
rbc	RBC	2:113110795:C:T	0.03389	0.03389	0.03506	0.0312766886591868	False
rbc	RBC	3:24341264:A:T	0.3207	0.3207	0.04093	0.0406558696604219	False
rbc	RBC	3:142270359:T:C	0.5872	0.41279999999999994	0.03622	0.0359137111228105	True
rbc	RBC	3:141109321:A:G	0.4469	0.4469	0.03187	0.0314441127776957	True
rbc	RBC	3:195916053:C:T	0.1359	0.1359	0.04593	0.0454866943449841	True
rbc	RBC	3:56780003:C:T	0.6916	0.3084	0.03397	0.0335462580254563	True
rbc	RBC	3:141248515:A:G	0.92851	0.07149000000000005	0.06012	0.0592479380773673	False
rbc	RBC	3:195814506:G:A	0.2402	0.2402	0.03489	0.0344307891797441	False
rbc	RBC	3:16929593:C:T	0.08009	0.08009	0.05024	0.0495154413332721	True
rbc	RBC	3:69878253:G:A	0.4331	0.4331	0.02588	0.0252813343628371	True
rbc	RBC	3:12359049:G:A	0.7857	0.21430000000000005	0.02959	0.0288511307278008	True
rbc	RBC	3:71256309:C:T	0.2214	0.2214	0.02785	0.0270436306913244	True
rbc	RBC	3:169098791:C:T	0.5627	0.4373	0.02033	0.0196034738694675	True
rbc	RBC	3:49831698:G:A	0.3235	0.3235	0.02118	0.0203922729333258	True
rbc	RBC	3:17098399:A:G	0.98898	0.01102000000000003	0.1057	0.101279798743849	False
rbc	RBC	3:52686716:T:A	0.4522	0.4522	0.01945	0.0186918240612735	False
rbc	RBC	3:141404641:C:A	0.95832	0.04168000000000005	0.04653	0.0451330046571417	False
rbc	RBC	3:133501407:C:T	0.3529	0.3529	0.01905	0.0182068612924758	True
rbc	RBC	3:141909980:G:A	0.96542	0.034580000000000055	0.04942	0.0477674394980177	False
rbc	RBC	3:194679087:A:G	0.4906	0.4906	0.01794	0.0171214056789473	True
rbc	RBC	3:178871998:C:T	0.01124	0.01124	0.09177	0.0861189781222472	False
rbc	RBC	3:37919762:C:G	0.09217	0.09217	0.0304	0.0289321378334954	True
rbc	RBC	3:88196211:A:C	0.286	0.286	0.01828	0.0172755558052293	True
rbc	RBC	3:12663233:A:G	0.1665	0.1665	0.02178	0.0205289024759257	True
rbc	RBC	3:101136402:G:C	0.6605	0.3395	0.01717	0.016202999389082	True
rbc	RBC	3:16820066:G:T	0.01319	0.01319	0.07124	0.0665008043985263	False
rbc	RBC	3:58371770:T:G	0.6284	0.37160000000000004	0.01647	0.0155072490004864	False
rbc	RBC	3:53059495:T:C	0.8729	0.1271	0.02381	0.022312197002695	True
rbc	RBC	3:52045373:C:T	0.8166	0.1834	0.01974	0.0184245366411094	True
rbc	RBC	3:14926229:C:T	0.2433	0.2433	0.01744	0.0162675228982486	True
rbc	RBC	3:20105673:A:G	0.6894	0.3106	0.01608	0.0149911302981456	True
rbc	RBC	3:12041456:T:A	0.98554	0.014460000000000028	0.06287	0.05868395624606	False
rbc	RBC	3:41869427:A:C	0.1597	0.1597	0.01988	0.0184388198883547	True
rbc	RBC	3:194506427:G:A	0.5785	0.4215	0.01494	0.0138896753965539	True
rbc	RBC	3:178720734:T:C	0.718	0.28200000000000003	0.01578	0.0145967654723041	False
rbc	RBC	3:150066540:T:A	0.05979	0.05979	0.03033	0.0279543319376121	False
rbc	RBC	3:156794425:C:G	0.4038	0.4038	0.01433	0.013242340287567	True
rbc	RBC	3:23340078:C:T	0.4577	0.4577	0.01389	0.0128186071702524	True
rbc	RBC	3:194124421:A:G	0.7919	0.20809999999999995	0.0171	0.0157274835800857	True
rbc	RBC	3:169488148:A:T	0.7304	0.26959999999999995	0.01542	0.0141446507291005	False
rbc	RBC	3:52342529:T:G	0.1455	0.1455	0.01917	0.0175322798041909	True
rbc	RBC	3:188133439:C:T	0.4877	0.4877	0.01358	0.012473138466396	True
rbc	RBC	3:30245045:A:G	0.6226	0.37739999999999996	0.01387	0.0127266280551069	True
rbc	RBC	3:50996989:G:A	0.2945	0.2945	0.01571	0.0143577526821027	False
rbc	RBC	3:52157726:A:C	0.91981	0.08018999999999998	0.02419	0.0219089826432857	True
rbc	RBC	3:48626745:C:T	0.03562	0.03562	0.03643	0.0334115539785114	False
rbc	RBC	3:50343600:C:T	0.8959	0.10409999999999997	0.02131	0.0192919695907315	False
rbc	RBC	3:56447869:C:T	0.5931	0.40690000000000004	0.01298	0.0117983398600135	True
rbc	RBC	3:30126613:G:A	0.5586	0.4414	0.01263	0.0114427727606688	True
rbc	RBC	3:128133108:G:T	0.5334	0.4666	0.0125	0.0112932063745816	False
rbc	RBC	3:145820087:T:G	0.01382	0.01382	0.05273	0.0482684081650915	False
rbc	RBC	3:50196418:C:A	0.1297	0.1297	0.01833	0.0163959481868599	True
rbc	RBC	3:185776820:T:A	0.7976	0.20240000000000002	0.01545	0.0138615365155896	False
rbc	RBC	3:14240501:A:G	0.393	0.393	0.01248	0.0112402340427959	True
rbc	RBC	3:4762844:G:A	0.8562	0.14380000000000004	0.01765	0.0157592955577106	True
rbc	RBC	3:184010048:G:C	0.268	0.268	0.01371	0.0122986101162238	True
rbc	RBC	3:49145304:A:G	0.7775	0.22250000000000003	0.01451	0.0129797159430172	True
rbc	RBC	3:121815461:T:C	0.5433	0.4567	0.01215	0.0109127327002165	True
rbc	RBC	4:55408875:A:T	0.7514	0.24860000000000004	0.1134	0.113265023338867	True
rbc	RBC	4:55259160:G:A	0.92407	0.07593000000000005	0.1016	0.101036168280296	True
rbc	RBC	4:55544580:G:A	0.94714	0.05286000000000002	0.07254	0.0712680346724177	True
rbc	RBC	4:77412140:G:A	0.4564	0.4564	0.02937	0.0288687921675707	True
rbc	RBC	4:88065922:A:T	0.813	0.18700000000000006	0.03213	0.0314336113746664	False
rbc	RBC	4:15617658:C:T	0.6663	0.3337	0.02413	0.023430201200212	True
rbc	RBC	4:55098205:G:C	0.98404	0.015959999999999974	0.08877	0.0849481591240381	False
rbc	RBC	4:103188709:C:T	0.07456	0.07456	0.04061	0.0396995876111946	False
rbc	RBC	4:83947557:G:A	0.8208	0.17920000000000003	0.02731	0.0263433799466524	True
rbc	RBC	4:23759778:G:C	0.0402	0.0402	0.05112	0.0497153665797764	True
rbc	RBC	4:122732216:T:G	0.6029	0.3971	0.01963	0.0188563658652198	True
rbc	RBC	4:115519271:G:A	0.8713	0.12870000000000004	0.02868	0.0274901161713955	True
rbc	RBC	4:81174592:G:A	0.2934	0.2934	0.02063	0.0197690247528608	True
rbc	RBC	4:88201370:A:G	0.8048	0.19520000000000004	0.02244	0.0213707627922443	True
rbc	RBC	4:145025810:T:C	0.5272	0.4728	0.016	0.0150511980574144	True
rbc	RBC	4:38626130:A:C	0.2138	0.2138	0.01923	0.0180731848366484	True
rbc	RBC	4:146055117:T:C	0.1133	0.1133	0.02435	0.0227548649981564	False
rbc	RBC	4:100239319:T:C	0.0228	0.0228	0.05053	0.047978900708272	True
rbc	RBC	4:56071489:A:T	0.05078	0.05078	0.03396	0.0317776192083813	False
rbc	RBC	4:39378458:C:T	0.4725	0.4725	0.01458	0.0135651919080024	True
rbc	RBC	4:54996328:G:A	0.98606	0.013939999999999952	0.06531	0.0605840151106412	False
rbc	RBC	4:89796154:T:C	0.8266	0.1734	0.01904	0.017625591105446	True
rbc	RBC	4:54889422:A:T	0.98532	0.014680000000000026	0.06269	0.0582343038700845	False
rbc	RBC	4:54693895:G:A	0.01472	0.01472	0.06129	0.0565217668150679	False
rbc	RBC	4:55812079:G:A	0.92041	0.07959000000000005	0.02546	0.0231568990039643	False
rbc	RBC	4:79538233:G:A	0.03709	0.03709	0.03532	0.0324344832955933	False
rbc	RBC	4:88385025:T:C	0.1325	0.1325	0.01958	0.0178210835356291	False
rbc	RBC	4:148460790:C:G	0.7505	0.24950000000000006	0.01505	0.0137064542071634	True
rbc	RBC	4:105969701:C:T	0.3619	0.3619	0.01353	0.0123312655376765	True
rbc	RBC	4:23878741:T:C	0.7333	0.26670000000000005	0.01457	0.0132355894342154	True
rbc	RBC	4:56307155:C:A	0.3478	0.3478	0.01357	0.0123242937469962	False
rbc	RBC	4:38954196:C:T	0.5917	0.4083	0.01301	0.0118189846871322	True
rbc	RBC	4:57506736:A:G	0.5521	0.44789999999999996	0.01264	0.0114587410137967	True
rbc	RBC	4:38768291:G:A	0.5255	0.47450000000000003	0.0126	0.0113692338633899	False
rbc	RBC	4:57955089:T:A	0.3123	0.3123	0.0132	0.0118660905603578	True
rbc	RBC	4:128488737:C:T	0.01149	0.01149	0.05699	0.0517227669638345	False
rbc	RBC	4:143527152:C:T	0.04555	0.04555	0.02917	0.0258751478856594	False
rbc	RBC	4:89912865:G:A	0.4585	0.4585	0.01203	0.0108001174935574	True
rbc	RBC	4:26152727:A:G	0.98428	0.015719999999999956	0.04823	0.0439482068330395	False
rbc	RBC	4:154254534:G:A	0.8539	0.1461	0.0171	0.0152100948244155	False
rbc	RBC	4:81777200:T:C	0.09676	0.09676	0.02107	0.018658695881381	True
rbc	RBC	4:105806108:A:T	0.03366	0.03366	0.03341	0.029692788861461	False
rbc	RBC	5:1282319:C:A	0.3265	0.3265	0.03619	0.0358510199204534	True
rbc	RBC	5:1104938:C:T	0.4184	0.4184	0.02835	0.0278067956422499	True
rbc	RBC	5:88191635:C:T	0.7797	0.22030000000000005	0.03326	0.0326983218985029	True
rbc	RBC	5:176784512:G:A	0.2626	0.2626	0.03035	0.029742301684285	True
rbc	RBC	5:87959538:T:G	0.1301	0.1301	0.03134	0.0303383483758281	True
rbc	RBC	5:38869035:G:T	0.8694	0.13060000000000005	0.02911	0.027961478916601	False
rbc	RBC	5:154353012:A:G	0.7488	0.2512	0.02151	0.0205918233593439	True
rbc	RBC	5:34514974:T:C	0.8539	0.1461	0.02543	0.0241987360124317	True
rbc	RBC	5:154024044:A:G	0.90592	0.09408000000000005	0.03064	0.0291890434653333	True
rbc	RBC	5:75996909:G:A	0.04542	0.04542	0.04064	0.0390808394161918	False
rbc	RBC	5:448291:C:A	0.4074	0.4074	0.01629	0.0153488712561569	True
rbc	RBC	5:111061883:A:G	0.92206	0.07794000000000001	0.02944	0.0276085923830211	True
rbc	RBC	5:55807370:C:T	0.7462	0.2538	0.01769	0.0165773392154305	True
rbc	RBC	5:76478418:C:T	0.1273	0.1273	0.02274	0.0212044637042939	True
rbc	RBC	5:127249136:A:G	0.8175	0.1825	0.01945	0.0181312534002012	True
rbc	RBC	5:173358154:G:A	0.4228	0.4228	0.0149	0.0138830687973795	True
rbc	RBC	5:70247508:C:T	0.6199	0.3801	0.01535	0.0142973055930749	False
rbc	RBC	5:176477828:C:T	0.02175	0.02175	0.0521	0.0492292464603709	False
rbc	RBC	5:69603488:C:T	0.8007	0.19930000000000003	0.01957	0.0181660675436561	False
rbc	RBC	5:87072058:T:C	0.7877	0.21230000000000004	0.01802	0.0167373656786144	False
rbc	RBC	5:55438580:C:A	0.2044	0.2044	0.01794	0.0166380940900298	True
rbc	RBC	5:87304418:A:C	0.06076	0.06076	0.03042	0.0281065307657653	False
rbc	RBC	5:67609408:C:G	0.7443	0.25570000000000004	0.01636	0.0151491520734141	True
rbc	RBC	5:150036119:A:G	0.97475	0.025249999999999995	0.04642	0.0437590550441959	False
rbc	RBC	5:52193442:A:G	0.96097	0.03903000000000001	0.03635	0.0338763161525526	True
rbc	RBC	5:156443066:A:G	0.6459	0.35409999999999997	0.01447	0.013348709153576	True
rbc	RBC	5:102600524:G:A	0.6655	0.3345	0.01462	0.0134764682516188	True
rbc	RBC	5:40623128:C:T	0.117	0.117	0.02142	0.0196263792220923	True
rbc	RBC	5:1004879:T:C	0.3364	0.3364	0.01479	0.0135960116977058	True
rbc	RBC	5:88590360:G:A	0.02249	0.02249	0.04621	0.0432520045582069	False
rbc	RBC	5:52763859:T:C	0.318	0.318	0.01443	0.0132325760999376	True
rbc	RBC	5:4058398:T:C	0.6967	0.3033	0.01434	0.0131051174831158	True
rbc	RBC	5:111366467:G:C	0.9325	0.0675	0.02636	0.023842982876042	True
rbc	RBC	5:61480289:T:C	0.4248	0.4248	0.01292	0.0117485003168692	True
rbc	RBC	5:71712239:A:T	0.6907	0.3093	0.01373	0.0124540765519007	True
rbc	RBC	5:53276301:G:A	0.6933	0.3067	0.01364	0.0123491261438296	True
rbc	RBC	5:172150529:C:T	0.96595	0.034050000000000025	0.03497	0.0316661593182667	False
rbc	RBC	5:147870889:T:A	0.622	0.378	0.01293	0.0117014794612219	False
rbc	RBC	5:141462661:C:T	0.5031	0.4969	0.01248	0.0112913798910149	False
rbc	RBC	5:90386514:G:T	0.9669	0.03310000000000002	0.03441	0.0309305070153589	True
rbc	RBC	5:136955383:G:T	0.05801	0.05801	0.02625	0.0233212782723244	True
rbc	RBC	5:169773496:A:G	0.7795	0.22050000000000003	0.01479	0.0132730358845279	True
rbc	RBC	5:88427942:G:T	0.8011	0.19889999999999997	0.01542	0.0138226637742453	True
rbc	RBC	5:176358608:T:C	0.1082	0.1082	0.01989	0.0177277297397123	False
rbc	RBC	5:86336884:T:A	0.5587	0.4413	0.01234	0.0111096178057756	True
rbc	RBC	5:88991365:C:T	0.07278	0.07278	0.0232	0.0205468766426898	True
rbc	RBC	5:142629909:T:C	0.247	0.247	0.01391	0.0124296152011111	True
rbc	RBC	6:135418635:C:T	0.7377	0.2623	0.1801	0.180062558063729	False
rbc	RBC	6:41925159:G:A	0.2515	0.2515	0.08772	0.0874276255270646	True
rbc	RBC	6:135227089:T:C	0.6704	0.3296	0.07682	0.0765402115392741	True
rbc	RBC	6:109590004:A:G	0.5507	0.44930000000000003	0.06547	0.0652239093462292	True
rbc	RBC	6:135534646:A:G	0.8814	0.11860000000000004	0.0831	0.082521333971638	True
rbc	RBC	6:139844429:G:A	0.5525	0.4475	0.04419	0.0439793545159592	True
rbc	RBC	6:44030011:A:G	0.8844	0.11560000000000004	0.06387	0.0632253851406537	True
rbc	RBC	6:43737486:C:T	0.5044	0.49560000000000004	0.03101	0.0305624271545435	True
rbc	RBC	6:164478388:C:A	0.4513	0.4513	0.03027	0.029792648768724	True
rbc	RBC	6:110092900:C:A	0.3127	0.3127	0.03071	0.0301704002749685	True
rbc	RBC	6:136198594:C:T	0.489	0.489	0.02748	0.0269214316006228	True
rbc	RBC	6:135051894:T:C	0.07852	0.07852	0.05197	0.0511917319552975	False
rbc	RBC	6:136087922:G:A	0.9835	0.01649999999999996	0.1142	0.112273824002964	False
rbc	RBC	6:135684375:A:T	0.97696	0.02303999999999995	0.08926	0.0867405569439423	True
rbc	RBC	6:42045364:G:A	0.1275	0.1275	0.03353	0.0326597941097891	True
rbc	RBC	6:15176258:T:G	0.0815	0.0815	0.03932	0.0384290555351241	False
rbc	RBC	6:127452935:C:T	0.5193	0.4807	0.02082	0.0201221858185189	True
rbc	RBC	6:125622737:T:G	0.181	0.181	0.0269	0.0259303819912002	True
rbc	RBC	6:16281187:C:T	0.2633	0.2633	0.02328	0.0224507805053773	True
rbc	RBC	6:7203995:A:C	0.1895	0.1895	0.02605	0.0250873411046441	False
rbc	RBC	6:21722916:T:C	0.8287	0.1713	0.02614	0.0250930139064586	False
rbc	RBC	6:2050791:A:G	0.4567	0.4567	0.01963	0.018882712677164	True
rbc	RBC	6:134903877:G:T	0.98794	0.01205999999999996	0.09449	0.0897342286981817	False
rbc	RBC	6:130378833:T:C	0.6834	0.3166	0.02096	0.0201510600317015	True
rbc	RBC	6:22140114:A:G	0.4705	0.4705	0.0193	0.0185429626510165	True
rbc	RBC	6:12295876:A:G	0.1224	0.1224	0.02896	0.0277411058682944	True
rbc	RBC	6:15074186:G:A	0.6062	0.39380000000000004	0.0195	0.0186991839327509	False
rbc	RBC	6:37027232:C:T	0.4918	0.4918	0.0189	0.0181255955403394	True
rbc	RBC	6:43861417:G:A	0.91048	0.08952000000000004	0.03234	0.0309980370565037	True
rbc	RBC	6:121786091:A:C	0.1994	0.1994	0.02284	0.0217893828329896	True
rbc	RBC	6:134753830:C:T	0.91585	0.08414999999999995	0.03295	0.0315169858180906	False
rbc	RBC	6:36207598:A:G	0.6359	0.3641	0.0179	0.0170103326473437	True
rbc	RBC	6:157293632:G:A	0.2809	0.2809	0.01879	0.0178039683998939	True
rbc	RBC	6:135786737:T:C	0.9824	0.01759999999999995	0.06238	0.0590252060675411	False
rbc	RBC	6:109363971:A:T	0.94473	0.05527000000000004	0.03616	0.0344318753480555	False
rbc	RBC	6:111512212:C:T	0.90051	0.09948999999999997	0.02706	0.0254409514948334	True
rbc	RBC	6:21379611:T:C	0.3777	0.3777	0.01643	0.015467493623225	True
rbc	RBC	6:163941243:T:G	0.97375	0.026249999999999996	0.04836	0.0461006765550712	False
rbc	RBC	6:9528135:C:A	0.3917	0.3917	0.01558	0.0145786720420144	True
rbc	RBC	6:121232224:G:A	0.03596	0.03596	0.04129	0.0392253162478251	False
rbc	RBC	6:122905757:A:G	0.1482	0.1482	0.02136	0.0199322520721521	True
rbc	RBC	6:163756088:A:T	0.7361	0.2639	0.01721	0.016085345988231	True
rbc	RBC	6:168377880:T:C	0.5711	0.42889999999999995	0.01556	0.0145516146773984	True
rbc	RBC	6:41582724:A:C	0.05324	0.05324	0.03478	0.0326523861267355	False
rbc	RBC	6:109465539:A:G	0.97715	0.022850000000000037	0.05016	0.0475341406359362	False
rbc	RBC	6:7097196:T:C	0.08089	0.08089	0.02713	0.0251447324265925	True
rbc	RBC	6:56624578:G:A	0.1786	0.1786	0.01903	0.0176633779670139	False
rbc	RBC	6:134206202:G:T	0.2348	0.2348	0.01725	0.0160185985982802	False
rbc	RBC	6:2516490:C:T	0.233	0.233	0.01699	0.0157407561071123	True
rbc	RBC	6:90981319:T:G	0.6462	0.3538	0.01478	0.0136845730777542	True
rbc	RBC	6:170563106:A:C	0.1945	0.1945	0.01784	0.0164731688253709	True
rbc	RBC	6:43233990:G:T	0.8643	0.13570000000000004	0.02036	0.0187340966646385	True
rbc	RBC	6:39146230:T:C	0.7811	0.21889999999999998	0.01701	0.0156720938269867	True
rbc	RBC	6:119215902:C:G	0.1649	0.1649	0.01831	0.0167613121769608	True
rbc	RBC	6:44215784:A:T	0.6659	0.33409999999999995	0.01415	0.0129715905234789	True
rbc	RBC	6:157189756:A:T	0.2017	0.2017	0.01655	0.0151012517533605	True
rbc	RBC	6:165972139:C:T	0.2435	0.2435	0.01529	0.0139138030206935	True
rbc	RBC	6:15695488:G:A	0.97904	0.02095999999999998	0.04752	0.0441414695624787	False
rbc	RBC	6:47126369:G:A	0.793	0.20699999999999996	0.01603	0.0145584461327139	True
rbc	RBC	6:20862893:T:C	0.91887	0.08113000000000004	0.02449	0.021983478358681	False
rbc	RBC	6:1946800:T:G	0.3964	0.3964	0.01291	0.0117192499614865	True
rbc	RBC	6:44808435:G:A	0.664	0.33599999999999997	0.01334	0.0120882902106305	True
rbc	RBC	6:166755012:C:A	0.5073	0.4927	0.01258	0.011410160273458	True
rbc	RBC	6:9349511:T:A	0.02702	0.02702	0.03865	0.0352492974244398	False
rbc	RBC	6:166162335:T:C	0.3692	0.3692	0.0128	0.0115582133163404	True
rbc	RBC	6:134104132:C:T	0.5579	0.44210000000000005	0.01246	0.0112553833647978	False
rbc	RBC	6:15515287:T:G	0.1197	0.1197	0.01915	0.0170958644048631	False
rbc	RBC	6:125423907:A:G	0.94583	0.05417000000000005	0.02742	0.024257677595311	False
rbc	RBC	6:6973846:G:A	0.5063	0.4937	0.0121	0.0108768156020749	True
rbc	RBC	6:42940810:T:C	0.4593	0.4593	0.01208	0.010850579762429	True
rbc	RBC	6:52703396:C:T	0.2226	0.2226	0.01467	0.0130789561660036	True
rbc	RBC	7:100270005:C:G	0.4033	0.4033	0.06695	0.0666936760141964	True
rbc	RBC	7:151414329:T:C	0.7131	0.28690000000000004	0.06781	0.0675095153130132	True
rbc	RBC	7:50427982:G:A	0.5458	0.45420000000000005	0.04113	0.0409042449713564	True
rbc	RBC	7:100751970:C:T	0.98835	0.01165000000000005	0.1872	0.186504544786204	False
rbc	RBC	7:100389929:A:T	0.255	0.255	0.04223	0.0419451302615261	False
rbc	RBC	7:44873125:C:A	0.5653	0.4347	0.03405	0.0336907161340897	True
rbc	RBC	7:1286567:G:T	0.3088	0.3088	0.03077	0.030197814898178	True
rbc	RBC	7:644418:G:A	0.5744	0.4256	0.02321	0.0225464065058752	False
rbc	RBC	7:80322255:C:G	0.1279	0.1279	0.0324	0.0313709158054397	True
rbc	RBC	7:150755173:T:G	0.2546	0.2546	0.02378	0.0229477756291018	True
rbc	RBC	7:44772053:G:T	0.6689	0.33109999999999995	0.02098	0.020191313889924	True
rbc	RBC	7:100125165:A:G	0.01838	0.01838	0.07305	0.0695401636722443	False
rbc	RBC	7:99461600:T:G	0.06621	0.06621	0.03897	0.0377548310780702	False
rbc	RBC	7:27206688:T:G	0.4075	0.4075	0.01895	0.0181542921778668	True
rbc	RBC	7:5269424:A:C	0.8794	0.12060000000000004	0.02816	0.0268597021987771	True
rbc	RBC	7:150952770:G:A	0.8876	0.11240000000000006	0.02897	0.027642594535055	False
rbc	RBC	7:100929382:A:G	0.95216	0.047839999999999994	0.04104	0.0394892780604134	False
rbc	RBC	7:91517963:G:A	0.5128	0.48719999999999997	0.01619	0.0152760929031466	False
rbc	RBC	7:33096644:C:T	0.6911	0.30889999999999995	0.01682	0.015776542135237	True
rbc	RBC	7:92260260:T:C	0.8038	0.19620000000000004	0.01923	0.0179862723046477	True
rbc	RBC	7:40913646:T:C	0.4087	0.4087	0.01541	0.014408351010878	True
rbc	RBC	7:69218337:T:C	0.4564	0.4564	0.01434	0.0133032102853692	False
rbc	RBC	7:4681456:T:C	0.7822	0.2178	0.01711	0.0157929871187407	True
rbc	RBC	7:47637467:G:C	0.6567	0.34330000000000005	0.01501	0.0138690708789133	True
rbc	RBC	7:50698993:T:C	0.8798	0.12019999999999997	0.02117	0.0194056884938642	True
rbc	RBC	7:134653930:T:C	0.2903	0.2903	0.01513	0.0139123985876356	True
rbc	RBC	7:101257531:A:G	0.6058	0.3942	0.01384	0.0127133260330428	False
rbc	RBC	7:80546350:T:G	0.02894	0.02894	0.04092	0.0379199388850038	False
rbc	RBC	7:56152431:A:T	0.4813	0.4813	0.01301	0.0118847350153018	True
rbc	RBC	7:130741755:T:C	0.2061	0.2061	0.01607	0.0145926533681078	False
rbc	RBC	7:27310640:T:A	0.8095	0.1905	0.01669	0.015140541679848	True
rbc	RBC	7:92097611:C:T	0.5059	0.4941	0.01304	0.0118867002632974	True
rbc	RBC	7:6746738:T:C	0.2984	0.2984	0.01406	0.0127882553938661	True
rbc	RBC	7:32898338:A:G	0.6074	0.39259999999999995	0.01317	0.0119890102776084	True
rbc	RBC	7:101440156:C:T	0.3132	0.3132	0.01387	0.0126097159929704	False
rbc	RBC	7:40615400:C:A	0.04107	0.04107	0.03205	0.0288780335632102	False
rbc	RBC	7:44661254:T:C	0.4015	0.4015	0.01283	0.0116240296346411	True
rbc	RBC	7:129630585:G:A	0.4956	0.4956	0.01242	0.0112390692536778	True
rbc	RBC	7:17814005:C:G	0.4654	0.4654	0.01244	0.011251048279333	True
rbc	RBC	7:135311120:G:A	0.4916	0.4916	0.01233	0.0111384480068284	True
rbc	RBC	7:25420102:G:C	0.91175	0.08825000000000005	0.02183	0.0194692080526606	False
rbc	RBC	7:92636040:C:T	0.98934	0.010660000000000003	0.06133	0.0553830388464965	True
rbc	RBC	7:12736870:G:A	0.93196	0.06803999999999999	0.02477	0.0218500938894784	True
rbc	RBC	8:42367290:A:G	0.613	0.387	0.02993	0.0294221304421006	False
rbc	RBC	8:21791772:C:T	0.8384	0.16159999999999997	0.03581	0.035218784823049	False
rbc	RBC	8:23474415:C:A	0.6699	0.33009999999999995	0.02474	0.0240339246302883	True
rbc	RBC	8:126506694:G:A	0.3928	0.3928	0.02259	0.0218865469887188	True
rbc	RBC	8:130602281:A:C	0.5941	0.40590000000000004	0.02211	0.0214125912247068	True
rbc	RBC	8:40045119:C:T	0.4338	0.4338	0.01765	0.0167981311775459	True
rbc	RBC	8:61177662:G:C	0.4157	0.4157	0.01725	0.0163741991573399	False
rbc	RBC	8:66844743:G:A	0.6545	0.34550000000000003	0.01745	0.016515263508225	True
rbc	RBC	8:48687774:A:T	0.1483	0.1483	0.0257	0.0242157893196256	False
rbc	RBC	8:9184231:G:A	0.092	0.092	0.02792	0.0262417970068123	True
rbc	RBC	8:116813278:T:G	0.236	0.236	0.01866	0.0175503648500172	True
rbc	RBC	8:26280815:G:A	0.6209	0.3791	0.01632	0.0153524508821466	True
rbc	RBC	8:96072196:T:A	0.1971	0.1971	0.02011	0.0189012122365267	True
rbc	RBC	8:48482098:T:G	0.3667	0.3667	0.01689	0.0158663537709055	True
rbc	RBC	8:8890814:A:G	0.4482	0.4482	0.01563	0.0146715019284943	True
rbc	RBC	8:116499686:A:T	0.5441	0.45589999999999997	0.0151	0.0141105350917037	True
rbc	RBC	8:135652571:G:A	0.8429	0.15710000000000002	0.02062	0.0192158797705218	True
rbc	RBC	8:46998672:G:A	0.3058	0.3058	0.01613	0.0150226582604817	False
rbc	RBC	8:133883215:A:G	0.5781	0.42190000000000005	0.01492	0.0139033777156664	True
rbc	RBC	8:41540828:T:C	0.02345	0.02345	0.04911	0.0465279371740131	False
rbc	RBC	8:11272164:G:A	0.5223	0.4777	0.01472	0.0137062898773939	True
rbc	RBC	8:103886397:A:G	0.8155	0.1845	0.0187	0.0173468287390165	True
rbc	RBC	8:10571491:C:A	0.396	0.396	0.01484	0.0137889825933172	True
rbc	RBC	8:43826321:A:C	0.2215	0.2215	0.01918	0.0177817132711915	False
rbc	RBC	8:108401111:T:A	0.5832	0.41679999999999995	0.01434	0.0132814727036432	True
rbc	RBC	8:108291877:T:A	0.7517	0.24829999999999997	0.01617	0.014914599221571	True
rbc	RBC	8:95971921:G:A	0.4887	0.4887	0.01394	0.012883941333862	True
rbc	RBC	8:102669468:C:T	0.737	0.263	0.01583	0.0145957440100601	True
rbc	RBC	8:64487672:C:T	0.2251	0.2251	0.01653	0.0152056964824278	True
rbc	RBC	8:144992862:A:G	0.569	0.43100000000000005	0.01387	0.0127819996587142	True
rbc	RBC	8:8123969:G:T	0.8897	0.11029999999999995	0.02192	0.0200684287741721	True
rbc	RBC	8:142425325:G:A	0.8534	0.14659999999999995	0.01956	0.0179021126481048	True
rbc	RBC	8:106336532:T:G	0.8199	0.18010000000000004	0.01756	0.0160630201011011	True
rbc	RBC	8:122682611:T:C	0.06626	0.06626	0.02834	0.0257865126165706	False
rbc	RBC	8:106578977:T:C	0.7262	0.27380000000000004	0.01498	0.0137147358368303	True
rbc	RBC	8:129179926:A:G	0.7549	0.24509999999999998	0.01553	0.0141998935059246	True
rbc	RBC	8:61278456:A:G	0.52	0.48	0.01326	0.0121316771837222	True
rbc	RBC	8:39922402:G:T	0.09676	0.09676	0.02215	0.0200588310284534	True
rbc	RBC	8:13354090:C:T	0.8323	0.16769999999999996	0.01744	0.0157810900152596	False
rbc	RBC	8:10108972:C:T	0.6398	0.36019999999999996	0.0133	0.0120971968061592	False
rbc	RBC	8:26137132:C:A	0.04723	0.04723	0.03	0.0269994952159564	False
rbc	RBC	8:91305844:G:A	0.3145	0.3145	0.01354	0.012255525262268	True
rbc	RBC	8:61559253:T:C	0.5528	0.44720000000000004	0.01261	0.0114232672295532	True
rbc	RBC	8:41674525:G:A	0.2817	0.2817	0.01386	0.0124975594484238	True
rbc	RBC	8:43707714:G:T	0.02957	0.02957	0.03701	0.0335456721370902	False
rbc	RBC	8:102476346:C:T	0.05846	0.05846	0.0265	0.0235556244827131	False
rbc	RBC	8:104364295:T:C	0.0986	0.0986	0.0207	0.0184579940121458	False
rbc	RBC	8:9377177:C:T	0.01007	0.01007	0.0635	0.0569752368176233	False
rbc	RBC	8:13133592:A:G	0.95206	0.04793999999999998	0.02898	0.0256691430278887	False
rbc	RBC	8:145255948:G:A	0.4439	0.4439	0.01219	0.0109186951389658	False
rbc	RBC	9:136146597:C:T	0.7443	0.25570000000000004	0.07567	0.0753437872427332	True
rbc	RBC	9:4847168:T:C	0.2113	0.2113	0.05062	0.0503014131202881	True
rbc	RBC	9:13976285:G:A	0.6991	0.30089999999999995	0.03306	0.0325965820913324	True
rbc	RBC	9:100753123:A:G	0.2199	0.2199	0.02995	0.0292410866079776	True
rbc	RBC	9:136045486:G:A	0.6967	0.3033	0.02476	0.0240308544897753	True
rbc	RBC	9:130628500:C:T	0.1133	0.1133	0.03576	0.0349266416512685	False
rbc	RBC	9:4743973:C:A	0.5045	0.49550000000000005	0.0213	0.0206112127173179	True
rbc	RBC	9:4118111:G:T	0.3972	0.3972	0.02177	0.02104812955556	True
rbc	RBC	9:32425676:T:G	0.3603	0.3603	0.0206	0.0198333439159288	True
rbc	RBC	9:136388148:G:A	0.01617	0.01617	0.08171	0.0775635689546761	False
rbc	RBC	9:114841863:T:C	0.7938	0.20620000000000005	0.02396	0.0229912630478229	True
rbc	RBC	9:114663385:T:C	0.01302	0.01302	0.08384	0.0791990385215035	False
rbc	RBC	9:140100317:C:G	0.869	0.131	0.02637	0.0250666605249862	True
rbc	RBC	9:6329888:A:G	0.9478	0.052200000000000024	0.03919	0.0377381047306855	False
rbc	RBC	9:139089679:G:A	0.5736	0.4264	0.01717	0.0162930460369369	True
rbc	RBC	9:2623615:G:A	0.5851	0.41490000000000005	0.01641	0.0154833200761815	True
rbc	RBC	9:116356529:C:G	0.726	0.274	0.01754	0.0164686883634425	True
rbc	RBC	9:139297737:C:G	0.96835	0.031649999999999956	0.04431	0.0422442394618048	False
rbc	RBC	9:135866648:C:G	0.3885	0.3885	0.01565	0.0146232931943595	True
rbc	RBC	9:33116941:G:C	0.8132	0.18679999999999997	0.01928	0.0179761182973362	True
rbc	RBC	9:13875448:G:A	0.8617	0.13829999999999998	0.02172	0.0202158518250607	True
rbc	RBC	9:109644377:A:G	0.1991	0.1991	0.0179	0.0165602813693248	True
rbc	RBC	9:131863079:T:C	0.7274	0.27259999999999995	0.01547	0.0142369949614013	True
rbc	RBC	9:115651167:G:T	0.73	0.27	0.01615	0.0148031130561333	False
rbc	RBC	9:20928187:A:T	0.2197	0.2197	0.01624	0.0148666611871676	True
rbc	RBC	9:93801208:G:A	0.2366	0.2366	0.01567	0.0143292908459314	True
rbc	RBC	9:103114793:G:C	0.7997	0.20030000000000003	0.0164	0.0149400386576649	True
rbc	RBC	9:3734162:G:A	0.5004	0.49960000000000004	0.01325	0.0121208346222648	True
rbc	RBC	9:20638361:G:A	0.01046	0.01046	0.06561	0.0596154699194291	False
rbc	RBC	9:14245767:G:C	0.7889	0.21109999999999995	0.01596	0.0144874844189104	True
rbc	RBC	9:114207382:C:T	0.6549	0.34509999999999996	0.01336	0.0121262721817045	True
rbc	RBC	9:32573217:G:C	0.06687	0.06687	0.02637	0.023595173164896	False
rbc	RBC	9:77008554:G:A	0.0582	0.0582	0.0264	0.0235177741980984	False
rbc	RBC	9:116037692:G:A	0.0191	0.0191	0.04696	0.0429932762372502	False
rbc	RBC	9:84306559:T:C	0.91848	0.08152000000000004	0.02213	0.0196454112967239	True
rbc	RBC	9:112803578:T:G	0.2529	0.2529	0.01415	0.0126567045165873	False
rbc	RBC	9:100641117:A:G	0.03223	0.03223	0.03446	0.0307539143761788	False
rbc	RBC	9:4984530:G:C	0.3749	0.3749	0.01256	0.0112592810170987	True
rbc	RBC	9:97744172:T:C	0.98109	0.018909999999999982	0.04407	0.0400722767397771	False
rbc	RBC	9:91429495:C:G	0.4735	0.4735	0.01207	0.0108194691697069	True
rbc	RBC	10:71094504:T:C	0.1098	0.1098	0.08579	0.0852073043719743	False
rbc	RBC	10:45406608:T:C	0.4192	0.4192	0.04366	0.0434283795027722	True
rbc	RBC	10:45976851:G:A	0.92907	0.07093000000000005	0.06553	0.0646031788661131	True
rbc	RBC	10:51588890:G:A	0.96523	0.03476999999999997	0.06258	0.060788542237306	True
rbc	RBC	10:80805016:T:C	0.7581	0.2419	0.02241	0.0215018634623936	True
rbc	RBC	10:44871062:G:A	0.3424	0.3424	0.01899	0.0181175075947367	True
rbc	RBC	10:96158215:G:C	0.5552	0.4448	0.01766	0.0168168954123767	True
rbc	RBC	10:101305342:G:A	0.7415	0.25849999999999995	0.01998	0.019010324150729	True
rbc	RBC	10:104591393:G:T	0.91626	0.08374000000000004	0.03042	0.0288167751987214	True
rbc	RBC	10:13737768:C:T	0.4607	0.4607	0.01658	0.0156572838621472	True
rbc	RBC	10:48411796:G:T	0.8849	0.11509999999999998	0.02521	0.0236832856306843	True
rbc	RBC	10:88963038:G:A	0.6871	0.31289999999999996	0.01729	0.0162824104336741	False
rbc	RBC	10:3817494:A:T	0.5507	0.44930000000000003	0.01535	0.0143704344647325	True
rbc	RBC	10:64878118:C:G	0.5582	0.44179999999999997	0.01518	0.0141801032177285	False
rbc	RBC	10:126658075:G:A	0.5777	0.4223	0.01509	0.0140656691086239	True
rbc	RBC	10:71215107:G:T	0.02469	0.02469	0.04808	0.045596399669608	False
rbc	RBC	10:119322805:G:A	0.2189	0.2189	0.01818	0.0169133605396233	False
rbc	RBC	10:45297529:C:T	0.1233	0.1233	0.02177	0.0200864073037605	True
rbc	RBC	10:103937244:C:T	0.1511	0.1511	0.01983	0.0182996416413455	True
rbc	RBC	10:97020612:A:G	0.7096	0.2904	0.01541	0.0142278836546863	True
rbc	RBC	10:952523:C:G	0.92311	0.07689000000000001	0.02619	0.0240041204819817	False
rbc	RBC	10:119533757:T:C	0.3076	0.3076	0.01464	0.0134417004435548	True
rbc	RBC	10:97825432:G:A	0.92662	0.07338	0.02577	0.0234562656500445	False
rbc	RBC	10:101610103:G:A	0.05647	0.05647	0.02902	0.0264139284543682	False
rbc	RBC	10:89745814:G:A	0.8046	0.19540000000000002	0.01689	0.0154399504540968	True
rbc	RBC	10:4488891:G:A	0.1636	0.1636	0.01804	0.016462923258998	True
rbc	RBC	10:38813193:G:A	0.447	0.447	0.01409	0.012892878384048	False
rbc	RBC	10:115363664:C:T	0.2356	0.2356	0.01545	0.0140722156747534	True
rbc	RBC	10:77293109:A:G	0.715	0.28500000000000003	0.01433	0.013042161968805	True
rbc	RBC	10:97936919:G:T	0.4716	0.4716	0.01288	0.0117349043128343	False
rbc	RBC	10:47541708:G:A	0.96125	0.03874999999999995	0.03668	0.0334671088404838	False
rbc	RBC	10:123026013:G:A	0.2397	0.2397	0.01482	0.0134123518754659	True
rbc	RBC	10:91524479:C:T	0.2255	0.2255	0.01507	0.0136096428980319	True
rbc	RBC	10:8026609:C:T	0.5239	0.47609999999999997	0.01255	0.0113796729870712	True
rbc	RBC	10:122875589:G:A	0.1197	0.1197	0.01922	0.0172592590459818	True
rbc	RBC	10:96775701:T:C	0.8479	0.1521	0.01733	0.0155632790469646	True
rbc	RBC	10:91381305:A:G	0.1091	0.1091	0.01984	0.0177586624129556	True
rbc	RBC	10:36461760:G:A	0.4999	0.4999	0.01235	0.0111554643603067	True
rbc	RBC	10:90192003:C:T	0.6473	0.3527	0.01291	0.011646420219049	True
rbc	RBC	10:94416229:T:G	0.4837	0.4837	0.01229	0.0110916472462537	True
rbc	RBC	10:97337165:C:A	0.4629	0.4629	0.01224	0.011031096100726	True
rbc	RBC	10:7866557:T:C	0.4814	0.4814	0.01223	0.0110225902419595	True
rbc	RBC	10:114781863:T:G	0.92197	0.07803000000000004	0.02266	0.0201185802596327	True
rbc	RBC	10:89606039:C:T	0.94813	0.05186999999999997	0.02725	0.0241113796315234	True
rbc	RBC	10:42370565:G:T	0.3968	0.3968	0.01334	0.0119444627961595	False
rbc	RBC	10:45613231:T:C	0.1781	0.1781	0.01576	0.0140471955861731	True
rbc	RBC	11:10195671:A:G	0.757	0.243	0.04387	0.043583693184348	True
rbc	RBC	11:30749090:T:C	0.453	0.453	0.02766	0.0271091415004879	True
rbc	RBC	11:61581764:T:C	0.3145	0.3145	0.02808	0.0274577432542723	True
rbc	RBC	11:33913568:T:C	0.512	0.488	0.02384	0.0232056407699896	True
rbc	RBC	11:108314362:A:C	0.4071	0.4071	0.0237	0.0230444322980362	True
rbc	RBC	11:30951674:C:T	0.6692	0.3308	0.02473	0.0240347071497449	True
rbc	RBC	11:19250164:C:A	0.7133	0.28669999999999995	0.02575	0.0249925844881579	True
rbc	RBC	11:127941828:G:A	0.3803	0.3803	0.02203	0.0213195165053529	True
rbc	RBC	11:66899619:A:G	0.0842	0.0842	0.03684	0.0358235867333878	False
rbc	RBC	11:8826779:A:G	0.2356	0.2356	0.02197	0.0210296017595563	True
rbc	RBC	11:8941215:A:G	0.5089	0.4911	0.01727	0.0164163179387704	True
rbc	RBC	11:118135973:T:G	0.8676	0.13239999999999996	0.02508	0.0237084006931975	True
rbc	RBC	11:113981241:A:G	0.3193	0.3193	0.01798	0.0170272076015718	True
rbc	RBC	11:107983089:T:C	0.1106	0.1106	0.02635	0.0248122356735056	True
rbc	RBC	11:117267884:A:G	0.5346	0.46540000000000004	0.01634	0.0154331502253081	True
rbc	RBC	11:66327673:G:A	0.4478	0.4478	0.01589	0.0149491574626392	True
rbc	RBC	11:61414010:C:A	0.5317	0.46830000000000005	0.01558	0.0146277548345897	False
rbc	RBC	11:64031798:G:C	0.34	0.34	0.01632	0.0153086365586688	True
rbc	RBC	11:13345593:G:A	0.3635	0.3635	0.01608	0.0150699960442588	True
rbc	RBC	11:75450576:T:C	0.1579	0.1579	0.02078	0.0194007769624204	True
rbc	RBC	11:2178330:C:T	0.2389	0.2389	0.01782	0.0166288660797169	True
rbc	RBC	11:16664123:T:C	0.5841	0.41590000000000005	0.0153	0.0142893370952848	True
rbc	RBC	11:2320013:C:T	0.8876	0.11240000000000006	0.02354	0.0218617263077522	True
rbc	RBC	11:1689409:G:A	0.8311	0.16890000000000005	0.01941	0.0179711928133726	True
rbc	RBC	11:30643977:C:A	0.91536	0.08464000000000005	0.02639	0.0243423628921892	False
rbc	RBC	11:16523491:C:T	0.97565	0.024349999999999983	0.04663	0.0440342011890037	False
rbc	RBC	11:308314:T:C	0.3662	0.3662	0.01484	0.0137394517882629	False
rbc	RBC	11:118669178:G:T	0.8682	0.13180000000000003	0.02018	0.0184843303393443	False
rbc	RBC	11:186450:G:C	0.3694	0.3694	0.01519	0.0139026816390226	False
rbc	RBC	11:111220005:G:T	0.4636	0.4636	0.01335	0.0122473597548974	True
rbc	RBC	11:68562328:C:T	0.06597	0.06597	0.02684	0.0243758624719786	False
rbc	RBC	11:8709337:G:A	0.5868	0.4132	0.01338	0.0122444331633918	True
rbc	RBC	11:31572779:G:A	0.04765	0.04765	0.03136	0.0284443926000543	False
rbc	RBC	11:122163143:T:G	0.1212	0.1212	0.01986	0.0179886519439875	True
rbc	RBC	11:47409051:T:A	0.6307	0.36929999999999996	0.01354	0.0123350104187745	True
rbc	RBC	11:2059354:C:G	0.7996	0.20040000000000002	0.01603	0.0145122834344216	True
rbc	RBC	11:65351364:G:A	0.2664	0.2664	0.01447	0.0131136084557828	True
rbc	RBC	11:64799233:A:G	0.2789	0.2789	0.01417	0.0128413511828559	True
rbc	RBC	11:36458997:A:G	0.04316	0.04316	0.03089	0.0277458328900525	False
rbc	RBC	11:30467361:C:T	0.9232	0.07679999999999998	0.02345	0.0209257029703992	False
rbc	RBC	11:86338249:T:C	0.3076	0.3076	0.01316	0.0118190582151034	True
rbc	RBC	11:48983828:A:G	0.784	0.21599999999999997	0.01473	0.0131737377297505	True
rbc	RBC	11:68761348:G:A	0.01981	0.01981	0.04461	0.040658311602869	False
rbc	RBC	11:95917671:C:T	0.8943	0.10570000000000002	0.0198	0.0175943521626469	True
rbc	RBC	11:120293138:G:A	0.1159	0.1159	0.01882	0.0167293358684616	True
rbc	RBC	11:94886632:T:C	0.6148	0.3852	0.01229	0.0110196575869122	True
rbc	RBC	11:57450720:A:C	0.3414	0.3414	0.01261	0.0112881657810885	True
rbc	RBC	12:4331204:C:A	0.7874	0.2126	0.05579	0.0554556738708936	True
rbc	RBC	12:112007756:C:T	0.4828	0.4828	0.04082	0.0405950429703466	True
rbc	RBC	12:121128699:A:G	0.3947	0.3947	0.03694	0.0366456787574564	True
rbc	RBC	12:2523772:T:A	0.3755	0.3755	0.03191	0.0314548552509479	True
rbc	RBC	12:48403839:T:A	0.6187	0.3813	0.03033	0.0298320921805963	True
rbc	RBC	12:48512285:C:A	0.1874	0.1874	0.03754	0.0370853726901974	False
rbc	RBC	12:53783176:C:A	0.1681	0.1681	0.03701	0.0364744042451738	True
rbc	RBC	12:88818479:C:G	0.2977	0.2977	0.02902	0.0284057837302509	True
rbc	RBC	12:112378371:G:A	0.8717	0.12829999999999997	0.03761	0.0369234566721518	False
rbc	RBC	12:13046211:C:T	0.8483	0.15169999999999995	0.03367	0.0329349938780334	True
rbc	RBC	12:133105852:A:G	0.2288	0.2288	0.02421	0.0233180873560178	True
rbc	RBC	12:110705800:A:G	0.6332	0.3668	0.01832	0.0174566246304545	True
rbc	RBC	12:54685880:C:T	0.93095	0.06904999999999994	0.03339	0.0317828017594472	False
rbc	RBC	12:10592969:T:C	0.8618	0.1382	0.02541	0.0239769326810635	False
rbc	RBC	12:56891649:G:A	0.8581	0.14190000000000003	0.02375	0.0224135055447315	True
rbc	RBC	12:2423620:C:T	0.5904	0.40959999999999996	0.01635	0.0154116175875737	True
rbc	RBC	12:4156808:G:T	0.94292	0.05708000000000002	0.03423	0.0323438042962889	False
rbc	RBC	12:57753833:T:A	0.1512	0.1512	0.0223	0.0208151576932501	False
rbc	RBC	12:3231716:C:T	0.8334	0.16659999999999997	0.02035	0.0189983611424768	True
rbc	RBC	12:69216798:A:G	0.4742	0.4742	0.01504	0.0140583613857873	True
rbc	RBC	12:115373781:A:G	0.6934	0.3066	0.01616	0.0150728069359804	True
rbc	RBC	12:57146069:T:G	0.8965	0.10350000000000004	0.02441	0.0226689621982104	True
rbc	RBC	12:11800938:T:G	0.9495	0.05049999999999999	0.03393	0.0317213817797537	True
rbc	RBC	12:48300334:C:G	0.4308	0.4308	0.01439	0.0133473358947567	True
rbc	RBC	12:56491880:T:G	0.5961	0.40390000000000004	0.01453	0.0134700838322674	True
rbc	RBC	12:124421453:T:C	0.6736	0.3264	0.01523	0.0141064743645088	True
rbc	RBC	12:56634639:G:C	0.93384	0.06616	0.02846	0.0261799394594378	False
rbc	RBC	12:91180019:C:G	0.266	0.266	0.01613	0.0148963316192739	True
rbc	RBC	12:6711147:C:A	0.4385	0.4385	0.01421	0.013141309155077	True
rbc	RBC	12:89632748:C:T	0.7292	0.27080000000000004	0.01577	0.0145363009317557	True
rbc	RBC	12:6843847:A:G	0.3451	0.3451	0.01417	0.0130033952317358	True
rbc	RBC	12:122338334:C:T	0.4941	0.4941	0.01331	0.0122109284554568	True
rbc	RBC	12:26572623:A:C	0.92999	0.07001000000000002	0.02512	0.0226002325635299	True
rbc	RBC	12:15306985:C:T	0.6647	0.33530000000000004	0.01361	0.0123656059278984	True
rbc	RBC	12:6499533:G:A	0.8587	0.14129999999999998	0.01851	0.0167203996509684	False
rbc	RBC	12:132434391:G:T	0.96407	0.03593000000000002	0.03452	0.0311108923107684	False
rbc	RBC	12:118477785:G:T	0.2886	0.2886	0.01368	0.0123049640453732	True
rbc	RBC	12:71146605:G:A	0.124	0.124	0.0188	0.0167834735164317	False
rbc	RBC	12:117577894:A:T	0.7986	0.20140000000000002	0.0152	0.0135570276672789	False
rbc	RBC	12:3926165:A:G	0.1301	0.1301	0.01777	0.0157789314419957	True
rbc	RBC	13:76055602:G:A	0.1	0.1	0.04991	0.0493148661191422	True
rbc	RBC	13:41254104:C:A	0.2158	0.2158	0.02922	0.0284656318625346	True
rbc	RBC	13:114551993:T:C	0.3254	0.3254	0.02495	0.0242541513417196	True
rbc	RBC	13:29230581:A:G	0.6453	0.3547	0.02341	0.0227115035579816	True
rbc	RBC	13:41500032:A:G	0.8261	0.17390000000000005	0.02387	0.0227553594670377	True
rbc	RBC	13:109422126:A:C	0.36	0.36	0.01799	0.0171045294324032	True
rbc	RBC	13:113352916:A:G	0.08916	0.08916	0.02824	0.0265412658234264	True
rbc	RBC	13:33697449:C:T	0.3084	0.3084	0.01652	0.0154598902903034	True
rbc	RBC	13:31070212:T:C	0.0165	0.0165	0.05526	0.0517634059528177	False
rbc	RBC	13:114324414:G:A	0.06175	0.06175	0.0287	0.0261779724172038	False
rbc	RBC	13:51386889:C:T	0.5674	0.4326	0.01349	0.0123726019303525	False
rbc	RBC	13:114131954:C:T	0.1938	0.1938	0.01601	0.0144608575334207	True
rbc	RBC	13:113479820:A:G	0.7255	0.27449999999999997	0.01412	0.0127826998176465	True
rbc	RBC	13:41721305:C:T	0.8459	0.15410000000000001	0.01696	0.0151649585845352	True
rbc	RBC	13:111553839:A:T	0.5864	0.41359999999999997	0.01246	0.0112219522762095	False
rbc	RBC	13:79344964:C:T	0.1911	0.1911	0.01533	0.0136500098831684	True
rbc	RBC	14:65509878:C:T	0.486	0.486	0.02732	0.0267578954979015	True
rbc	RBC	14:64703593:G:T	0.5242	0.4758	0.0217	0.0210229012014212	True
rbc	RBC	14:68501714:C:A	0.1709	0.1709	0.02868	0.0277511508790649	True
rbc	RBC	14:73463479:G:A	0.5816	0.4184	0.01979	0.0190373806885535	True
rbc	RBC	14:104007555:A:G	0.7739	0.22609999999999997	0.02265	0.021652748494223	True
rbc	RBC	14:58765903:T:C	0.7334	0.26659999999999995	0.01951	0.0185334740400666	False
rbc	RBC	14:21542766:A:G	0.8315	0.16849999999999998	0.0229	0.0217188572566884	True
rbc	RBC	14:99687211:A:G	0.5406	0.45940000000000003	0.01712	0.0162529131431879	True
rbc	RBC	14:69310512:C:T	0.6674	0.3326	0.01782	0.0168768519974312	True
rbc	RBC	14:37708006:A:T	0.7271	0.27290000000000003	0.01892	0.0179046617494935	False
rbc	RBC	14:64804157:G:C	0.05002	0.05002	0.03666	0.0348041173551636	True
rbc	RBC	14:34646269:C:T	0.6807	0.31930000000000003	0.01676	0.01573712154738	True
rbc	RBC	14:105759840:T:C	0.2952	0.2952	0.01692	0.0158556518102737	True
rbc	RBC	14:74422923:T:C	0.6371	0.3629	0.01596	0.0149526430627016	True
rbc	RBC	14:103878148:G:T	0.3737	0.3737	0.01569	0.0146813724919927	True
rbc	RBC	14:35259151:G:A	0.1014	0.1014	0.02468	0.0229258037836811	False
rbc	RBC	14:74536731:C:T	0.8815	0.11850000000000005	0.02268	0.021035672032889	True
rbc	RBC	14:70194563:C:A	0.1915	0.1915	0.0184	0.0170668809395451	True
rbc	RBC	14:105600664:C:T	0.895	0.10499999999999998	0.02346	0.0216573666022924	True
rbc	RBC	14:76624547:T:G	0.531	0.469	0.01416	0.0131171727182792	True
rbc	RBC	14:50923249:C:T	0.92878	0.07121999999999995	0.02737	0.0251495320394585	True
rbc	RBC	14:69210059:G:A	0.92899	0.07101000000000002	0.02696	0.024694554853389	False
rbc	RBC	14:34760698:C:G	0.2792	0.2792	0.015	0.0137341636182688	True
rbc	RBC	14:101168073:G:T	0.8385	0.16149999999999998	0.01803	0.0164384989142372	True
rbc	RBC	14:24804827:G:C	0.04299	0.04299	0.03223	0.0293028488443936	False
rbc	RBC	14:69770440:C:T	0.4798	0.4798	0.01303	0.0118959209859168	True
rbc	RBC	14:103233394:G:T	0.665	0.33499999999999996	0.01372	0.0124989456186928	True
rbc	RBC	14:70083647:G:C	0.8244	0.17559999999999998	0.01695	0.0153529603156833	False
rbc	RBC	14:91988576:T:C	0.5584	0.4416	0.0129	0.011744750085808	True
rbc	RBC	14:81717429:G:A	0.4676	0.4676	0.01267	0.0115064637194113	True
rbc	RBC	14:105272678:A:T	0.3862	0.3862	0.01283	0.0116039758501834	True
rbc	RBC	14:65801099:C:T	0.02634	0.02634	0.03836	0.0347973697886698	False
rbc	RBC	14:98690182:G:A	0.8	0.19999999999999996	0.01538	0.0137981719409771	False
rbc	RBC	14:36099366:C:T	0.91204	0.08796000000000004	0.02157	0.0192183198803086	False
rbc	RBC	14:104244583:C:T	0.3359	0.3359	0.01306	0.0117580369642942	True
rbc	RBC	14:77778851:A:G	0.2127	0.2127	0.01486	0.0133013088180453	True
rbc	RBC	15:78536209:A:G	0.6069	0.3931	0.02957	0.0290533616600081	True
rbc	RBC	15:76298132:A:G	0.4881	0.4881	0.028	0.0274616322786431	True
rbc	RBC	15:66067777:A:G	0.2391	0.2391	0.02905	0.0283476934998487	True
rbc	RBC	15:40306334:C:A	0.792	0.20799999999999996	0.02846	0.027653808195644	True
rbc	RBC	15:75052495:C:T	0.338	0.338	0.02359	0.0228784257414955	True
rbc	RBC	15:72242554:G:A	0.7643	0.23570000000000002	0.02609	0.0252730139125521	True
rbc	RBC	15:65852469:C:T	0.06132	0.06132	0.04288	0.0418757645233854	True
rbc	RBC	15:76413287:T:C	0.01902	0.01902	0.07354	0.0702912644081162	False
rbc	RBC	15:76064409:T:C	0.8811	0.1189	0.03031	0.0291163573547791	False
rbc	RBC	15:58723426:A:G	0.7804	0.21960000000000002	0.02328	0.0223316166348146	True
rbc	RBC	15:64370622:T:A	0.92636	0.07364000000000004	0.03319	0.0316596994051471	True
rbc	RBC	15:78664005:A:G	0.6478	0.35219999999999996	0.01819	0.017286315582622	True
rbc	RBC	15:75460382:A:G	0.3808	0.3808	0.01695	0.0160264889283451	False
rbc	RBC	15:33324280:C:T	0.1794	0.1794	0.02076	0.0195244498318594	True
rbc	RBC	15:77839761:T:C	0.7499	0.2501	0.01831	0.0172248988612714	True
rbc	RBC	15:74328576:A:G	0.4903	0.4903	0.01551	0.0145572264123885	True
rbc	RBC	15:66943404:C:G	0.8102	0.18979999999999997	0.01969	0.0184333660216572	True
rbc	RBC	15:67166007:C:A	0.01096	0.01096	0.07325	0.0677275214680639	False
rbc	RBC	15:42889170:C:T	0.7291	0.27090000000000003	0.01711	0.0159938796843075	True
rbc	RBC	15:67697023:G:A	0.06167	0.06167	0.03155	0.0294793089291399	False
rbc	RBC	15:68267901:G:A	0.92194	0.07806000000000002	0.02794	0.0259694477079248	True
rbc	RBC	15:81888088:A:G	0.2252	0.2252	0.01771	0.0164869685352811	True
rbc	RBC	15:77527156:T:A	0.7585	0.24150000000000005	0.01783	0.0165656071954967	True
rbc	RBC	15:56590833:G:T	0.5626	0.4374	0.01431	0.0132608422315878	True
rbc	RBC	15:60904848:C:G	0.6539	0.34609999999999996	0.01499	0.0138793309609036	False
rbc	RBC	15:43623397:T:G	0.98374	0.016260000000000052	0.05898	0.0549633848399837	False
rbc	RBC	15:70387560:A:C	0.1493	0.1493	0.0197	0.0181660721637122	True
rbc	RBC	15:102067841:C:T	0.2558	0.2558	0.01612	0.0148779173386765	True
rbc	RBC	15:57729289:G:C	0.679	0.32099999999999995	0.015	0.013843293723835	True
rbc	RBC	15:82391287:G:A	0.2698	0.2698	0.01548	0.0142456038238634	True
rbc	RBC	15:80672310:A:C	0.7943	0.2057	0.01702	0.0156367951154813	True
rbc	RBC	15:86268672:C:A	0.8554	0.14459999999999995	0.01945	0.0178409345762272	False
rbc	RBC	15:64476224:C:T	0.114	0.114	0.0214	0.0195828174698609	True
rbc	RBC	15:68581390:T:C	0.6628	0.33720000000000006	0.01449	0.0133187571990869	True
rbc	RBC	15:75944435:G:T	0.8936	0.10640000000000005	0.02141	0.0194634750285736	False
rbc	RBC	15:83236392:A:G	0.235	0.235	0.01556	0.0141997403589346	False
rbc	RBC	15:67044943:T:C	0.4744	0.4744	0.01331	0.0121673649657803	True
rbc	RBC	15:31552997:A:T	0.98633	0.01366999999999996	0.05639	0.0520814192547541	True
rbc	RBC	15:78230929:A:G	0.2895	0.2895	0.01455	0.0132690394824043	True
rbc	RBC	15:95696202:C:T	0.06042	0.06042	0.02669	0.0239528189919174	True
rbc	RBC	15:86142632:C:T	0.05069	0.05069	0.02941	0.0264314964884466	False
rbc	RBC	15:41311275:G:A	0.8967	0.10329999999999995	0.02055	0.0184383541306309	True
rbc	RBC	15:65106686:C:A	0.03495	0.03495	0.03448	0.0311096919987995	False
rbc	RBC	15:41847176:T:G	0.4062	0.4062	0.01273	0.0115076732137577	True
rbc	RBC	15:78783277:G:A	0.6802	0.3198	0.01312	0.0118282962741011	True
rbc	RBC	15:66750065:C:A	0.01804	0.01804	0.04659	0.04271058109168	False
rbc	RBC	15:51057181:G:A	0.145	0.145	0.01736	0.0154834349988398	True
rbc	RBC	15:43843533:C:T	0.1259	0.1259	0.01863	0.0165904284901821	False
rbc	RBC	15:75753810:A:G	0.01917	0.01917	0.04402	0.0401103664017251	False
rbc	RBC	15:63263824:C:T	0.97382	0.02617999999999998	0.03987	0.0359692736326137	False
rbc	RBC	16:170328:C:T	0.4624	0.4624	0.04304	0.0428280912325819	True
rbc	RBC	16:293562:T:C	0.6646	0.33540000000000003	0.03714	0.0368247622510709	True
rbc	RBC	16:67977382:T:C	0.166	0.166	0.03873	0.0382638051046998	True
rbc	RBC	16:30103160:C:A	0.401	0.401	0.02859	0.0280457652997276	True
rbc	RBC	16:88566053:G:A	0.04013	0.04013	0.0666	0.0649940376809278	True
rbc	RBC	16:88856084:C:G	0.4214	0.4214	0.02652	0.0259110901655928	True
rbc	RBC	16:426007:G:A	0.1293	0.1293	0.03902	0.0383142859831417	True
rbc	RBC	16:30985994:G:T	0.6272	0.3728	0.02418	0.0235135979628173	True
rbc	RBC	16:68322036:A:C	0.03091	0.03091	0.0662	0.0641860140753669	False
rbc	RBC	16:30345505:T:C	0.6723	0.3277	0.02421	0.0234480916635139	True
rbc	RBC	16:72079657:C:T	0.8066	0.19340000000000002	0.02745	0.0265535382110447	True
rbc	RBC	16:16259596:G:A	0.02705	0.02705	0.06376	0.0615304200262059	False
rbc	RBC	16:86356582:G:A	0.91074	0.08926	0.03582	0.0347429807672177	False
rbc	RBC	16:4295908:C:T	0.92145	0.07855000000000001	0.03449	0.0331689670844286	True
rbc	RBC	16:28809610:C:A	0.6336	0.36639999999999995	0.01952	0.0186652673629871	True
rbc	RBC	16:71979232:C:T	0.4463	0.4463	0.01777	0.0169295364131511	False
rbc	RBC	16:542029:C:T	0.2027	0.2027	0.02257	0.0213821600990265	False
rbc	RBC	16:1857490:C:T	0.98898	0.01102000000000003	0.07823	0.0724372441199078	True
rbc	RBC	16:89739903:G:A	0.7714	0.22860000000000003	0.01875	0.0176141679315604	True
rbc	RBC	16:88964557:C:G	0.90952	0.09048	0.02684	0.025049772885543	False
rbc	RBC	16:51170026:G:T	0.95489	0.04510999999999998	0.03635	0.0341934096144606	False
rbc	RBC	16:653516:T:C	0.01832	0.01832	0.05798	0.0544859865607834	False
rbc	RBC	16:89105007:G:A	0.94266	0.05733999999999995	0.03163	0.029425681053414	False
rbc	RBC	16:72256903:T:C	0.1527	0.1527	0.02048	0.0189919394735297	True
rbc	RBC	16:72747685:T:A	0.1381	0.1381	0.02109	0.01954160425858	True
rbc	RBC	16:79199110:T:C	0.5697	0.4303	0.01444	0.0134007177823903	True
rbc	RBC	16:66717101:T:C	0.04507	0.04507	0.03389	0.0313338465511957	False
rbc	RBC	16:69559315:C:G	0.3259	0.3259	0.01484	0.013685083234052	True
rbc	RBC	16:69940361:G:A	0.3858	0.3858	0.01421	0.0131114541602467	True
rbc	RBC	16:68428844:G:A	0.05439	0.05439	0.03022	0.0276534664860027	False
rbc	RBC	16:89561475:A:C	0.3078	0.3078	0.01475	0.0135628048239445	True
rbc	RBC	16:66910573:T:C	0.473	0.473	0.01337	0.0122508106118719	False
rbc	RBC	16:58653798:C:G	0.5307	0.46930000000000005	0.01307	0.011942913625992	True
rbc	RBC	16:70729954:C:T	0.06374	0.06374	0.02788	0.0251742042370954	False
rbc	RBC	16:48442611:C:T	0.06357	0.06357	0.02656	0.0239428035096423	False
rbc	RBC	16:89440544:C:G	0.01385	0.01385	0.05705	0.0524972365976457	False
rbc	RBC	16:10945881:T:A	0.9502	0.049799999999999955	0.02954	0.02656243000603	True
rbc	RBC	16:89318846:T:A	0.0425	0.0425	0.03183	0.0286506028945864	False
rbc	RBC	16:1640605:G:A	0.98833	0.011669999999999958	0.058	0.0528799987332575	True
rbc	RBC	16:30452241:G:T	0.9037	0.09630000000000005	0.02141	0.0191759954134908	False
rbc	RBC	16:49869334:C:T	0.06558	0.06558	0.02545	0.0226947131667922	False
rbc	RBC	16:18905333:T:C	0.5428	0.45720000000000005	0.01248	0.0112825440582749	True
rbc	RBC	16:86016175:G:C	0.1888	0.1888	0.01602	0.0143787971101074	True
rbc	RBC	16:11920669:C:T	0.3502	0.3502	0.0129	0.0116327977691147	True
rbc	RBC	16:20684354:C:T	0.677	0.32299999999999995	0.01316	0.0117829629143267	False
rbc	RBC	16:72494989:T:A	0.02549	0.02549	0.03838	0.0345362132754941	False
rbc	RBC	16:11687051:A:C	0.5368	0.46319999999999995	0.01202	0.0107756354587142	False
rbc	RBC	17:44091988:T:C	0.2293	0.2293	0.0533	0.0529909523072899	True
rbc	RBC	17:76121864:A:G	0.2185	0.2185	0.04487	0.044566129931651	True
rbc	RBC	17:37784464:C:G	0.2828	0.2828	0.0326	0.0321037042420455	True
rbc	RBC	17:59450441:T:C	0.1668	0.1668	0.03833	0.0378487829821351	False
rbc	RBC	17:27202888:G:A	0.836	0.16400000000000003	0.03215	0.0313754219025299	True
rbc	RBC	17:44967722:G:C	0.6333	0.3667	0.02484	0.0241681972328472	True
rbc	RBC	17:7571752:T:G	0.01261	0.01261	0.1065	0.103437326580947	False
rbc	RBC	17:45079189:C:G	0.244	0.244	0.02373	0.0228672183482916	True
rbc	RBC	17:20002164:A:G	0.4014	0.4014	0.02067	0.0199290580617636	True
rbc	RBC	17:46126116:G:A	0.7552	0.24480000000000002	0.02319	0.0223101220599258	True
rbc	RBC	17:79525660:A:G	0.1652	0.1652	0.02681	0.0257651097568352	True
rbc	RBC	17:8076655:C:T	0.6277	0.37229999999999996	0.0207	0.019931812417794	False
rbc	RBC	17:7732351:T:A	0.4185	0.4185	0.02016	0.0194105158393432	False
rbc	RBC	17:8240800:T:G	0.6502	0.3498	0.02056	0.019778255905216	False
rbc	RBC	17:59259294:T:G	0.7957	0.20430000000000004	0.0226	0.0215762401206376	True
rbc	RBC	17:43149772:C:T	0.05478	0.05478	0.0394	0.0379573316023057	False
rbc	RBC	17:43450305:T:C	0.03717	0.03717	0.04686	0.0452262714567839	False
rbc	RBC	17:37970365:C:T	0.92156	0.07843999999999995	0.03111	0.029451793166169	False
rbc	RBC	17:7327089:C:A	0.03988	0.03988	0.0424	0.0406965630297422	True
rbc	RBC	17:7929172:G:C	0.05464	0.05464	0.03558	0.0338063205395865	False
rbc	RBC	17:43270288:A:T	0.621	0.379	0.01646	0.0154596460389315	True
rbc	RBC	17:18127914:C:G	0.3848	0.3848	0.01604	0.0150594597060636	True
rbc	RBC	17:71189061:C:G	0.4614	0.4614	0.01564	0.0146839745052999	False
rbc	RBC	17:53261034:A:G	0.7812	0.2188	0.01839	0.0171753979883785	True
rbc	RBC	17:16875636:C:A	0.8605	0.13949999999999996	0.02178	0.0202874417900242	True
rbc	RBC	17:81057834:A:G	0.6533	0.3467	0.01566	0.0145965946128967	True
rbc	RBC	17:16522922:G:A	0.01643	0.01643	0.06359	0.0591905915733421	False
rbc	RBC	17:61812995:T:G	0.3562	0.3562	0.01497	0.013885987822103	True
rbc	RBC	17:76011686:A:T	0.05686	0.05686	0.03097	0.0286372006416528	True
rbc	RBC	17:21279486:G:A	0.6275	0.37250000000000005	0.01514	0.0140276721086239	False
rbc	RBC	17:53364788:C:A	0.3978	0.3978	0.01431	0.0132123516011849	True
rbc	RBC	17:45888374:A:G	0.93077	0.06923000000000001	0.0272	0.0248828766795424	True
rbc	RBC	17:37357034:C:T	0.1306	0.1306	0.02046	0.0187731200700431	False
rbc	RBC	17:35833208:T:C	0.3626	0.3626	0.01429	0.0131649209512126	True
rbc	RBC	17:79687893:C:T	0.5742	0.42579999999999996	0.01482	0.013594801588729	True
rbc	RBC	17:74535537:C:T	0.9017	0.09830000000000005	0.02289	0.0208488680701005	False
rbc	RBC	17:45309693:A:G	0.5661	0.43389999999999995	0.01445	0.0131896279985368	True
rbc	RBC	17:58000233:G:T	0.6573	0.3427	0.01419	0.012945520407288	False
rbc	RBC	17:18257811:G:A	0.1048	0.1048	0.02129	0.0192972180240077	True
rbc	RBC	17:18686405:G:T	0.2338	0.2338	0.01573	0.014295819785256	True
rbc	RBC	17:29165934:C:G	0.6183	0.38170000000000004	0.01324	0.0120557822853676	True
rbc	RBC	17:4897042:T:C	0.1573	0.1573	0.01748	0.0157894359191975	False
rbc	RBC	17:45441804:G:A	0.829	0.17100000000000004	0.01682	0.0151514119859254	True
rbc	RBC	17:2310611:C:T	0.1932	0.1932	0.01594	0.0143571799661949	True
rbc	RBC	17:49211898:T:G	0.7632	0.2368	0.01461	0.0131352200725599	True
rbc	RBC	17:45772881:C:G	0.98387	0.016129999999999978	0.05093	0.0465179314257887	False
rbc	RBC	17:47857324:C:T	0.2953	0.2953	0.01346	0.0120766906059015	True
rbc	RBC	17:55522450:T:G	0.859	0.14100000000000001	0.01735	0.0154549999744942	True
rbc	RBC	17:42338945:T:C	0.02237	0.02237	0.04075	0.03692287646049	True
rbc	RBC	17:79421254:G:T	0.4194	0.4194	0.01224	0.0109878690273392	True
rbc	RBC	18:43802778:A:G	0.7466	0.25339999999999996	0.03652	0.0361299776941143	True
rbc	RBC	18:60920854:C:T	0.97055	0.029449999999999976	0.07728	0.0751558606406506	False
rbc	RBC	18:51773444:C:T	0.2942	0.2942	0.01939	0.01846429514164	False
rbc	RBC	18:46460903:C:G	0.4847	0.4847	0.01717	0.0163040390727578	True
rbc	RBC	18:42815791:T:C	0.1808	0.1808	0.02063	0.0193776896807291	False
rbc	RBC	18:55322502:C:T	0.8755	0.12450000000000006	0.02374	0.0222389394220259	False
rbc	RBC	18:43120276:G:A	0.91342	0.08657999999999999	0.02794	0.0261392606786801	True
rbc	RBC	18:46207268:G:A	0.96774	0.032259999999999955	0.04399	0.0420048337871443	False
rbc	RBC	18:23870500:G:A	0.0603	0.0603	0.03192	0.0298698344031201	False
rbc	RBC	18:42030188:A:G	0.1281	0.1281	0.0217	0.0200944339129432	True
rbc	RBC	18:4636935:C:T	0.1433	0.1433	0.0187	0.0169947912827208	True
rbc	RBC	18:12509955:G:A	0.94809	0.05191000000000001	0.02998	0.0270885119820079	False
rbc	RBC	18:46332395:A:G	0.3526	0.3526	0.01358	0.0123702460215499	True
rbc	RBC	18:6752598:C:T	0.8613	0.13870000000000005	0.01795	0.0160841132885996	True
rbc	RBC	18:689437:C:T	0.90948	0.09052000000000004	0.02164	0.0192933312735063	False
rbc	RBC	18:74632186:T:C	0.6429	0.3571	0.01283	0.0115618277203987	True
rbc	RBC	18:7184342:C:A	0.02651	0.02651	0.03817	0.0345944617046314	False
rbc	RBC	19:33754548:C:T	0.08147	0.08147	0.108	0.107583449926345	True
rbc	RBC	19:12999458:C:T	0.6086	0.39139999999999997	0.05079	0.0505686329036186	True
rbc	RBC	19:4080044:C:G	0.1768	0.1768	0.04365	0.0432810847493455	False
rbc	RBC	19:41305138:G:T	0.9765	0.023499999999999965	0.1107	0.109304711075521	False
rbc	RBC	19:2163771:T:G	0.4729	0.4729	0.02717	0.0266041643101818	True
rbc	RBC	19:18425758:G:A	0.06009	0.06009	0.05314	0.0521808695658989	False
rbc	RBC	19:50103252:G:A	0.2272	0.2272	0.02974	0.0290375206378698	True
rbc	RBC	19:12787701:G:A	0.02673	0.02673	0.07871	0.0762131197216966	False
rbc	RBC	19:44268006:T:C	0.2185	0.2185	0.02524	0.0243475404764731	True
rbc	RBC	19:18575193:A:G	0.92594	0.07406000000000001	0.0398	0.038833217381644	False
rbc	RBC	19:33892409:C:T	0.5493	0.4507	0.02064	0.0199285092424725	True
rbc	RBC	19:12892428:T:C	0.94797	0.05203000000000002	0.04683	0.0456952954005437	False
rbc	RBC	19:45715976:A:G	0.3404	0.3404	0.02131	0.0205384936079543	True
rbc	RBC	19:15526500:A:G	0.95493	0.045070000000000054	0.04989	0.0485606426837859	False
rbc	RBC	19:33362784:C:T	0.4056	0.4056	0.01959	0.0188191594328264	True
rbc	RBC	19:4366219:A:G	0.2973	0.2973	0.02079	0.0199474150251486	True
rbc	RBC	19:47596131:T:C	0.04492	0.04492	0.04518	0.0438601845028248	False
rbc	RBC	19:4502201:T:C	0.427	0.427	0.01896	0.0181609182872865	True
rbc	RBC	19:1435771:G:A	0.4972	0.4972	0.01774	0.0169174109709222	True
rbc	RBC	19:41102876:C:T	0.1669	0.1669	0.02351	0.0223363621219256	False
rbc	RBC	19:19366632:C:T	0.06491	0.06491	0.0347	0.033098197633956	True
rbc	RBC	19:817198:G:A	0.1279	0.1279	0.02452	0.0230740512508146	True
rbc	RBC	19:33231025:A:G	0.8457	0.1543	0.0236	0.0221912473392	False
rbc	RBC	19:1277427:T:C	0.9199	0.08009999999999995	0.03059	0.0287798442518984	False
rbc	RBC	19:32583876:G:C	0.3032	0.3032	0.0173	0.0162773506831945	True
rbc	RBC	19:50976882:G:A	0.03948	0.03948	0.04118	0.0393392668947258	True
rbc	RBC	19:1056492:G:C	0.8231	0.17689999999999995	0.02033	0.0190590869910326	True
rbc	RBC	19:46313105:C:T	0.0948	0.0948	0.02652	0.024784663355347	True
rbc	RBC	19:35770784:C:T	0.4821	0.4821	0.01536	0.0143895997104978	True
rbc	RBC	19:14180999:A:G	0.3811	0.3811	0.01546	0.0144383169999197	True
rbc	RBC	19:8440748:G:A	0.97177	0.028229999999999977	0.04504	0.0427525304034235	False
rbc	RBC	19:18839681:A:G	0.94124	0.058760000000000034	0.03193	0.0297319905067486	False
rbc	RBC	19:41725790:G:C	0.5036	0.49639999999999995	0.01423	0.0131732265631382	True
rbc	RBC	19:30297516:A:G	0.3298	0.3298	0.01487	0.0137345902890294	True
rbc	RBC	19:46426876:A:G	0.7872	0.2128	0.01716	0.0158219499710794	True
rbc	RBC	19:50222955:T:C	0.02125	0.02125	0.04872	0.0458181375591594	True
rbc	RBC	19:21768899:G:A	0.5351	0.4649	0.01369	0.0126059886889104	True
rbc	RBC	19:45413233:G:T	0.08063	0.08063	0.02477	0.0225654100007772	False
rbc	RBC	19:2536679:C:T	0.3781	0.3781	0.01385	0.0126845529494256	True
rbc	RBC	19:5711217:T:C	0.08819	0.08819	0.02331	0.0211489864576227	True
rbc	RBC	19:1172570:G:A	0.1506	0.1506	0.01844	0.0167606681083404	False
rbc	RBC	19:10695959:A:G	0.0564	0.0564	0.0292	0.0264222143449222	False
rbc	RBC	19:45824218:G:A	0.3691	0.3691	0.01331	0.0121032815531717	True
rbc	RBC	19:33072266:T:C	0.103	0.103	0.02106	0.0189908934804618	False
rbc	RBC	19:54796630:G:A	0.2268	0.2268	0.01517	0.013728900496632	False
rbc	RBC	19:1864960:G:A	0.4492	0.4492	0.01262	0.0114367566045126	True
rbc	RBC	19:34015935:G:T	0.8995	0.10050000000000003	0.02115	0.0189692859958465	True
rbc	RBC	19:54679511:C:T	0.7825	0.21750000000000003	0.01497	0.0133970406355456	True
rbc	RBC	19:47051644:C:G	0.1715	0.1715	0.01612	0.0143939158911498	False
rbc	RBC	20:49101590:T:C	0.5473	0.4527	0.03312	0.0327337892291906	True
rbc	RBC	20:55991637:A:G	0.5125	0.48750000000000004	0.03072	0.030259692388885	True
rbc	RBC	20:30250860:C:T	0.817	0.18300000000000005	0.03087	0.030021443957989	False
rbc	RBC	20:31108108:A:C	0.298	0.298	0.02472	0.0239836472536686	False
rbc	RBC	20:43042364:C:T	0.0314	0.0314	0.06419	0.0622483206454816	True
rbc	RBC	20:52222106:C:T	0.98396	0.016040000000000054	0.08673	0.0828704580338334	False
rbc	RBC	20:44590298:C:G	0.8133	0.18669999999999998	0.0263	0.0253352237093314	True
rbc	RBC	20:30575329:C:G	0.94761	0.05239000000000005	0.04667	0.0453850948805193	False
rbc	RBC	20:52560126:A:G	0.5867	0.4133	0.01865	0.0178447994081072	True
rbc	RBC	20:42678242:G:A	0.2589	0.2589	0.02055	0.0195848289175817	True
rbc	RBC	20:31211649:G:A	0.7309	0.2691	0.01975	0.01879955578553	False
rbc	RBC	20:25837491:G:T	0.8361	0.16390000000000005	0.02316	0.02194474131374	False
rbc	RBC	20:56100241:G:T	0.3318	0.3318	0.01741	0.016420179841051	True
rbc	RBC	20:61030580:A:T	0.2897	0.2897	0.01661	0.0154893178641031	True
rbc	RBC	20:39311250:G:C	0.826	0.17400000000000004	0.02059	0.0191638112032765	True
rbc	RBC	20:62363512:C:T	0.1595	0.1595	0.02016	0.0187229755953606	False
rbc	RBC	20:42839461:G:A	0.7355	0.26449999999999996	0.0166	0.0154174299207179	True
rbc	RBC	20:62475603:C:T	0.3911	0.3911	0.01482	0.0137737177922171	True
rbc	RBC	20:57597970:A:C	0.04759	0.04759	0.03373	0.031377523551701	True
rbc	RBC	20:50153344:T:C	0.362	0.362	0.01436	0.0132271444505064	True
rbc	RBC	20:30682771:C:T	0.7263	0.27370000000000005	0.01526	0.0140162621388802	False
rbc	RBC	20:44489474:G:A	0.6635	0.3365	0.01392	0.0127211909961339	True
rbc	RBC	20:32069986:G:A	0.09211	0.09211	0.02232	0.0201294213746035	False
rbc	RBC	20:61289471:G:A	0.3968	0.3968	0.0131	0.0118991787889861	True
rbc	RBC	20:8638763:A:G	0.3768	0.3768	0.01302	0.0118028780381086	True
rbc	RBC	20:55836040:G:A	0.746	0.254	0.01441	0.0130199767231674	True
rbc	RBC	20:10719307:A:T	0.07489	0.07489	0.02368	0.021162673507342	False
rbc	RBC	20:10617156:T:G	0.7361	0.2639	0.01398	0.0125783923713637	False
rbc	RBC	20:47531286:G:A	0.4213	0.4213	0.01235	0.0111142017220927	True
rbc	RBC	20:18353593:T:C	0.09966	0.09966	0.02023	0.0179342685571724	True
rbc	RBC	21:38055216:C:T	0.7773	0.2227	0.03195	0.0313187086658673	True
rbc	RBC	21:16790763:T:C	0.6997	0.3003	0.0263	0.025608212072771	True
rbc	RBC	21:37834258:T:C	0.7663	0.23370000000000002	0.02728	0.0264783425984958	True
rbc	RBC	21:36450841:C:T	0.1437	0.1437	0.03149	0.0305857863048018	False
rbc	RBC	21:16576783:G:A	0.6618	0.33819999999999995	0.0229	0.022168177100134	True
rbc	RBC	21:35093213:T:C	0.378	0.378	0.02149	0.0207651493990333	True
rbc	RBC	21:35356706:G:A	0.8463	0.15369999999999995	0.02786	0.0267881499734198	True
rbc	RBC	21:35479265:C:G	0.98848	0.011519999999999975	0.07774	0.0722497253492578	False
rbc	RBC	21:39837623:G:A	0.832	0.16800000000000004	0.0206	0.0192689862557354	True
rbc	RBC	21:16339172:G:C	0.8966	0.10340000000000005	0.02335	0.0215225971029134	False
rbc	RBC	21:35240789:T:C	0.5153	0.4847	0.01341	0.0123121437984142	True
rbc	RBC	21:37945560:A:G	0.2928	0.2928	0.01455	0.0132913960791972	True
rbc	RBC	21:38166217:T:C	0.92139	0.07860999999999996	0.02392	0.0215375780679239	False
rbc	RBC	21:44963264:G:A	0.5557	0.44430000000000003	0.01259	0.0114037587355805	True
rbc	RBC	21:38740824:A:G	0.7668	0.23319999999999996	0.01449	0.0130164928991557	True
rbc	RBC	21:17066739:A:C	0.09898	0.09898	0.02015	0.0178729467000135	True
rbc	RBC	22:50971266:T:C	0.3273	0.3273	0.05635	0.0560946253231596	True
rbc	RBC	22:46372968:C:T	0.3159	0.3159	0.03446	0.0340611283482002	True
rbc	RBC	22:43114551:G:A	0.4712	0.4712	0.02765	0.027099391696645	True
rbc	RBC	22:32889815:A:T	0.6015	0.39849999999999997	0.02462	0.0239808125962362	True
rbc	RBC	22:46004023:C:T	0.551	0.44899999999999995	0.02429	0.0236336092896029	False
rbc	RBC	22:50836855:G:A	0.02211	0.02211	0.06763	0.0647179604234737	False
rbc	RBC	22:37470604:G:A	0.4637	0.4637	0.01927	0.0185094877502169	True
rbc	RBC	22:38602140:T:C	0.5512	0.4488	0.01647	0.0155619736435384	True
rbc	RBC	22:51073574:G:T	0.5972	0.40280000000000005	0.01607	0.0151034259181629	True
rbc	RBC	22:46131238:G:A	0.298	0.298	0.01689	0.0158303044164169	True
rbc	RBC	22:38199950:T:C	0.4421	0.4421	0.01547	0.0145026090744233	True
rbc	RBC	22:18167859:T:C	0.1922	0.1922	0.01933	0.0180725172097168	False
rbc	RBC	22:24109774:T:G	0.8994	0.10060000000000002	0.02535	0.0235173825258362	True
rbc	RBC	22:39527583:C:T	0.403	0.403	0.01496	0.0139210926365055	True
rbc	RBC	22:29300306:C:T	0.8493	0.15069999999999995	0.02026	0.0187781186360268	True
rbc	RBC	22:50601319:T:G	0.1208	0.1208	0.02125	0.0194835875573242	False
rbc	RBC	22:30675923:A:C	0.4246	0.4246	0.01358	0.0124528691609795	True
rbc	RBC	22:31241352:G:A	0.98851	0.01149	0.05982	0.0545757484334392	False
rbc	RBC	22:40716488:C:A	0.32	0.32	0.01348	0.0121945881000794	True
rbc	RBC	22:46267946:G:A	0.1595	0.1595	0.01711	0.0153637781683943	True
rbc	RBC	22:22290403:T:C	0.5693	0.43069999999999997	0.0121	0.0108569745669741	True
sbp	SBP	1:11883731:C:T	0.836	0.16400000000000003	0.05411	0.0537626126494439	True
sbp	SBP	1:10798489:C:G	0.3407	0.3407	0.03224	0.0312698787214646	True
sbp	SBP	1:230845794:A:G	0.4006	0.4006	0.02743	0.0264455442217228	True
sbp	SBP	1:89332099:T:C	0.3851	0.3851	0.02628	0.0252661853847355	False
sbp	SBP	1:153662423:G:A	0.01742	0.01742	0.09578	0.0935970586148371	False
sbp	SBP	1:115826169:A:T	0.01794	0.01794	0.0898	0.0875864258207925	False
sbp	SBP	1:113046395:T:C	0.7482	0.2518	0.02635	0.0250715208013418	True
sbp	SBP	1:42383670:C:T	0.5631	0.43689999999999996	0.0217	0.0206833207009334	True
sbp	SBP	1:228119604:A:G	0.4738	0.4738	0.02138	0.0203823609737105	True
sbp	SBP	1:3327032:C:T	0.1373	0.1373	0.03064	0.0287134535301136	True
sbp	SBP	1:249191706:G:A	0.7614	0.23860000000000003	0.02592	0.0244148625887141	True
sbp	SBP	1:8489302:C:T	0.586	0.41400000000000003	0.02094	0.0199103151594874	True
sbp	SBP	1:56617947:T:G	0.3773	0.3773	0.02081	0.0197422150238282	True
sbp	SBP	1:43761651:C:T	0.383	0.383	0.02102	0.0199190031505704	True
sbp	SBP	1:59646056:G:A	0.724	0.276	0.02153	0.0202786903285235	True
sbp	SBP	1:12023500:G:A	0.96478	0.03522000000000003	0.05193	0.0498727536939042	False
sbp	SBP	1:1687482:G:T	0.4997	0.4997	0.01879	0.01777121323971	True
sbp	SBP	1:67007389:G:A	0.4933	0.4933	0.01816	0.0171368869446996	True
sbp	SBP	1:25022314:G:A	0.2453	0.2453	0.02007	0.0187015854311095	True
sbp	SBP	1:9439983:T:G	0.5648	0.43520000000000003	0.01686	0.0157814131158844	True
sbp	SBP	1:6678864:A:C	0.6628	0.33720000000000006	0.01743	0.0162734986557698	True
sbp	SBP	1:88984523:T:C	0.4683	0.4683	0.01635	0.015298320680411	True
sbp	SBP	1:184556539:C:G	0.4117	0.4117	0.01646	0.015381122385717	True
sbp	SBP	1:1584593:C:A	0.7156	0.2844	0.01788	0.0166120380768291	False
sbp	SBP	1:38419218:C:T	0.453	0.453	0.01613	0.0150738532403905	True
sbp	SBP	1:204038145:G:A	0.4658	0.4658	0.01605	0.0149882419523326	True
sbp	SBP	1:221213997:G:C	0.6698	0.33020000000000005	0.01699	0.0158136004193213	True
sbp	SBP	1:10671322:C:T	0.1605	0.1605	0.02272	0.0206832671945834	True
sbp	SBP	1:156074845:T:C	0.5889	0.4111	0.01606	0.0149743605292705	True
sbp	SBP	1:25347711:G:A	0.6266	0.37339999999999995	0.0164	0.0152606983602133	True
sbp	SBP	1:27262545:C:T	0.02843	0.02843	0.04672	0.0424384743702669	False
sbp	SBP	1:221352843:A:G	0.3116	0.3116	0.01629	0.015048541485569	True
sbp	SBP	1:242047847:A:G	0.112	0.112	0.02405	0.0215089985160801	True
sbp	SBP	1:113489770:T:G	0.3142	0.3142	0.01606	0.014829999519195	True
sbp	SBP	1:193272670:T:C	0.2727	0.2727	0.01648	0.0151509946804578	True
sbp	SBP	1:88651771:C:A	0.6196	0.38039999999999996	0.01514	0.0139832507857555	True
sbp	SBP	1:210145298:A:G	0.3699	0.3699	0.015	0.0138274299747366	True
sbp	SBP	1:1298411:C:T	0.9343	0.06569999999999998	0.02911	0.0252629506409366	False
sbp	SBP	1:29003360:T:C	0.08304	0.08304	0.0261	0.0228972522224337	True
sbp	SBP	1:224649695:T:A	0.92832	0.07167999999999997	0.02755	0.023897546913846	True
sbp	SBP	1:209992043:A:G	0.8095	0.1905	0.01796	0.0162708276240391	False
sbp	SBP	1:56979681:A:G	0.1228	0.1228	0.02157	0.0192109481728619	True
sbp	SBP	1:90128389:T:A	0.8615	0.13849999999999996	0.0209	0.0186710727727704	True
sbp	SBP	1:217736417:A:G	0.2318	0.2318	0.01667	0.0151814653332343	True
sbp	SBP	1:16048951:A:T	0.755	0.245	0.01633	0.0148865554977026	True
sbp	SBP	1:180731728:C:A	0.5329	0.46709999999999996	0.01409	0.012945794443445	True
sbp	SBP	1:27859036:T:C	0.8992	0.1008	0.02326	0.0204256686856101	False
sbp	SBP	1:210605675:C:T	0.1547	0.1547	0.01905	0.0170690764674005	True
sbp	SBP	1:27679797:A:G	0.7057	0.2943	0.01502	0.0136846469448264	True
sbp	SBP	1:184737925:G:A	0.4552	0.4552	0.01373	0.0125367163765158	True
sbp	SBP	1:48109225:T:C	0.911	0.08899999999999997	0.02389	0.0207946235107147	True
sbp	SBP	1:196885685:T:C	0.2369	0.2369	0.01589	0.0143819554584346	True
sbp	SBP	1:88184653:A:C	0.7937	0.20630000000000004	0.01678	0.0151006384324526	True
sbp	SBP	1:219519821:A:C	0.98932	0.010680000000000023	0.06605	0.0602797454219239	False
sbp	SBP	1:10000476:A:T	0.98847	0.01153000000000004	0.0622	0.0562836512790199	False
sbp	SBP	1:23035195:G:T	0.97987	0.02012999999999998	0.04786	0.0408690290821946	False
sbp	SBP	1:175130505:A:G	0.09881	0.09881	0.02185	0.0190012469424404	True
sbp	SBP	1:2071340:C:A	0.6162	0.38380000000000003	0.0134	0.0121175566687497	True
sbp	SBP	2:26914364:C:T	0.3836	0.3836	0.03892	0.0382784575772133	True
sbp	SBP	2:165047905:G:C	0.7256	0.2744	0.03682	0.0359242287908264	True
sbp	SBP	2:43196694:A:T	0.91089	0.08911000000000002	0.04027	0.038405847505678	True
sbp	SBP	2:216300482:T:A	0.2646	0.2646	0.02483	0.0235765407508362	True
sbp	SBP	2:177016728:T:C	0.3178	0.3178	0.02222	0.0210793817133516	True
sbp	SBP	2:165153242:G:A	0.92477	0.07523000000000002	0.0386	0.036034115233263	False
sbp	SBP	2:25262928:C:T	0.90744	0.09255999999999998	0.03328	0.0307058224812673	False
sbp	SBP	2:651407:T:C	0.8486	0.15139999999999998	0.02724	0.0252381553458544	True
sbp	SBP	2:164456639:C:T	0.09614	0.09614	0.0316	0.0290150955190367	True
sbp	SBP	2:182996188:A:G	0.7918	0.20820000000000005	0.02234	0.0208178100728655	True
sbp	SBP	2:55878927:A:T	0.6644	0.3356	0.01902	0.0178794044219272	False
sbp	SBP	2:59294558:T:C	0.3966	0.3966	0.0183	0.0172343416112887	True
sbp	SBP	2:208402750:T:C	0.4611	0.4611	0.01785	0.0168196656824697	True
sbp	SBP	2:19737280:A:T	0.4232	0.4232	0.01792	0.0168697246178951	True
sbp	SBP	2:37559743:G:A	0.7832	0.2168	0.02149	0.0200169300331422	True
sbp	SBP	2:162481453:G:A	0.9054	0.09460000000000002	0.03001	0.0273133277980506	True
sbp	SBP	2:242466277:C:T	0.96754	0.032460000000000044	0.04946	0.0465697942574322	False
sbp	SBP	2:191567541:G:C	0.7195	0.28049999999999997	0.0192	0.0179349605953339	True
sbp	SBP	2:65287896:A:G	0.6388	0.36119999999999997	0.0175	0.016390974234949	True
sbp	SBP	2:97526963:C:T	0.02984	0.02984	0.05044	0.0474041023116078	False
sbp	SBP	2:159443466:T:C	0.7214	0.27859999999999996	0.01875	0.0174827931962757	True
sbp	SBP	2:174949358:A:G	0.3982	0.3982	0.01728	0.0161877765132845	True
sbp	SBP	2:43548946:C:T	0.7745	0.22550000000000003	0.01967	0.0182147154242232	True
sbp	SBP	2:183211443:G:A	0.3508	0.3508	0.01714	0.0160070008823303	True
sbp	SBP	2:28620092:A:T	0.5135	0.48650000000000004	0.01649	0.0154078904927022	False
sbp	SBP	2:128903862:G:T	0.7927	0.20730000000000004	0.01993	0.0183902489706771	True
sbp	SBP	2:112754828:G:T	0.7092	0.29079999999999995	0.01734	0.0160870600582764	True
sbp	SBP	2:85491365:T:C	0.5443	0.4557	0.01587	0.0148009161579714	True
sbp	SBP	2:165528624:G:T	0.6073	0.39270000000000005	0.01611	0.0150109653936403	True
sbp	SBP	2:227067191:T:A	0.6378	0.36219999999999997	0.017	0.01579093762138	False
sbp	SBP	2:175529967:C:G	0.1821	0.1821	0.02033	0.0186365458727126	False
sbp	SBP	2:225942369:C:T	0.05718	0.05718	0.03466	0.0305398343725617	False
sbp	SBP	2:37993052:A:G	0.7188	0.2812	0.01753	0.0162397472666734	True
sbp	SBP	2:218683154:A:G	0.3952	0.3952	0.01596	0.0148610300703594	True
sbp	SBP	2:181885295:G:C	0.6894	0.3106	0.0168	0.0155724104629204	True
sbp	SBP	2:114423065:A:G	0.8019	0.19810000000000005	0.01935	0.0177490274405963	True
sbp	SBP	2:205084439:C:T	0.6441	0.3559	0.01624	0.0150746677222468	True
sbp	SBP	2:69691602:C:A	0.5771	0.42290000000000005	0.01553	0.014442954744869	True
sbp	SBP	2:144146850:G:A	0.1801	0.1801	0.01987	0.018131403454068	True
sbp	SBP	2:56128526:G:A	0.2072	0.2072	0.01872	0.0171566257255377	True
sbp	SBP	2:20878820:T:C	0.5563	0.4437	0.01521	0.0141192973217307	True
sbp	SBP	2:45878760:G:T	0.2521	0.2521	0.0174	0.0160084657643974	True
sbp	SBP	2:185145397:G:A	0.279	0.279	0.01661	0.0153048469653797	True
sbp	SBP	2:145835463:A:T	0.6366	0.36339999999999995	0.01545	0.0142942920056693	True
sbp	SBP	2:24215395:G:T	0.2504	0.2504	0.01706	0.0156679705921147	True
sbp	SBP	2:86427821:G:A	0.6559	0.34409999999999996	0.01541	0.0142184438487515	True
sbp	SBP	2:37661343:A:C	0.7006	0.2994	0.01601	0.0147184668245829	False
sbp	SBP	2:69010557:T:C	0.5042	0.4958	0.01455	0.0134361438284885	True
sbp	SBP	2:144964365:A:G	0.4811	0.4811	0.01446	0.0133229067398085	True
sbp	SBP	2:61672409:A:G	0.1319	0.1319	0.021	0.0187549488202987	True
sbp	SBP	2:68455362:T:C	0.07826	0.07826	0.02616	0.0227719960893715	True
sbp	SBP	2:145720139:A:G	0.2503	0.2503	0.01623	0.0147936217181002	True
sbp	SBP	2:215009314:G:A	0.1735	0.1735	0.01849	0.0166825660108226	True
sbp	SBP	2:138386595:G:A	0.274	0.274	0.01569	0.0143308635239103	True
sbp	SBP	2:231270165:G:A	0.6035	0.39649999999999996	0.01426	0.0130814504748182	True
sbp	SBP	2:170436157:A:G	0.4335	0.4335	0.01408	0.0129211180014515	True
sbp	SBP	2:162028886:G:T	0.94955	0.050449999999999995	0.03358	0.0284352395401749	True
sbp	SBP	2:219157692:C:T	0.4064	0.4064	0.01417	0.0129914384776452	True
sbp	SBP	2:59064459:C:G	0.2416	0.2416	0.01625	0.0147847562189304	True
sbp	SBP	2:172021468:C:T	0.3759	0.3759	0.01433	0.0131146030227167	True
sbp	SBP	2:64410700:C:T	0.1774	0.1774	0.01818	0.0163790564529418	True
sbp	SBP	2:214012225:C:T	0.01612	0.01612	0.05667	0.0514528976675767	False
sbp	SBP	2:73442339:C:T	0.418	0.418	0.01389	0.0127031544062081	True
sbp	SBP	2:126038422:T:G	0.5035	0.49650000000000005	0.01367	0.0125001203635289	True
sbp	SBP	2:37253455:C:T	0.8075	0.1925	0.01735	0.0156461917669035	True
sbp	SBP	2:172552765:A:T	0.7196	0.2804	0.01499	0.0136055063681045	True
sbp	SBP	2:239886775:C:T	0.5247	0.47529999999999994	0.01363	0.012404364025867	False
sbp	SBP	2:218806161:T:G	0.296	0.296	0.01462	0.0132605011652699	True
sbp	SBP	2:203930334:G:A	0.01268	0.01268	0.06174	0.0560629966852163	False
sbp	SBP	2:201086663:T:G	0.5486	0.4514	0.01338	0.0121575675911662	True
sbp	SBP	2:216153010:G:A	0.3	0.3	0.01443	0.0130570016551006	True
sbp	SBP	2:235793225:G:C	0.1133	0.1133	0.02183	0.019017961498517	True
sbp	SBP	2:135755616:T:C	0.8637	0.13629999999999998	0.01912	0.0168940098863127	True
sbp	SBP	2:146897539:T:C	0.5496	0.4504	0.01316	0.011898234254091	True
sbp	SBP	2:161654957:G:A	0.7203	0.27969999999999995	0.0153	0.0137433317318693	True
sbp	SBP	2:190684782:A:G	0.2069	0.2069	0.016	0.0143278654784248	True
sbp	SBP	2:230629138:C:T	0.847	0.15300000000000002	0.01809	0.0160344320472095	True
sbp	SBP	2:174219118:C:G	0.8271	0.17290000000000005	0.01714	0.0152408586502896	True
sbp	SBP	2:85964832:G:A	0.4043	0.4043	0.01313	0.0118416293253245	True
sbp	SBP	2:53023222:A:C	0.5257	0.47430000000000005	0.01298	0.0117014165190164	True
sbp	SBP	2:177509009:T:A	0.5574	0.4426	0.01295	0.0116687026838822	True
sbp	SBP	2:63931759:C:G	0.6508	0.34919999999999995	0.01347	0.0121236500836411	True
sbp	SBP	2:176736744:C:T	0.1969	0.1969	0.01616	0.0143924681226321	True
sbp	SBP	3:27562988:C:T	0.4528	0.4528	0.0313	0.0304020354376919	True
sbp	SBP	3:169091569:A:T	0.445	0.445	0.02969	0.0287607581485328	True
sbp	SBP	3:14907599:C:T	0.4703	0.4703	0.0227	0.0217082211370522	True
sbp	SBP	3:49773236:G:A	0.502	0.498	0.0216	0.0206074902919781	True
sbp	SBP	3:48178029:C:T	0.661	0.33899999999999997	0.0227	0.0215997976315401	True
sbp	SBP	3:53558012:G:A	0.6785	0.3215	0.02323	0.0220698665372851	True
sbp	SBP	3:11557126:G:A	0.6299	0.3701	0.02134	0.0202677226890347	True
sbp	SBP	3:168849576:T:C	0.92548	0.07452000000000003	0.03882	0.0363592441587218	True
sbp	SBP	3:133985901:G:A	0.394	0.394	0.01985	0.0187903039975585	True
sbp	SBP	3:124614317:C:T	0.6023	0.39770000000000005	0.01939	0.0183282969162807	True
sbp	SBP	3:150097635:G:C	0.07121	0.07121	0.03695	0.0339964791174827	False
sbp	SBP	3:158163628:A:G	0.5007	0.49929999999999997	0.01805	0.0170285822555152	True
sbp	SBP	3:183503017:A:G	0.4959	0.4959	0.01773	0.0167047681033078	True
sbp	SBP	3:48009467:C:T	0.09905	0.09905	0.02907	0.026449779762209	False
sbp	SBP	3:56748227:C:A	0.6764	0.3236	0.01799	0.0168169081613927	True
sbp	SBP	3:53734443:T:C	0.3222	0.3222	0.01779	0.016598894833567	True
sbp	SBP	3:53144363:T:C	0.6654	0.3346	0.01743	0.0162648137211652	True
sbp	SBP	3:169481271:C:G	0.7353	0.26470000000000005	0.01796	0.016639299326992	True
sbp	SBP	3:186177114:G:A	0.92599	0.07401000000000002	0.03001	0.0265741820725787	False
sbp	SBP	3:41198050:T:C	0.4817	0.4817	0.01569	0.0146208212981626	True
sbp	SBP	3:85396778:T:A	0.5092	0.4908	0.01555	0.0144795233649855	False
sbp	SBP	3:7489611:G:A	0.486	0.486	0.0157	0.0146024364935747	True
sbp	SBP	3:183938783:G:A	0.02296	0.02296	0.05189	0.0479637012346768	False
sbp	SBP	3:41868154:G:A	0.8693	0.13070000000000004	0.02382	0.0214310359245819	True
sbp	SBP	3:167469955:A:G	0.224	0.224	0.01846	0.0169649599635642	True
sbp	SBP	3:169295764:A:C	0.7049	0.29510000000000003	0.01663	0.0153521773828563	True
sbp	SBP	3:128107139:C:T	0.8954	0.10460000000000003	0.02441	0.0217710858192549	True
sbp	SBP	3:70724371:T:C	0.96538	0.034619999999999984	0.04223	0.0369663661339823	False
sbp	SBP	3:189341377:A:G	0.5237	0.47629999999999995	0.01476	0.0136568454269967	True
sbp	SBP	3:15165511:A:G	0.8222	0.17779999999999996	0.01914	0.0173785098961561	True
sbp	SBP	3:135926622:G:T	0.7736	0.22640000000000005	0.01739	0.0159033975425181	True
sbp	SBP	3:126280035:T:C	0.9817	0.018299999999999983	0.05438	0.0498262907156235	False
sbp	SBP	3:154668653:G:A	0.8939	0.10609999999999997	0.02349	0.0208661738233915	True
sbp	SBP	3:156795414:G:T	0.6135	0.38649999999999995	0.01489	0.0137223973893364	True
sbp	SBP	3:121696515:C:T	0.5316	0.46840000000000004	0.01439	0.013265015529437	True
sbp	SBP	3:30422563:C:T	0.3601	0.3601	0.01504	0.0138150388524571	True
sbp	SBP	3:134092058:A:G	0.6936	0.3064	0.01521	0.0139181055947656	True
sbp	SBP	3:37598382:C:T	0.3748	0.3748	0.01464	0.0134077218565536	True
sbp	SBP	3:49277998:G:A	0.93503	0.06496999999999997	0.02825	0.0242527573398091	False
sbp	SBP	3:183746044:A:G	0.5097	0.49029999999999996	0.0138	0.0126361778037969	True
sbp	SBP	3:197070959:G:A	0.2824	0.2824	0.01545	0.0140732059222992	True
sbp	SBP	3:153715813:A:T	0.09637	0.09637	0.02336	0.0204238004476066	False
sbp	SBP	3:151827718:T:G	0.8566	0.14339999999999997	0.01919	0.0170771195944565	True
sbp	SBP	3:185348351:T:C	0.3854	0.3854	0.01381	0.0125588555385486	True
sbp	SBP	3:138070901:C:T	0.1623	0.1623	0.01812	0.0161826351881415	True
sbp	SBP	3:78609599:T:C	0.789	0.21099999999999997	0.01642	0.0147749539971034	True
sbp	SBP	3:144035864:G:C	0.7943	0.2057	0.01642	0.0147591943509985	True
sbp	SBP	3:160037904:G:A	0.4567	0.4567	0.01327	0.0120412869889238	True
sbp	SBP	3:20111445:C:G	0.6092	0.39080000000000004	0.01354	0.0122752254010866	True
sbp	SBP	3:70266538:T:C	0.7454	0.25460000000000005	0.01511	0.0136142430969496	True
sbp	SBP	3:29374219:G:C	0.8252	0.17479999999999996	0.01739	0.0154945663792408	True
sbp	SBP	3:21749753:T:C	0.422	0.422	0.01309	0.0117758674698406	True
sbp	SBP	4:81174592:G:A	0.2933	0.2933	0.05027	0.0499974456494713	True
sbp	SBP	4:100239319:T:C	0.9772	0.022800000000000042	0.08695	0.0851668301438252	True
sbp	SBP	4:156420605:A:T	0.3092	0.3092	0.02672	0.0255996438644575	True
sbp	SBP	4:103188709:C:T	0.92552	0.07447999999999999	0.04529	0.0438542523986744	False
sbp	SBP	4:106910958:C:T	0.7597	0.24029999999999996	0.02754	0.0262451060323292	True
sbp	SBP	4:38387900:C:G	0.471	0.471	0.02268	0.0216692496978755	False
sbp	SBP	4:156639846:A:G	0.6407	0.35929999999999995	0.02308	0.0220167355607515	True
sbp	SBP	4:86719165:T:C	0.1499	0.1499	0.03074	0.0289325858896058	False
sbp	SBP	4:111390816:A:G	0.2009	0.2009	0.02503	0.0235120260361693	True
sbp	SBP	4:144085327:A:T	0.5154	0.48460000000000003	0.01963	0.0186186956252246	True
sbp	SBP	4:17901679:C:T	0.7385	0.26149999999999995	0.02135	0.0200550961476428	True
sbp	SBP	4:48633500:C:G	0.5276	0.47240000000000004	0.0175	0.0164706945638334	True
sbp	SBP	4:146821725:T:C	0.5163	0.4837	0.01735	0.0162873155218744	True
sbp	SBP	4:138441530:A:G	0.4172	0.4172	0.01733	0.0162679930522309	True
sbp	SBP	4:2694773:G:C	0.3135	0.3135	0.01789	0.016699259018122	True
sbp	SBP	4:169726027:C:T	0.4999	0.4999	0.01676	0.0157013274281727	True
sbp	SBP	4:52806043:G:A	0.2842	0.2842	0.01824	0.0169842214430187	True
sbp	SBP	4:3451109:G:A	0.1001	0.1001	0.02741	0.0247561651219788	True
sbp	SBP	4:156320153:T:G	0.3992	0.3992	0.01666	0.0155562468393815	True
sbp	SBP	4:157678511:T:G	0.8554	0.14459999999999995	0.0224	0.0203849508828277	True
sbp	SBP	4:14990889:T:G	0.4739	0.4739	0.01578	0.0147143380592722	True
sbp	SBP	4:26785356:A:T	0.4067	0.4067	0.01593	0.0148262622524767	True
sbp	SBP	4:77396854:G:C	0.4627	0.4627	0.01543	0.0143595581158792	True
sbp	SBP	4:148419040:G:A	0.292	0.292	0.01693	0.015663187586525	True
sbp	SBP	4:56463775:C:T	0.7124	0.28759999999999997	0.01672	0.0154319875338116	True
sbp	SBP	4:14879945:G:A	0.5091	0.4909	0.0148	0.0136936132989219	True
sbp	SBP	4:54801549:A:G	0.90525	0.09475	0.02516	0.0222656858772767	True
sbp	SBP	4:150185467:T:A	0.2042	0.2042	0.0181	0.0164683097207368	True
sbp	SBP	4:89750668:T:C	0.7861	0.21389999999999998	0.01729	0.0157300726198121	True
sbp	SBP	4:111289242:C:T	0.3034	0.3034	0.01512	0.0138189659134599	True
sbp	SBP	4:157031395:G:T	0.3215	0.3215	0.01489	0.0136115453069838	True
sbp	SBP	4:38490440:A:G	0.2261	0.2261	0.01646	0.0149165359762061	True
sbp	SBP	4:61524532:G:A	0.2798	0.2798	0.01499	0.0135941831985256	True
sbp	SBP	4:2170324:G:A	0.1072	0.1072	0.02148	0.0187979503095599	True
sbp	SBP	4:169876537:A:C	0.98482	0.015179999999999971	0.05468	0.0482695834474998	False
sbp	SBP	4:140513877:A:G	0.7902	0.2098	0.01609	0.0144409341325337	True
sbp	SBP	4:158371171:T:C	0.7129	0.2871	0.01435	0.0129401148544067	True
sbp	SBP	4:107146625:G:T	0.1744	0.1744	0.01715	0.0152767487852608	False
sbp	SBP	4:57507741:T:C	0.5353	0.4647	0.01291	0.0116449273717938	True
sbp	SBP	4:156532220:C:T	0.06643	0.06643	0.0259	0.0218993611564807	True
sbp	SBP	4:135696800:A:G	0.5484	0.4516	0.01296	0.0116814201249826	True
sbp	SBP	4:159834474:G:A	0.891	0.10899999999999999	0.02066	0.0179816556420454	False
sbp	SBP	4:96097349:A:G	0.4069	0.4069	0.01306	0.0117568636448039	True
sbp	SBP	5:32829975:C:G	0.5966	0.4034	0.04815	0.0478800981247511	True
sbp	SBP	5:32713108:G:C	0.6069	0.3931	0.03858	0.0379271239625397	True
sbp	SBP	5:157824481:A:G	0.6311	0.3689	0.02639	0.0253645081348786	False
sbp	SBP	5:122471989:T:C	0.3851	0.3851	0.02458	0.0235462975833649	True
sbp	SBP	5:158267974:A:C	0.3915	0.3915	0.02435	0.0233239111661969	True
sbp	SBP	5:127857493:A:G	0.3942	0.3942	0.02395	0.0229181396193202	True
sbp	SBP	5:157982756:T:G	0.3024	0.3024	0.02474	0.0235779893334965	True
sbp	SBP	5:87328066:C:T	0.8233	0.17669999999999997	0.02735	0.0256956940486978	False
sbp	SBP	5:122596276:G:A	0.5671	0.43289999999999995	0.02034	0.0193229672451515	True
sbp	SBP	5:32932459:G:A	0.7571	0.2429	0.02266	0.021277176493638	True
sbp	SBP	5:148363811:A:G	0.8159	0.18410000000000004	0.02394	0.0223039585149368	True
sbp	SBP	5:157494859:C:T	0.3031	0.3031	0.02001	0.0188120008813407	True
sbp	SBP	5:158470063:T:C	0.5452	0.4548	0.0179	0.0168674569171338	True
sbp	SBP	5:61941653:G:A	0.06622	0.06622	0.03499	0.0316596813733123	True
sbp	SBP	5:114396550:C:G	0.4913	0.4913	0.01708	0.0160341134359947	True
sbp	SBP	5:55868097:C:T	0.2851	0.2851	0.01907	0.0177837322983255	True
sbp	SBP	5:157613034:T:C	0.96551	0.03449000000000002	0.04645	0.0430997265078433	False
sbp	SBP	5:77882060:T:C	0.5309	0.46909999999999996	0.01654	0.015500070449988	True
sbp	SBP	5:173356752:G:C	0.6983	0.30169999999999997	0.01784	0.0166212326385875	True
sbp	SBP	5:148069705:T:C	0.7721	0.2279	0.01927	0.0178176843074223	True
sbp	SBP	5:158111657:G:A	0.2019	0.2019	0.02012	0.018533607704351	True
sbp	SBP	5:107422495:C:T	0.8284	0.17159999999999997	0.02119	0.0194224744080014	True
sbp	SBP	5:33156969:C:T	0.3682	0.3682	0.01654	0.0154213858867738	True
sbp	SBP	5:53274467:G:A	0.6929	0.30710000000000004	0.01716	0.0159349802092142	False
sbp	SBP	5:1279790:C:T	0.2574	0.2574	0.01792	0.0165768092635772	True
sbp	SBP	5:68006046:T:G	0.2919	0.2919	0.01753	0.0162366566638985	True
sbp	SBP	5:179499103:T:C	0.8809	0.11909999999999998	0.02412	0.0216970675826114	False
sbp	SBP	5:141752054:T:G	0.7886	0.21140000000000003	0.01954	0.017870736421508	False
sbp	SBP	5:111700982:C:T	0.8768	0.12319999999999998	0.02384	0.0214136687688234	True
sbp	SBP	5:57145774:G:A	0.6223	0.37770000000000004	0.01564	0.0145019399741524	True
sbp	SBP	5:122702011:A:G	0.7304	0.26959999999999995	0.01672	0.0153889911202588	True
sbp	SBP	5:72636586:C:T	0.09627	0.09627	0.02478	0.021959075287105	True
sbp	SBP	5:57754005:G:A	0.3639	0.3639	0.01515	0.0139742703683766	True
sbp	SBP	5:96182717:G:A	0.6728	0.32720000000000005	0.01554	0.014306404467145	True
sbp	SBP	5:108179863:A:G	0.7622	0.2378	0.01709	0.0156200224133368	False
sbp	SBP	5:147842353:T:C	0.5805	0.4195	0.01416	0.0129992877337807	True
sbp	SBP	5:33260942:T:C	0.421	0.421	0.01418	0.0130138819110235	True
sbp	SBP	5:88725048:G:A	0.2541	0.2541	0.0158	0.0143669600955985	True
sbp	SBP	5:111101027:C:A	0.6437	0.35629999999999995	0.01432	0.0130774698696918	True
sbp	SBP	5:71878401:G:A	0.3231	0.3231	0.01457	0.0132699974572641	True
sbp	SBP	5:88042019:G:A	0.1243	0.1243	0.02053	0.018178547347257	True
sbp	SBP	5:168311029:T:C	0.1163	0.1163	0.02077	0.0182818558518079	True
sbp	SBP	5:90229807:G:A	0.2249	0.2249	0.01591	0.0143444004809991	True
sbp	SBP	5:63857250:G:A	0.7617	0.23829999999999996	0.01547	0.0139474442202354	True
sbp	SBP	5:56755883:T:C	0.2963	0.2963	0.01449	0.013104523000741	True
sbp	SBP	5:55693501:T:C	0.3595	0.3595	0.01362	0.012312033266731	True
sbp	SBP	5:50847577:A:G	0.4882	0.4882	0.013	0.0117429079101176	True
sbp	SBP	5:142521025:C:T	0.5732	0.42679999999999996	0.01389	0.0125224790334419	True
sbp	SBP	5:96344592:G:A	0.9727	0.02729999999999999	0.04053	0.0332113328678233	False
sbp	SBP	5:33411769:G:C	0.7431	0.2569	0.01489	0.0133766606654245	True
sbp	SBP	5:58172533:C:T	0.2942	0.2942	0.01433	0.0128951653709541	True
sbp	SBP	6:127155711:C:T	0.4369	0.4369	0.03736	0.0366746459202298	True
sbp	SBP	6:151004770:G:C	0.92889	0.07111	0.06137	0.0607309623856217	True
sbp	SBP	6:43348512:A:G	0.3198	0.3198	0.02305	0.021921193369196	True
sbp	SBP	6:97066242:C:T	0.1897	0.1897	0.02606	0.0244917650835136	True
sbp	SBP	6:159693220:C:T	0.1403	0.1403	0.02822	0.0262694923259341	True
sbp	SBP	6:79762172:G:A	0.4882	0.4882	0.01945	0.0184372896897506	True
sbp	SBP	6:22392260:A:G	0.7214	0.27859999999999996	0.02094	0.0196945168396393	True
sbp	SBP	6:98312143:T:G	0.5337	0.46630000000000005	0.01881	0.0177834643267402	True
sbp	SBP	6:166178418:A:G	0.9369	0.06310000000000004	0.03736	0.0341283141586983	True
sbp	SBP	6:22136160:C:T	0.4476	0.4476	0.01766	0.0166224583665653	True
sbp	SBP	6:79393536:C:T	0.7986	0.20140000000000002	0.02155	0.0199913925436252	True
sbp	SBP	6:126792095:A:G	0.773	0.22699999999999998	0.0206	0.0191562768851501	True
sbp	SBP	6:57749349:A:G	0.5893	0.41069999999999995	0.01663	0.0155532797777831	True
sbp	SBP	6:56076740:C:A	0.4565	0.4565	0.01617	0.0151175550521114	True
sbp	SBP	6:62064508:A:G	0.6149	0.3851	0.01657	0.0154597298451413	True
sbp	SBP	6:152316318:G:A	0.1046	0.1046	0.02604	0.0234400575138568	True
sbp	SBP	6:55914850:A:T	0.1391	0.1391	0.02255	0.0204564451139574	True
sbp	SBP	6:20673880:T:C	0.2624	0.2624	0.01753	0.0161918170863245	True
sbp	SBP	6:137693167:G:A	0.3675	0.3675	0.01581	0.0146469061986527	True
sbp	SBP	6:140301480:G:T	0.1441	0.1441	0.02122	0.0191587169582771	True
sbp	SBP	6:160395632:A:G	0.3081	0.3081	0.01597	0.0147249602873144	True
sbp	SBP	6:73661010:G:C	0.2005	0.2005	0.01834	0.0167371463609525	False
sbp	SBP	6:12903957:A:G	0.5949	0.4051	0.01481	0.0136729712681966	True
sbp	SBP	6:147699123:C:A	0.4236	0.4236	0.01467	0.013539216059396	True
sbp	SBP	6:50571699:C:T	0.2873	0.2873	0.01598	0.0146604010558739	True
sbp	SBP	6:143180726:T:C	0.8231	0.17689999999999995	0.01882	0.0170464095782075	False
sbp	SBP	6:1679715:G:A	0.3357	0.3357	0.01505	0.0138176801970898	True
sbp	SBP	6:85305601:G:T	0.898	0.10199999999999998	0.0236	0.0208341557180569	True
sbp	SBP	6:161707111:T:A	0.2073	0.2073	0.01734	0.0156971636887642	False
sbp	SBP	6:151910126:T:G	0.3977	0.3977	0.01405	0.0128364016974946	True
sbp	SBP	6:107332591:C:T	0.95815	0.041850000000000054	0.03446	0.0289162720824074	False
sbp	SBP	6:21171843:A:G	0.8134	0.1866	0.01754	0.0157771580422434	True
sbp	SBP	6:39181776:T:C	0.2586	0.2586	0.01553	0.0140922282614136	True
sbp	SBP	6:152107335:G:T	0.91341	0.08658999999999994	0.02422	0.0210189031776238	False
sbp	SBP	6:51611470:T:C	0.1362	0.1362	0.01963	0.017443732036798	True
sbp	SBP	6:43201977:G:C	0.4726	0.4726	0.01362	0.0124120781793531	True
sbp	SBP	6:117919375:T:A	0.5226	0.47740000000000005	0.0136	0.0123925111719186	False
sbp	SBP	6:127373182:T:C	0.95459	0.04540999999999995	0.03256	0.0272052703491204	False
sbp	SBP	6:134226147:T:C	0.5895	0.4105	0.01368	0.0124495107871943	True
sbp	SBP	6:114120860:G:C	0.809	0.19099999999999995	0.01713	0.015387974328756	False
sbp	SBP	6:50971996:A:T	0.4458	0.4458	0.01361	0.0123696137919494	False
sbp	SBP	6:131226615:G:A	0.5242	0.4758	0.01337	0.0121566244697838	True
sbp	SBP	6:98864535:C:T	0.36	0.36	0.01399	0.0126677946267556	False
sbp	SBP	6:98102697:T:C	0.0244	0.0244	0.04271	0.0355963573975506	False
sbp	SBP	6:13475669:C:T	0.74	0.26	0.01504	0.0135632289804599	False
sbp	SBP	6:126223032:G:A	0.5633	0.4367	0.01317	0.0119239990748883	True
sbp	SBP	6:16324322:A:G	0.404	0.404	0.0133	0.0120318262861601	True
sbp	SBP	6:50811115:A:T	0.8867	0.11329999999999996	0.02057	0.017999879110509	False
sbp	SBP	6:109619697:T:C	0.4773	0.4773	0.01303	0.011782135546162	True
sbp	SBP	6:22547406:A:G	0.92045	0.07955000000000001	0.02419	0.0207326666434304	False
sbp	SBP	6:118586487:T:C	0.07695	0.07695	0.02439	0.0208443857843522	True
sbp	SBP	6:122193876:A:G	0.90301	0.09699000000000002	0.02202	0.0190756712220906	True
sbp	SBP	6:144316293:T:C	0.07989	0.07989	0.02386	0.0204124028741884	True
sbp	SBP	6:118044097:C:T	0.8428	0.1572	0.0177	0.0156717348874722	True
sbp	SBP	6:169633335:T:C	0.5069	0.4931	0.01283	0.0115552801650662	True
sbp	SBP	6:160551093:T:G	0.06036	0.06036	0.02697	0.0226262228679194	True
sbp	SBP	7:106412082:G:A	0.1973	0.1973	0.05692	0.0566442571040873	True
sbp	SBP	7:27243221:C:T	0.9257	0.07430000000000003	0.06211	0.0615013495549335	True
sbp	SBP	7:151413124:T:C	0.2826	0.2826	0.0285	0.0273454804498196	False
sbp	SBP	7:150704843:G:A	0.6805	0.3195	0.0276	0.0264902239511668	True
sbp	SBP	7:92243719:C:T	0.702	0.29800000000000004	0.02734	0.0262047495575846	True
sbp	SBP	7:19049388:G:A	0.1517	0.1517	0.03456	0.0329896361140934	True
sbp	SBP	7:130973495:C:T	0.6014	0.39859999999999995	0.0234	0.0223733071127813	True
sbp	SBP	7:2529623:C:T	0.3348	0.3348	0.0242	0.0231035476972055	True
sbp	SBP	7:1195692:A:G	0.96855	0.03144999999999998	0.06426	0.0628579522599151	False
sbp	SBP	7:131191609:A:G	0.4138	0.4138	0.02251	0.0214780368260035	True
sbp	SBP	7:139439007:A:G	0.8076	0.19240000000000002	0.02711	0.0255810785051936	True
sbp	SBP	7:45959917:G:A	0.4139	0.4139	0.02039	0.0193523855411696	True
sbp	SBP	7:1967887:C:T	0.3714	0.3714	0.01989	0.0188073657234591	False
sbp	SBP	7:40417925:A:G	0.8939	0.10609999999999997	0.02948	0.0270256217061925	True
sbp	SBP	7:71585705:A:C	0.6393	0.3607	0.01792	0.0167944172054854	True
sbp	SBP	7:75094545:A:C	0.5622	0.43779999999999997	0.01715	0.0160995166258705	False
sbp	SBP	7:134221694:G:A	0.5656	0.4344	0.01688	0.0158147803148847	True
sbp	SBP	7:71429308:A:G	0.8385	0.16149999999999998	0.02267	0.0208067761185355	True
sbp	SBP	7:90410872:A:G	0.5328	0.46719999999999995	0.01712	0.0159857284497267	True
sbp	SBP	7:27350607:A:G	0.09959	0.09959	0.02697	0.0242654665383162	True
sbp	SBP	7:7264082:A:G	0.159	0.159	0.02189	0.0200229510364274	True
sbp	SBP	7:130434526:T:C	0.5065	0.49350000000000005	0.01592	0.0148647309286418	True
sbp	SBP	7:22156538:C:G	0.305	0.305	0.01729	0.0160401694364571	True
sbp	SBP	7:131361319:A:G	0.2635	0.2635	0.01764	0.0163093109792523	False
sbp	SBP	7:24590331:A:G	0.811	0.18899999999999995	0.01984	0.0181566314552953	True
sbp	SBP	7:27566315:T:A	0.4492	0.4492	0.01538	0.014292756612135	True
sbp	SBP	7:69719408:A:G	0.2585	0.2585	0.01735	0.0159939685567882	True
sbp	SBP	7:155528436:C:T	0.197	0.197	0.01911	0.0174495308170383	False
sbp	SBP	7:150598440:T:C	0.5663	0.4337	0.01506	0.0139608738250247	True
sbp	SBP	7:22766433:T:A	0.4205	0.4205	0.01493	0.0138068131036353	False
sbp	SBP	7:155744252:C:G	0.6742	0.3258	0.01581	0.014572771669174	True
sbp	SBP	7:139589673:A:G	0.93568	0.06432000000000004	0.03011	0.0261645965511178	False
sbp	SBP	7:129710488:C:T	0.98371	0.016290000000000027	0.05774	0.0535487203401672	True
sbp	SBP	7:12717578:C:G	0.2479	0.2479	0.01679	0.0153723834058639	True
sbp	SBP	7:987356:G:A	0.7824	0.21760000000000002	0.0178	0.0162206195217981	True
sbp	SBP	7:74239332:T:C	0.1763	0.1763	0.01935	0.0175034435369741	False
sbp	SBP	7:91537151:T:A	0.4717	0.4717	0.01477	0.013604332125792	True
sbp	SBP	7:56055286:C:A	0.1443	0.1443	0.02044	0.0183433975652777	False
sbp	SBP	7:149476324:G:A	0.07216	0.07216	0.02746	0.0238500564487075	True
sbp	SBP	7:28658522:A:G	0.393	0.393	0.01448	0.0132910043064095	True
sbp	SBP	7:134084185:T:A	0.2515	0.2515	0.01631	0.0148417575349302	True
sbp	SBP	7:92600288:T:G	0.94991	0.05008999999999997	0.03271	0.0277379054149764	False
sbp	SBP	7:116228454:C:T	0.08119	0.08119	0.02553	0.0221974790847971	True
sbp	SBP	7:69335434:A:T	0.05345	0.05345	0.03027	0.0256259544150675	False
sbp	SBP	7:114692243:C:A	0.5454	0.4546	0.01413	0.0128672465767612	False
sbp	SBP	7:16727529:T:C	0.1698	0.1698	0.01765	0.0157764039663108	True
sbp	SBP	7:26557868:C:A	0.2682	0.2682	0.01502	0.0135767750598804	True
sbp	SBP	7:36278111:C:T	0.01017	0.01017	0.06596	0.0600048278530221	False
sbp	SBP	7:45162209:G:A	0.4458	0.4458	0.01319	0.0119438442073553	True
sbp	SBP	7:96420684:C:A	0.5821	0.41790000000000005	0.01324	0.0119802850179804	True
sbp	SBP	7:14368444:T:A	0.6829	0.31710000000000005	0.01396	0.0125869884005529	True
sbp	SBP	7:47563701:G:A	0.247	0.247	0.0151	0.0135454347473661	True
sbp	SBP	7:127688150:A:G	0.6823	0.3177	0.01379	0.0124039551127908	True
sbp	SBP	7:92367869:C:T	0.1677	0.1677	0.01741	0.0154298115089887	False
sbp	SBP	7:98965615:G:A	0.93056	0.06943999999999995	0.02555	0.0215901165564249	True
sbp	SBP	8:10640065:C:G	0.4037	0.4037	0.03275	0.0318679468874516	True
sbp	SBP	8:8729761:G:C	0.4609	0.4609	0.02867	0.027726159868223	True
sbp	SBP	8:25900405:G:T	0.7639	0.23609999999999998	0.02816	0.0268577384503037	True
sbp	SBP	8:51947549:C:T	0.1705	0.1705	0.02977	0.0281290672404486	True
sbp	SBP	8:81386171:C:T	0.7998	0.20020000000000004	0.02658	0.0250760131469168	True
sbp	SBP	8:11697452:C:T	0.1445	0.1445	0.0305	0.0285750637304824	True
sbp	SBP	8:120358445:C:T	0.1853	0.1853	0.02496	0.0233517039841528	True
sbp	SBP	8:95263273:C:T	0.1244	0.1244	0.0274	0.0252095079867658	True
sbp	SBP	8:76713409:C:A	0.5758	0.4242	0.01755	0.0164923305687133	True
sbp	SBP	8:77246394:C:T	0.5672	0.43279999999999996	0.0171	0.0160452149807076	True
sbp	SBP	8:144059713:T:C	0.4596	0.4596	0.01682	0.0157779222432193	False
sbp	SBP	8:82777716:G:A	0.7485	0.25149999999999995	0.01936	0.0180046730375406	True
sbp	SBP	8:6360289:G:T	0.96429	0.03571000000000002	0.04412	0.0402612829112966	False
sbp	SBP	8:142367246:G:A	0.95988	0.040120000000000045	0.04135	0.0370600352359908	False
sbp	SBP	8:105978368:T:A	0.8987	0.10129999999999995	0.02654	0.0238331160076114	True
sbp	SBP	8:135611317:C:T	0.9674	0.03259999999999996	0.04434	0.0400649702481779	True
sbp	SBP	8:64501744:A:C	0.6382	0.3618	0.01629	0.0151470584929379	True
sbp	SBP	8:102750597:C:T	0.95607	0.043930000000000025	0.0381	0.0334798184009395	False
sbp	SBP	8:42324765:T:C	0.4508	0.4508	0.01535	0.0142717499408413	True
sbp	SBP	8:140797139:G:A	0.97971	0.02029000000000003	0.05383	0.0499332528619509	False
sbp	SBP	8:141119151:G:A	0.29	0.29	0.01673	0.015451794926439	True
sbp	SBP	8:15075056:T:C	0.07111	0.07111	0.02881	0.0251526601894021	True
sbp	SBP	8:22331874:T:G	0.1902	0.1902	0.01877	0.017081815237952	True
sbp	SBP	8:110087249:G:A	0.3933	0.3933	0.01495	0.0138074461535626	True
sbp	SBP	8:141706117:T:C	0.4925	0.4925	0.01456	0.0134489130223222	True
sbp	SBP	8:22228970:G:A	0.5421	0.4579	0.01454	0.0134046764769858	False
sbp	SBP	8:142247539:T:G	0.4352	0.4352	0.01444	0.0133015977480258	True
sbp	SBP	8:101675872:G:A	0.6986	0.3014	0.0156	0.0143089359905872	True
sbp	SBP	8:26264116:C:A	0.233	0.233	0.01692	0.015424046330675	False
sbp	SBP	8:129170126:C:G	0.6668	0.33320000000000005	0.01491	0.0136610171071607	True
sbp	SBP	8:26382839:C:T	0.1732	0.1732	0.01838	0.0165496420356611	True
sbp	SBP	8:89342944:T:C	0.603	0.397	0.01414	0.0129401060392967	True
sbp	SBP	8:1724307:C:T	0.705	0.29500000000000004	0.01516	0.0138258407602384	False
sbp	SBP	8:26013917:G:A	0.7349	0.2651	0.01555	0.0141431025224873	True
sbp	SBP	8:68921136:T:G	0.2971	0.2971	0.01478	0.0134413337152638	True
sbp	SBP	8:64124094:C:A	0.96759	0.03241000000000005	0.03785	0.0313573652737418	False
sbp	SBP	8:22074385:A:C	0.95092	0.04908000000000001	0.03049	0.0253737814612625	True
sbp	SBP	8:77588716:A:G	0.8261	0.17390000000000005	0.0173	0.0154211178456397	True
sbp	SBP	8:105715692:G:T	0.90157	0.09843000000000002	0.02194	0.0190335517794718	False
sbp	SBP	8:140923682:C:T	0.8332	0.16679999999999995	0.01731	0.0153800270905074	True
sbp	SBP	8:102894407:G:A	0.7635	0.23650000000000004	0.01518	0.0136179013010307	True
sbp	SBP	8:145562032:G:A	0.6257	0.37429999999999997	0.01385	0.0124724483210099	True
sbp	SBP	8:106656381:A:G	0.7937	0.20630000000000004	0.01607	0.0143580640633381	True
sbp	SBP	8:106355197:C:G	0.1568	0.1568	0.0177	0.0156789272838162	True
sbp	SBP	8:30879207:G:T	0.4424	0.4424	0.01294	0.0116464175824288	True
sbp	SBP	9:113250200:G:T	0.03479	0.03479	0.05612	0.054533051361172	False
sbp	SBP	9:127856566:A:G	0.1347	0.1347	0.02918	0.0271815542748125	True
sbp	SBP	9:128139084:C:T	0.5693	0.43069999999999997	0.01934	0.0183115511188615	True
sbp	SBP	9:116695205:G:A	0.4469	0.4469	0.01646	0.0154009695142513	True
sbp	SBP	9:35906471:C:T	0.7954	0.2046	0.02098	0.0193213032080068	False
sbp	SBP	9:136522274:C:T	0.92593	0.07406999999999997	0.03022	0.0268524682249014	False
sbp	SBP	9:34420287:T:C	0.2639	0.2639	0.01775	0.0164255864233854	False
sbp	SBP	9:9343174:A:C	0.3548	0.3548	0.01642	0.0152702574765059	True
sbp	SBP	9:127182293:C:G	0.6129	0.3871	0.01613	0.0150137773494919	True
sbp	SBP	9:139520789:A:G	0.4058	0.4058	0.01593	0.0148232900964968	True
sbp	SBP	9:150415:C:G	0.2843	0.2843	0.01774	0.0162987498743546	False
sbp	SBP	9:37127678:C:T	0.6486	0.35140000000000005	0.0157	0.0145288294151173	True
sbp	SBP	9:116298593:G:A	0.9264	0.0736	0.02861	0.0249641173273462	True
sbp	SBP	9:124888848:G:A	0.93479	0.06520999999999999	0.02961	0.0256726603829417	True
sbp	SBP	9:2196566:G:A	0.7451	0.2549	0.01635	0.0149015753997459	True
sbp	SBP	9:112355892:A:G	0.8545	0.14549999999999996	0.01981	0.0177398555387106	False
sbp	SBP	9:14614837:G:A	0.4006	0.4006	0.01423	0.0130456300052518	True
sbp	SBP	9:82576277:A:G	0.1298	0.1298	0.02105	0.0187297996696309	False
sbp	SBP	9:109819518:A:T	0.01373	0.01373	0.05995	0.0550486431125384	True
sbp	SBP	9:116941019:C:T	0.4122	0.4122	0.01411	0.0129265934245261	True
sbp	SBP	9:19370718:T:C	0.08895	0.08895	0.02421	0.0211432383348565	True
sbp	SBP	9:131940019:G:A	0.6847	0.3153	0.01477	0.0134758101993325	True
sbp	SBP	9:89867787:A:G	0.7078	0.2922	0.0153	0.0139243673468447	True
sbp	SBP	9:38122772:T:C	0.2787	0.2787	0.01501	0.0136132393585851	True
sbp	SBP	9:33877795:C:T	0.1033	0.1033	0.02211	0.0193614841243902	False
sbp	SBP	9:34608286:T:C	0.0246	0.0246	0.04321	0.0364585687218134	False
sbp	SBP	9:74566426:T:C	0.155	0.155	0.01863	0.0165873661782328	True
sbp	SBP	9:112757346:A:G	0.8048	0.19520000000000004	0.01644	0.0147040387244708	True
sbp	SBP	9:14502969:A:G	0.92061	0.07938999999999996	0.02417	0.0207151343394872	True
sbp	SBP	9:81821273:C:A	0.6272	0.3728	0.0135	0.0121884389847535	True
sbp	SBP	9:4102443:T:C	0.782	0.21799999999999997	0.01564	0.0140094523304002	True
sbp	SBP	9:129224687:A:G	0.3032	0.3032	0.01406	0.0126523665678214	True
sbp	SBP	9:112583554:A:G	0.6619	0.33809999999999996	0.01362	0.0122678217543326	True
sbp	SBP	10:18727959:C:G	0.7021	0.29790000000000005	0.04172	0.0411471938271527	True
sbp	SBP	10:63515681:T:G	0.8545	0.14549999999999996	0.04913	0.0486193419284859	True
sbp	SBP	10:96038686:G:A	0.5676	0.4324	0.03464	0.0338368084276205	True
sbp	SBP	10:104897901:T:C	0.92367	0.07633000000000001	0.06344	0.06285444166549	True
sbp	SBP	10:95900004:A:G	0.4219	0.4219	0.02963	0.0286902063834435	True
sbp	SBP	10:115781527:T:C	0.7218	0.2782	0.02877	0.027611866130965	True
sbp	SBP	10:18451836:A:G	0.4136	0.4136	0.02505	0.0240483133419468	True
sbp	SBP	10:64564934:C:G	0.5542	0.4458	0.02396	0.0229641728079006	True
sbp	SBP	10:102552752:G:T	0.8883	0.11170000000000002	0.03759	0.0358053916381492	False
sbp	SBP	10:106285359:T:C	0.01019	0.01019	0.1108	0.107630342984903	False
sbp	SBP	10:95743087:A:G	0.07466	0.07466	0.04074	0.0385231359818119	False
sbp	SBP	10:105639611:T:C	0.4928	0.4928	0.01988	0.0188715151864014	True
sbp	SBP	10:75822074:C:T	0.5415	0.4585	0.01929	0.018265542549842	True
sbp	SBP	10:63405810:A:T	0.5827	0.4173	0.01942	0.018381624885289	True
sbp	SBP	10:122968964:G:A	0.3107	0.3107	0.02026	0.0190869492938601	True
sbp	SBP	10:134477720:A:G	0.1152	0.1152	0.029	0.0266766021015693	False
sbp	SBP	10:106040417:T:C	0.0111	0.0111	0.08407	0.0803523917606394	False
sbp	SBP	10:60365755:A:G	0.5497	0.45030000000000003	0.01745	0.016400317425328	True
sbp	SBP	10:124205304:A:G	0.1147	0.1147	0.02708	0.0247071505997882	False
sbp	SBP	10:48411796:G:T	0.8849	0.11509999999999998	0.02682	0.0244589643108553	True
sbp	SBP	10:115918168:T:C	0.07446	0.07446	0.0324	0.0291878949219249	True
sbp	SBP	10:28245420:A:G	0.4566	0.4566	0.01684	0.0158018731503403	True
sbp	SBP	10:82057988:G:A	0.601	0.399	0.01701	0.0159280484270013	True
sbp	SBP	10:64438271:A:G	0.666	0.33399999999999996	0.01751	0.0163546366100728	True
sbp	SBP	10:63190186:C:A	0.91181	0.08818999999999999	0.02891	0.0258747845475034	False
sbp	SBP	10:75421648:G:A	0.1521	0.1521	0.02206	0.0201212205777645	True
sbp	SBP	10:89614816:C:T	0.04153	0.04153	0.04003	0.0355039972322899	False
sbp	SBP	10:97262541:T:C	0.2208	0.2208	0.01886	0.0173405288495842	False
sbp	SBP	10:21879084:C:G	0.4891	0.4891	0.01537	0.0142994820348798	True
sbp	SBP	10:102075479:G:A	0.169	0.169	0.02044	0.0186435715342851	True
sbp	SBP	10:18351061:C:T	0.1037	0.1037	0.02526	0.0225998618935613	True
sbp	SBP	10:18592450:A:T	0.7918	0.20820000000000005	0.01895	0.0173299941161079	False
sbp	SBP	10:123078287:T:C	0.96566	0.03434000000000004	0.04142	0.0363865519253447	True
sbp	SBP	10:32094004:T:C	0.2971	0.2971	0.0164	0.0151365413285881	True
sbp	SBP	10:133772323:C:T	0.3509	0.3509	0.01566	0.0144778476327635	False
sbp	SBP	10:94450233:G:T	0.5648	0.43520000000000003	0.01472	0.0136018242944695	True
sbp	SBP	10:65345851:A:G	0.3118	0.3118	0.01574	0.0144878456399128	True
sbp	SBP	10:69554894:G:C	0.3881	0.3881	0.01471	0.0135339907049114	True
sbp	SBP	10:121708332:G:A	0.1872	0.1872	0.01809	0.0163721775783334	True
sbp	SBP	10:4122083:C:T	0.92501	0.07499	0.02663	0.0231235934583096	True
sbp	SBP	10:53669346:G:A	0.1783	0.1783	0.01818	0.0164043654796741	True
sbp	SBP	10:12244079:G:A	0.3361	0.3361	0.01478	0.0135104743626454	True
sbp	SBP	10:95588556:C:T	0.01079	0.01079	0.07092	0.0657022739088811	False
sbp	SBP	10:118507219:A:C	0.6076	0.39239999999999997	0.01392	0.0126859239886497	True
sbp	SBP	10:65614645:A:G	0.94997	0.05003000000000002	0.03204	0.0268139992754713	False
sbp	SBP	10:130823467:T:C	0.3187	0.3187	0.01439	0.013067057922493	True
sbp	SBP	10:121373944:A:G	0.5345	0.4655	0.0134	0.0121848995743418	True
sbp	SBP	10:105532165:A:C	0.2923	0.2923	0.01452	0.0131425301891147	True
sbp	SBP	10:134257029:A:C	0.98915	0.010850000000000026	0.07021	0.0640006416574081	False
sbp	SBP	10:62920341:C:T	0.08882	0.08882	0.02312	0.0199565443080539	True
sbp	SBP	10:17052261:C:T	0.90188	0.09811999999999999	0.02165	0.0187729264714412	True
sbp	SBP	10:63822384:G:A	0.6339	0.3661	0.01341	0.0120614417142062	True
sbp	SBP	10:45374098:T:C	0.2884	0.2884	0.01434	0.012862421472367	True
sbp	SBP	11:100610546:T:C	0.7244	0.27559999999999996	0.04673	0.0463526749013361	True
sbp	SBP	11:1887216:T:C	0.5828	0.4172	0.03826	0.0376029002838079	True
sbp	SBP	11:47676170:A:G	0.5062	0.4938	0.0303	0.0293963818226726	True
sbp	SBP	11:107096777:A:G	0.4834	0.4834	0.02936	0.0284381603537942	True
sbp	SBP	11:47901269:C:T	0.8603	0.13970000000000005	0.03898	0.0376752620245424	True
sbp	SBP	11:16310895:C:T	0.2075	0.2075	0.03087	0.0295057037007096	True
sbp	SBP	11:10275120:T:C	0.1837	0.1837	0.03205	0.0305963211997367	True
sbp	SBP	11:2015835:C:T	0.2513	0.2513	0.02835	0.0270961869473022	True
sbp	SBP	11:9762274:T:C	0.5771	0.42290000000000005	0.02356	0.0225568641186493	True
sbp	SBP	11:130273230:A:T	0.3719	0.3719	0.02224	0.0211831140967559	True
sbp	SBP	11:9953750:C:T	0.90012	0.09987999999999997	0.03593	0.0337563969027761	True
sbp	SBP	11:61278246:T:C	0.8847	0.11529999999999996	0.03344	0.0313347427689291	True
sbp	SBP	11:17372443:C:A	0.382	0.382	0.02152	0.0204651670980186	True
sbp	SBP	11:51492274:T:C	0.8213	0.17869999999999997	0.02671	0.02508020398897	True
sbp	SBP	11:55213614:C:T	0.8705	0.12949999999999995	0.03002	0.0279874960628172	True
sbp	SBP	11:65405600:G:T	0.7933	0.2067	0.02481	0.0233257548232157	True
sbp	SBP	11:13288851:T:A	0.569	0.43100000000000005	0.01893	0.0178956165267554	True
sbp	SBP	11:58413910:T:C	0.759	0.241	0.02179	0.0204271162317882	True
sbp	SBP	11:22515504:T:A	0.06362	0.06362	0.03795	0.0348815810000526	False
sbp	SBP	11:100718637:C:T	0.8089	0.19110000000000005	0.02306	0.0214552065901986	True
sbp	SBP	11:112843616:A:G	0.6135	0.38649999999999995	0.01852	0.0174472913959984	True
sbp	SBP	11:1702117:G:T	0.98324	0.016759999999999997	0.06779	0.0651332950624705	False
sbp	SBP	11:30443248:G:A	0.1947	0.1947	0.02174	0.0201402883241216	True
sbp	SBP	11:111668256:A:C	0.2794	0.2794	0.01902	0.0177588677296594	True
sbp	SBP	11:46315579:T:C	0.98554	0.014460000000000028	0.07441	0.0711461375816515	False
sbp	SBP	11:122527212:G:C	0.12	0.12	0.02493	0.0226145434715187	True
sbp	SBP	11:57452543:G:A	0.6698	0.33020000000000005	0.01719	0.0160161635387385	True
sbp	SBP	11:835878:G:A	0.9835	0.01649999999999996	0.06527	0.0621618828777813	False
sbp	SBP	11:69825414:A:G	0.91086	0.08914	0.02823	0.0252870890958146	True
sbp	SBP	11:130468740:T:C	0.6716	0.3284	0.01643	0.0152422948901449	True
sbp	SBP	11:118266523:C:T	0.9735	0.026499999999999968	0.04875	0.0445407621242551	False
sbp	SBP	11:46185344:G:A	0.4588	0.4588	0.01533	0.0142600630619502	True
sbp	SBP	11:32451920:T:G	0.3589	0.3589	0.01592	0.0147419637094457	True
sbp	SBP	11:31128721:G:T	0.634	0.366	0.0157	0.0145465269835806	True
sbp	SBP	11:10679441:T:C	0.3344	0.3344	0.01592	0.0147263175989232	True
sbp	SBP	11:116859453:T:C	0.1068	0.1068	0.02433	0.0217201742879836	True
sbp	SBP	11:43721500:T:C	0.5321	0.4679	0.01498	0.0138918170786338	True
sbp	SBP	11:46447589:C:A	0.1126	0.1126	0.02353	0.0210419350016742	False
sbp	SBP	11:8648403:G:A	0.1093	0.1093	0.02403	0.0214438041059165	True
sbp	SBP	11:65661291:C:T	0.2004	0.2004	0.01856	0.0169405277001019	True
sbp	SBP	11:16926732:G:C	0.1345	0.1345	0.02136	0.0191959589159528	True
sbp	SBP	11:120067082:G:A	0.5686	0.4314	0.01486	0.0137191811638572	True
sbp	SBP	11:45351420:C:T	0.8407	0.1593	0.01999	0.0180699880077605	False
sbp	SBP	11:104702860:G:A	0.7935	0.20650000000000002	0.01794	0.016347223475976	True
sbp	SBP	11:27270081:G:A	0.6643	0.3357	0.01533	0.014116119857254	True
sbp	SBP	11:120302729:C:T	0.8607	0.13929999999999998	0.02053	0.0184082375698938	True
sbp	SBP	11:76127214:T:C	0.3454	0.3454	0.01496	0.0137371156534583	True
sbp	SBP	11:43595031:A:C	0.90967	0.09033000000000002	0.02478	0.021762815186886	True
sbp	SBP	11:44018822:C:T	0.91711	0.08289000000000002	0.02574	0.0225091302386051	True
sbp	SBP	11:30754837:G:A	0.0383	0.0383	0.03684	0.0313442918483609	False
sbp	SBP	11:133388513:T:G	0.8263	0.17369999999999997	0.0187	0.0168869313555708	False
sbp	SBP	11:65225762:C:G	0.97637	0.02363000000000004	0.04792	0.042342345259091	False
sbp	SBP	11:8243798:A:G	0.5389	0.46109999999999995	0.01411	0.0129673395858167	True
sbp	SBP	11:8413933:G:A	0.93911	0.06089	0.02915	0.0250016327380105	False
sbp	SBP	11:69257221:A:G	0.5259	0.47409999999999997	0.01391	0.0127487423699735	True
sbp	SBP	11:63706441:G:A	0.4748	0.4748	0.01416	0.0129665033967069	False
sbp	SBP	11:100833059:A:G	0.7434	0.25660000000000005	0.01577	0.0143485539705911	True
sbp	SBP	11:936097:T:C	0.6351	0.3649	0.01432	0.0130883007318078	False
sbp	SBP	11:131936669:G:T	0.8393	0.16069999999999995	0.01865	0.0167224517629059	True
sbp	SBP	11:25443086:T:C	0.2472	0.2472	0.01569	0.0142166932801188	False
sbp	SBP	11:117267884:A:G	0.4655	0.4655	0.01352	0.0123278355324574	True
sbp	SBP	11:69065991:G:C	0.8922	0.1078	0.02169	0.0190596847522614	True
sbp	SBP	11:128564996:T:C	0.2998	0.2998	0.01455	0.0131919542778838	True
sbp	SBP	11:16475731:G:A	0.6101	0.3899	0.01369	0.0124352573706068	True
sbp	SBP	11:9644132:G:A	0.2423	0.2423	0.01558	0.0140671370146421	False
sbp	SBP	11:91828429:A:G	0.6923	0.3077	0.01534	0.0138411254801481	True
sbp	SBP	11:14290985:C:A	0.5421	0.4579	0.01325	0.0120137350414524	False
sbp	SBP	11:89224453:A:C	0.7867	0.21330000000000005	0.01608	0.014428856150392	True
sbp	SBP	11:70762031:T:C	0.1229	0.1229	0.0201	0.017668457865014	False
sbp	SBP	11:28477733:T:A	0.5048	0.4952	0.01313	0.0118564111055577	True
sbp	SBP	11:89065714:T:C	0.97268	0.02732000000000001	0.04097	0.0336025663724561	True
sbp	SBP	11:72089530:T:C	0.02856	0.02856	0.03872	0.0314473630190883	True
sbp	SBP	11:91939857:C:T	0.4603	0.4603	0.01286	0.0115717073468568	True
sbp	SBP	12:90013089:T:C	0.8291	0.17090000000000005	0.05201	0.051641206174414	True
sbp	SBP	12:115555867:A:G	0.6173	0.38270000000000004	0.03183	0.0309029522361743	True
sbp	SBP	12:111884608:T:C	0.4823	0.4823	0.03081	0.0299154590076347	True
sbp	SBP	12:20368269:T:C	0.6572	0.3428	0.02986	0.0288378287026577	True
sbp	SBP	12:54441498:C:T	0.7026	0.2974	0.02766	0.0265288936933084	True
sbp	SBP	12:90301679:G:T	0.2771	0.2771	0.02754	0.0263496158075328	True
sbp	SBP	12:50540870:T:C	0.3711	0.3711	0.0243	0.0232588350445004	True
sbp	SBP	12:111753808:T:C	0.7861	0.21389999999999998	0.02837	0.0269804151207994	True
sbp	SBP	12:115932272:C:A	0.5802	0.41979999999999995	0.0222	0.0211794691196959	True
sbp	SBP	12:50824232:A:G	0.7813	0.2187	0.02547	0.0240582639103814	True
sbp	SBP	12:115368787:G:C	0.6988	0.3012	0.02267	0.0214992988296681	False
sbp	SBP	12:53450097:C:T	0.08371	0.08371	0.03343	0.0305879286728049	True
sbp	SBP	12:19987134:G:T	0.813	0.18700000000000006	0.02337	0.0217418662339075	True
sbp	SBP	12:12648843:A:G	0.7253	0.27470000000000006	0.01996	0.0186882620263887	True
sbp	SBP	12:48187601:C:T	0.7582	0.24180000000000001	0.02082	0.0194334707857101	False
sbp	SBP	12:27321112:A:G	0.4689	0.4689	0.0177	0.01667091172638	True
sbp	SBP	12:49209340:G:C	0.02198	0.02198	0.05932	0.0567786543616087	False
sbp	SBP	12:50338952:A:C	0.2097	0.2097	0.02051	0.0189759729766374	True
sbp	SBP	12:121891994:C:T	0.5999	0.4001	0.01682	0.0157398473296787	True
sbp	SBP	12:49943122:A:G	0.8284	0.17159999999999997	0.02178	0.020020188309301	True
sbp	SBP	12:49399132:G:C	0.0361	0.0361	0.04333	0.039269630011398	False
sbp	SBP	12:12889289:A:C	0.4324	0.4324	0.01613	0.0150547232601928	False
sbp	SBP	12:116197113:T:C	0.9006	0.09940000000000004	0.02674	0.0240034047733086	True
sbp	SBP	12:110340053:A:G	0.92531	0.07469000000000003	0.03023	0.0268443120319879	True
sbp	SBP	12:20230639:A:G	0.7995	0.2005	0.01962	0.0180403636939767	True
sbp	SBP	12:8830774:A:T	0.6861	0.31389999999999996	0.01687	0.0156296836167655	False
sbp	SBP	12:20579392:G:C	0.7957	0.20430000000000004	0.01912	0.0175396147723768	True
sbp	SBP	12:48697423:T:A	0.2157	0.2157	0.01815	0.0166271121730413	True
sbp	SBP	12:2489183:C:T	0.3513	0.3513	0.01552	0.0143353845931415	True
sbp	SBP	12:120124578:G:A	0.3206	0.3206	0.01557	0.0143256612625701	True
sbp	SBP	12:4384844:T:G	0.97922	0.02078000000000002	0.05552	0.0509437565461679	False
sbp	SBP	12:133209984:C:T	0.08491	0.08491	0.02562	0.0224133120143623	False
sbp	SBP	12:133086888:C:T	0.1085	0.1085	0.02255	0.0199201762925378	False
sbp	SBP	12:69997422:T:G	0.3409	0.3409	0.01462	0.0133709552962309	True
sbp	SBP	12:89764942:G:A	0.8033	0.19669999999999999	0.01734	0.0156685487563428	False
sbp	SBP	12:26458544:A:T	0.6623	0.3377	0.01451	0.0132465938823886	False
sbp	SBP	12:79659040:G:T	0.5674	0.4326	0.01382	0.0126279489600952	True
sbp	SBP	12:109855644:G:A	0.08249	0.08249	0.02491	0.0216043183415927	False
sbp	SBP	12:32653436:T:C	0.3931	0.3931	0.01392	0.0126908648658895	True
sbp	SBP	12:56466473:C:T	0.6515	0.34850000000000003	0.01409	0.0128122758779981	True
sbp	SBP	12:6848002:G:C	0.1017	0.1017	0.02274	0.0198199402128484	False
sbp	SBP	12:66361446:A:G	0.3662	0.3662	0.01436	0.0130061885456106	True
sbp	SBP	12:26296254:G:A	0.695	0.30500000000000005	0.01438	0.0130203538501968	True
sbp	SBP	12:107257984:A:G	0.98733	0.012669999999999959	0.05942	0.053452154711944	True
sbp	SBP	12:105676924:C:G	0.2083	0.2083	0.01633	0.0146711637101175	True
sbp	SBP	12:19524786:C:G	0.2106	0.2106	0.01619	0.0145454305695982	True
sbp	SBP	12:58003922:G:A	0.0925	0.0925	0.02262	0.0195499118750587	True
sbp	SBP	12:1367382:G:A	0.94296	0.05703999999999998	0.02811	0.0234112802793113	False
sbp	SBP	13:22298923:G:A	0.6142	0.38580000000000003	0.0207	0.0196330820623156	True
sbp	SBP	13:114998795:C:T	0.234	0.234	0.02318	0.0218097880510672	True
sbp	SBP	13:73131694:A:C	0.3732	0.3732	0.01876	0.0176548646556249	True
sbp	SBP	13:27878484:C:T	0.8851	0.1149	0.02707	0.0247165082923879	False
sbp	SBP	13:113636156:C:T	0.2275	0.2275	0.02042	0.0189876997284726	True
sbp	SBP	13:51103461:C:G	0.7228	0.2772	0.01903	0.0177571496003564	True
sbp	SBP	13:80701076:G:C	0.5032	0.4968	0.01568	0.0146212804850595	True
sbp	SBP	13:30129482:G:A	0.2343	0.2343	0.01848	0.0170483470458712	True
sbp	SBP	13:47180671:G:A	0.2231	0.2231	0.01852	0.0170338149792161	True
sbp	SBP	13:25252899:T:A	0.1172	0.1172	0.02388	0.0214531896418413	False
sbp	SBP	13:21545651:T:C	0.1136	0.1136	0.02356	0.0210365946194297	False
sbp	SBP	13:27113849:T:G	0.2716	0.2716	0.01646	0.0151247793387621	True
sbp	SBP	13:47314172:G:A	0.92549	0.07450999999999997	0.02783	0.0243633616300258	False
sbp	SBP	13:110367814:G:A	0.3349	0.3349	0.01564	0.0144141419819117	True
sbp	SBP	13:33713419:A:G	0.2406	0.2406	0.01689	0.0154428574662719	True
sbp	SBP	13:74204085:A:C	0.4595	0.4595	0.01394	0.0127599859697294	True
sbp	SBP	13:78601596:A:G	0.01038	0.01038	0.06606	0.0604050711809913	False
sbp	SBP	13:34040576:C:T	0.4004	0.4004	0.01349	0.0122337927745725	True
sbp	SBP	13:79963251:G:T	0.4045	0.4045	0.01336	0.0120938240798128	True
sbp	SBP	13:55054689:T:A	0.6658	0.33420000000000005	0.0151	0.013599385219244	False
sbp	SBP	13:57534662:C:T	0.98943	0.010569999999999968	0.06648	0.0601729621221288	False
sbp	SBP	13:112280544:C:T	0.7033	0.29669999999999996	0.01411	0.0126889703999127	True
sbp	SBP	13:57247474:T:C	0.98838	0.011619999999999964	0.06224	0.0555535765848703	False
sbp	SBP	14:50655357:G:C	0.98891	0.011090000000000044	0.1105	0.107620214829664	False
sbp	SBP	14:53366149:C:T	0.7127	0.2873	0.02276	0.0215565279121275	True
sbp	SBP	14:104007751:C:T	0.8587	0.14129999999999998	0.02636	0.0243374358945709	True
sbp	SBP	14:98597420:G:C	0.2081	0.2081	0.02184	0.020312876061088	False
sbp	SBP	14:100572954:G:T	0.3181	0.3181	0.0183	0.0171113873242694	True
sbp	SBP	14:35871217:G:A	0.3616	0.3616	0.01758	0.0164700924706027	True
sbp	SBP	14:94844947:C:T	0.97981	0.02019000000000004	0.05737	0.0543213907748884	False
sbp	SBP	14:23908895:G:C	0.01372	0.01372	0.0696	0.0661912885523166	False
sbp	SBP	14:69232517:G:C	0.509	0.491	0.01561	0.014548259735537	True
sbp	SBP	14:23761094:T:C	0.3513	0.3513	0.01587	0.0146829599159978	True
sbp	SBP	14:73399837:A:G	0.1021	0.1021	0.02471	0.0220346016998608	True
sbp	SBP	14:36026338:G:A	0.8867	0.11329999999999996	0.02356	0.0210044516957657	False
sbp	SBP	14:23458457:T:C	0.4135	0.4135	0.01485	0.0137097254252754	True
sbp	SBP	14:23313633:G:A	0.02551	0.02551	0.04559	0.0401392473375754	False
sbp	SBP	14:94465789:T:C	0.6838	0.31620000000000004	0.01545	0.014184155006063	True
sbp	SBP	14:51717506:G:A	0.8006	0.19940000000000002	0.01782	0.0161782521539761	True
sbp	SBP	14:71964836:T:C	0.4211	0.4211	0.01423	0.013070009418869	True
sbp	SBP	14:75263775:A:G	0.5435	0.4565	0.01395	0.0127956627957767	True
sbp	SBP	14:73133602:C:T	0.4016	0.4016	0.01401	0.0127952720154357	True
sbp	SBP	14:70456664:G:T	0.5626	0.4374	0.01375	0.0125451743519988	False
sbp	SBP	14:40868067:G:A	0.6617	0.33830000000000005	0.01421	0.012927194743435	True
sbp	SBP	14:100239013:A:T	0.6769	0.32310000000000005	0.01443	0.0131144059421289	True
sbp	SBP	14:51093745:T:C	0.2871	0.2871	0.01468	0.0132912803944686	True
sbp	SBP	14:34087862:T:C	0.05606	0.05606	0.02943	0.0246472705799984	True
sbp	SBP	14:54414738:G:A	0.4332	0.4332	0.01323	0.0119861166945499	True
sbp	SBP	14:53259829:G:A	0.90299	0.09701000000000004	0.02195	0.0190630843491811	True
sbp	SBP	14:50512111:C:T	0.92263	0.07737000000000005	0.02436	0.0208559914400301	False
sbp	SBP	14:24751184:C:T	0.93821	0.06179000000000001	0.02702	0.0227809201849365	True
sbp	SBP	14:21555063:A:G	0.01791	0.01791	0.04901	0.0417412546433729	False
sbp	SBP	14:100133250:C:T	0.4161	0.4161	0.01302	0.0117305356378488	True
sbp	SBP	14:72283303:C:T	0.93371	0.06628999999999996	0.02584	0.0217881502540986	True
sbp	SBP	14:39765004:C:T	0.97882	0.021179999999999977	0.04454	0.0367559467044705	False
sbp	SBP	15:91418394:C:T	0.3233	0.3233	0.0435	0.0430380990283475	True
sbp	SBP	15:75062397:C:T	0.3269	0.3269	0.03403	0.0331023913666549	True
sbp	SBP	15:81010249:A:G	0.445	0.445	0.02686	0.0258943653281038	True
sbp	SBP	15:69682916:A:G	0.97462	0.025379999999999958	0.08384	0.0821993221291124	False
sbp	SBP	15:41407061:A:G	0.4775	0.4775	0.02251	0.0215210359455127	True
sbp	SBP	15:40321351:C:A	0.5304	0.4696	0.02102	0.0200074743344931	False
sbp	SBP	15:95312071:T:C	0.3185	0.3185	0.02087	0.0197034477007434	True
sbp	SBP	15:50936908:T:C	0.4877	0.4877	0.01785	0.0168276712821699	True
sbp	SBP	15:66941084:G:A	0.2865	0.2865	0.01904	0.0177928119687263	True
sbp	SBP	15:41974660:T:C	0.3695	0.3695	0.01595	0.0147986371936837	True
sbp	SBP	15:94214923:C:G	0.4056	0.4056	0.0153	0.014189280837801	True
sbp	SBP	15:52566703:T:C	0.95168	0.04832000000000003	0.03714	0.0323030588336532	False
sbp	SBP	15:86244247:T:C	0.5664	0.4336	0.01491	0.0138006905220436	True
sbp	SBP	15:85680532:C:A	0.1684	0.1684	0.01968	0.0178574528212296	True
sbp	SBP	15:74552742:A:C	0.5667	0.4333	0.01468	0.0135606667002754	False
sbp	SBP	15:51475513:G:A	0.2319	0.2319	0.01723	0.0157520708165727	True
sbp	SBP	15:40877322:A:G	0.8469	0.1531	0.01962	0.0176420125226151	True
sbp	SBP	15:91085641:C:T	0.03262	0.03262	0.04063	0.0344005230797512	False
sbp	SBP	15:98338524:C:T	0.3368	0.3368	0.01454	0.013276534874481	True
sbp	SBP	15:79835455:G:A	0.2152	0.2152	0.01663	0.0150369313910096	True
sbp	SBP	15:81256607:A:C	0.1515	0.1515	0.019	0.0169651971805048	True
sbp	SBP	15:87461684:C:T	0.8102	0.18979999999999997	0.01725	0.0155246836239501	True
sbp	SBP	15:61495458:G:A	0.6498	0.35019999999999996	0.01411	0.0128366718034322	True
sbp	SBP	15:63405366:G:A	0.2307	0.2307	0.01591	0.0143599291802583	True
sbp	SBP	15:93273375:T:C	0.4544	0.4544	0.01343	0.0122080776913064	False
sbp	SBP	15:97901264:T:C	0.7968	0.20320000000000005	0.01647	0.0147913023400068	True
sbp	SBP	15:42235316:C:T	0.1657	0.1657	0.01762	0.015703782627856	True
sbp	SBP	15:96710126:C:T	0.1887	0.1887	0.01644	0.0146514267237937	True
sbp	SBP	16:69965021:C:T	0.05318	0.05318	0.06375	0.0629201276184003	False
sbp	SBP	16:75456304:T:C	0.5835	0.4165	0.02627	0.0252746307500762	False
sbp	SBP	16:24835168:G:A	0.8056	0.19440000000000002	0.03191	0.0305093152626707	True
sbp	SBP	16:20392332:G:A	0.8023	0.1977	0.02973	0.0282546166666334	True
sbp	SBP	16:2158570:G:A	0.98505	0.014950000000000019	0.08749	0.0844501369523092	False
sbp	SBP	16:73097845:C:T	0.2711	0.2711	0.0221	0.020797945926433	False
sbp	SBP	16:53800954:T:C	0.4023	0.4023	0.0193	0.0182500264266987	True
sbp	SBP	16:49762512:G:A	0.3938	0.3938	0.01935	0.0182799090748292	True
sbp	SBP	16:65265028:C:T	0.5292	0.4708	0.01843	0.0173994541673953	True
sbp	SBP	16:60659812:A:C	0.7493	0.25070000000000003	0.02092	0.019590013123854	True
sbp	SBP	16:31047822:C:T	0.9899	0.010099999999999998	0.09284	0.08852257252405	False
sbp	SBP	16:69552785:G:C	0.2266	0.2266	0.02072	0.0192599090289501	False
sbp	SBP	16:4949815:T:C	0.5738	0.4262	0.01736	0.0163029212432509	True
sbp	SBP	16:80858105:G:A	0.93106	0.06894	0.03229	0.0288076970698383	True
sbp	SBP	16:72629056:C:G	0.07469	0.07469	0.03089	0.0275748045999607	True
sbp	SBP	16:30718873:C:T	0.2268	0.2268	0.01929	0.0178453975691928	False
sbp	SBP	16:51828329:A:G	0.01475	0.01475	0.07148	0.0680505841387511	False
sbp	SBP	16:4477006:A:C	0.1186	0.1186	0.02451	0.0221582104027114	True
sbp	SBP	16:4141127:C:T	0.90403	0.09597	0.02642	0.0235823735849209	True
sbp	SBP	16:51623190:C:T	0.07774	0.07774	0.02872	0.0254123307720016	False
sbp	SBP	16:81510742:C:T	0.7223	0.27769999999999995	0.01716	0.0158578476593376	True
sbp	SBP	16:50550137:G:A	0.8504	0.14959999999999996	0.02149	0.019516763109139	True
sbp	SBP	16:4015046:G:A	0.864	0.136	0.02229	0.0201457044081191	True
sbp	SBP	16:4764761:G:A	0.8514	0.14859999999999995	0.02156	0.0195383799415124	False
sbp	SBP	16:81613232:C:G	0.5497	0.45030000000000003	0.0154	0.0142921461966977	False
sbp	SBP	16:52581245:G:T	0.2374	0.2374	0.01753	0.0160923561427759	True
sbp	SBP	16:334732:C:T	0.8326	0.1674	0.01998	0.0181215097420085	True
sbp	SBP	16:12005745:A:G	0.3323	0.3323	0.01567	0.0144669722846745	True
sbp	SBP	16:29978827:G:A	0.4342	0.4342	0.01474	0.0136142855878053	True
sbp	SBP	16:66938823:G:C	0.05769	0.05769	0.03107	0.026786996280385	False
sbp	SBP	16:1857490:C:T	0.98899	0.011009999999999964	0.07064	0.0659755305416934	True
sbp	SBP	16:73600572:A:G	0.3579	0.3579	0.01497	0.0137624151082627	True
sbp	SBP	16:4374833:G:A	0.01623	0.01623	0.05738	0.0527530857877037	True
sbp	SBP	16:87075851:C:G	0.7751	0.2249	0.01696	0.0154205518010763	True
sbp	SBP	16:49886465:C:G	0.2596	0.2596	0.01591	0.0144820599287281	True
sbp	SBP	16:21088031:C:T	0.5692	0.43079999999999996	0.01386	0.0126836543568864	True
sbp	SBP	16:30111904:A:C	0.8831	0.1169	0.02132	0.0188763351357636	False
sbp	SBP	16:74171973:C:G	0.5263	0.4737	0.01369	0.0125087046214051	True
sbp	SBP	16:15906130:A:G	0.6825	0.3175	0.01464	0.0133358148848943	True
sbp	SBP	16:83076634:G:T	0.5877	0.4123	0.01414	0.0128954124359863	True
sbp	SBP	16:3887530:T:C	0.886	0.11399999999999999	0.02193	0.0192904356564236	False
sbp	SBP	16:1357996:G:T	0.4322	0.4322	0.0141	0.0128493492942617	False
sbp	SBP	16:2047891:C:A	0.2023	0.2023	0.01683	0.0151791916600834	False
sbp	SBP	16:85520197:T:C	0.4463	0.4463	0.0137	0.012485285780036	True
sbp	SBP	16:86082389:A:G	0.218	0.218	0.01618	0.0145846073517781	True
sbp	SBP	16:19348876:C:T	0.3786	0.3786	0.0135	0.0122070412716795	True
sbp	SBP	16:82823583:A:G	0.5545	0.4455	0.01314	0.0118810076266636	True
sbp	SBP	16:71458851:G:A	0.8277	0.1723	0.01723	0.0153424840844952	True
sbp	SBP	16:46688255:T:C	0.01501	0.01501	0.05651	0.0495057678301682	False
sbp	SBP	17:43173273:T:C	0.4236	0.4236	0.02961	0.0286674765797966	True
sbp	SBP	17:45093839:A:G	0.3864	0.3864	0.02425	0.0232213907512866	True
sbp	SBP	17:7185092:G:A	0.5719	0.42810000000000004	0.02215	0.0211385769968251	True
sbp	SBP	17:1958609:T:C	0.3593	0.3593	0.02253	0.0214426919025845	True
sbp	SBP	17:62381714:T:C	0.5915	0.4085	0.02188	0.0208499910158303	True
sbp	SBP	17:1357751:C:T	0.4386	0.4386	0.02163	0.0206196835744653	True
sbp	SBP	17:59485393:C:T	0.7364	0.26359999999999995	0.02425	0.02299449870452	True
sbp	SBP	17:75316880:A:G	0.6412	0.3588	0.02175	0.0206632997147795	True
sbp	SBP	17:42665402:A:G	0.09812	0.09812	0.03472	0.0323798730216726	True
sbp	SBP	17:7456381:T:A	0.3498	0.3498	0.02059	0.0194762283829562	True
sbp	SBP	17:60765043:T:C	0.4257	0.4257	0.01915	0.0181112132209038	True
sbp	SBP	17:7657123:G:A	0.8797	0.12029999999999996	0.02918	0.0269387970799576	True
sbp	SBP	17:76799795:G:A	0.4757	0.4757	0.01877	0.0177536833361926	True
sbp	SBP	17:7781019:T:C	0.09649	0.09649	0.0313	0.0287235825929806	True
sbp	SBP	17:46670422:G:C	0.897	0.10299999999999998	0.03002	0.0275160488839555	True
sbp	SBP	17:44237751:C:T	0.06376	0.06376	0.04003	0.0368231574160988	False
sbp	SBP	17:44444802:G:A	0.2499	0.2499	0.02239	0.0208061328112191	True
sbp	SBP	17:47488823:G:T	0.3371	0.3371	0.01863	0.0174837867007829	True
sbp	SBP	17:46103760:A:G	0.6126	0.38739999999999997	0.01744	0.0163553744898076	True
sbp	SBP	17:47379486:T:C	0.3641	0.3641	0.01749	0.0163752177791631	True
sbp	SBP	17:79366663:C:T	0.6447	0.35529999999999995	0.01709	0.0159648339147549	False
sbp	SBP	17:6473828:T:C	0.4364	0.4364	0.01644	0.0153299879524058	True
sbp	SBP	17:19918626:G:T	0.5233	0.4767	0.01596	0.0149047420155341	True
sbp	SBP	17:78248702:G:T	0.5958	0.4042	0.01617	0.0150714424916589	False
sbp	SBP	17:59236155:T:G	0.1914	0.1914	0.02016	0.0185104869961267	True
sbp	SBP	17:47090785:C:T	0.6724	0.3276	0.01643	0.0152372036695473	True
sbp	SBP	17:43679193:G:A	0.7619	0.23809999999999998	0.01819	0.016746499616914	False
sbp	SBP	17:53379811:C:T	0.7281	0.27190000000000003	0.01699	0.015657042128419	True
sbp	SBP	17:46824674:G:A	0.1781	0.1781	0.01962	0.0178835450080072	True
sbp	SBP	17:60540126:C:G	0.4542	0.4542	0.01513	0.0140328917425359	True
sbp	SBP	17:36989213:T:G	0.01279	0.01279	0.06544	0.0612276227415466	False
sbp	SBP	17:56732304:G:A	0.3358	0.3358	0.01536	0.014147585146097	False
sbp	SBP	17:36625746:G:A	0.06455	0.06455	0.0295	0.0255164705906727	False
sbp	SBP	17:61548948:C:A	0.3788	0.3788	0.01472	0.0135389906843425	True
sbp	SBP	17:45938281:G:C	0.06899	0.06899	0.02825	0.0244762869516305	True
sbp	SBP	17:79139473:C:G	0.3258	0.3258	0.01494	0.0136566618888289	True
sbp	SBP	17:57384444:G:A	0.6595	0.3405	0.01471	0.0134461496852085	False
sbp	SBP	17:17715101:G:A	0.2916	0.2916	0.01501	0.0136543554511569	True
sbp	SBP	17:40726734:C:T	0.9237	0.07630000000000003	0.02748	0.0235247869891231	False
sbp	SBP	17:57869816:T:A	0.96461	0.03539000000000003	0.03741	0.0312767635753794	False
sbp	SBP	17:20374368:G:C	0.8297	0.1703	0.01881	0.0168024867185855	False
sbp	SBP	17:62502435:A:G	0.6865	0.3135	0.01437	0.0130197153198463	True
sbp	SBP	17:57175969:T:C	0.94297	0.057030000000000025	0.02829	0.0237897606239977	True
sbp	SBP	17:18221799:T:C	0.4284	0.4284	0.01321	0.0119584316581863	True
sbp	SBP	17:61988964:C:A	0.01427	0.01427	0.05859	0.0522072250822064	False
sbp	SBP	17:1210610:C:T	0.2442	0.2442	0.0152	0.0136587348780296	True
sbp	SBP	18:54578482:C:T	0.6332	0.3668	0.02041	0.0193335227914231	True
sbp	SBP	18:42117774:T:G	0.6738	0.32620000000000005	0.02004	0.0188873383165725	True
sbp	SBP	18:43097750:C:A	0.1832	0.1832	0.02417	0.0225216548176399	True
sbp	SBP	18:786569:T:C	0.8203	0.17969999999999997	0.02408	0.0224050663888982	True
sbp	SBP	18:42231196:A:G	0.8116	0.1884	0.0227	0.0210731125114628	True
sbp	SBP	18:48277401:A:C	0.8603	0.13970000000000005	0.02394	0.0218932426860427	True
sbp	SBP	18:48133241:C:T	0.7886	0.21140000000000003	0.0198	0.0182616464991581	True
sbp	SBP	18:26275176:G:A	0.702	0.29800000000000004	0.01782	0.0164665683508285	True
sbp	SBP	18:42776589:C:A	0.01265	0.01265	0.06915	0.0653424565063777	False
sbp	SBP	18:56705351:G:A	0.94184	0.05815999999999999	0.03213	0.0280318281789982	False
sbp	SBP	18:34289285:G:T	0.02555	0.02555	0.04606	0.0408042715878938	False
sbp	SBP	18:51866974:C:T	0.8978	0.10219999999999996	0.02398	0.0212452922620539	True
sbp	SBP	18:42598421:C:T	0.01498	0.01498	0.05944	0.055011761699051	False
sbp	SBP	18:22137319:C:A	0.8135	0.1865	0.01854	0.0168071582235401	True
sbp	SBP	18:69110583:G:T	0.6326	0.36739999999999995	0.01384	0.0125767415344729	True
sbp	SBP	18:35798082:A:G	0.4697	0.4697	0.01334	0.0121181296094256	True
sbp	SBP	18:55877936:C:T	0.338	0.338	0.01393	0.0126157790204735	True
sbp	SBP	18:54742664:A:G	0.392	0.392	0.01322	0.0119122740099978	True
sbp	SBP	19:7257990:C:G	0.8705	0.12949999999999995	0.06516	0.0647910391513508	False
sbp	SBP	19:11526765:G:T	0.5296	0.47040000000000004	0.04252	0.0420809132557094	True
sbp	SBP	19:49605705:G:A	0.8353	0.16469999999999996	0.03355	0.0320364118421456	False
sbp	SBP	19:18452195:C:T	0.7331	0.2669	0.024	0.0227467938896793	True
sbp	SBP	19:5066330:G:A	0.5269	0.47309999999999997	0.01941	0.0183978481329139	True
sbp	SBP	19:4953351:T:G	0.6386	0.36140000000000005	0.02027	0.0191671025023826	True
sbp	SBP	19:11287001:G:A	0.08636	0.08636	0.03423	0.0315712373164104	True
sbp	SBP	19:31867158:T:C	0.3994	0.3994	0.01924	0.0181797341348872	True
sbp	SBP	19:7522549:A:C	0.7447	0.25529999999999997	0.02138	0.0200637207251479	True
sbp	SBP	19:2177625:T:G	0.05743	0.05743	0.03894	0.0357317655617093	True
sbp	SBP	19:17219105:G:A	0.2583	0.2583	0.02072	0.0193929018728976	True
sbp	SBP	19:1851084:A:G	0.7952	0.20479999999999998	0.02211	0.0205701084678124	True
sbp	SBP	19:10332988:C:T	0.3975	0.3975	0.01809	0.0169968344299263	True
sbp	SBP	19:45741353:A:G	0.2591	0.2591	0.01934	0.0180067716072714	False
sbp	SBP	19:30375559:C:T	0.93683	0.06316999999999995	0.03329	0.0292526443557009	True
sbp	SBP	19:49224389:T:C	0.6097	0.3903	0.01544	0.0143099997253909	True
sbp	SBP	19:12149360:G:A	0.9665	0.033499999999999974	0.04173	0.0361969810079176	False
sbp	SBP	19:46325483:T:C	0.6463	0.3537	0.01509	0.0138969129101538	True
sbp	SBP	19:45413233:G:T	0.91942	0.08057999999999998	0.02622	0.0229286510505614	False
sbp	SBP	19:32178927:C:T	0.7296	0.2704	0.01622	0.0148311426369399	True
sbp	SBP	19:21892560:G:C	0.6451	0.3549	0.01481	0.0135960826699905	True
sbp	SBP	19:47733876:C:T	0.97299	0.02700999999999998	0.04668	0.0403000951637908	False
sbp	SBP	19:2588423:A:C	0.98393	0.01607000000000003	0.05684	0.0511483255639392	False
sbp	SBP	19:50019978:T:A	0.01043	0.01043	0.06727	0.0616801855643702	False
sbp	SBP	19:4069426:G:A	0.7706	0.22940000000000005	0.0158	0.0142291213521622	False
sbp	SBP	19:6745138:G:A	0.4301	0.4301	0.01322	0.0119696605730225	False
sbp	SBP	19:1424888:A:G	0.4188	0.4188	0.01334	0.0120714173435197	True
sbp	SBP	19:12519897:G:A	0.4791	0.4791	0.01303	0.0117741612528858	True
sbp	SBP	19:11388909:G:T	0.97341	0.026590000000000003	0.04236	0.0349598148647302	False
sbp	SBP	20:57725663:G:A	0.108	0.108	0.04921	0.0485266733245541	False
sbp	SBP	20:10965998:G:A	0.4767	0.4767	0.02801	0.0270658042619619	True
sbp	SBP	20:10693337:A:G	0.5381	0.4619	0.02453	0.023554529072708	True
sbp	SBP	20:47411149:G:A	0.8508	0.1492	0.03061	0.0288156088321659	True
sbp	SBP	20:8616588:A:G	0.6382	0.3618	0.02174	0.0206630414507388	True
sbp	SBP	20:62703490:C:T	0.2507	0.2507	0.02397	0.0226624636258157	True
sbp	SBP	20:42804026:A:G	0.1307	0.1307	0.02988	0.0278591845703846	True
sbp	SBP	20:62470872:C:T	0.6079	0.3921	0.01991	0.0188649825858807	True
sbp	SBP	20:50108980:G:A	0.5269	0.47309999999999997	0.01924	0.0182247733289474	True
sbp	SBP	20:31222769:A:G	0.1506	0.1506	0.02623	0.0243334054072358	True
sbp	SBP	20:6327700:G:A	0.5997	0.4003	0.0179	0.0168350663554723	True
sbp	SBP	20:62322699:A:G	0.7655	0.23450000000000004	0.02051	0.0190974055696437	True
sbp	SBP	20:19717056:A:G	0.3143	0.3143	0.01748	0.0162784916709232	True
sbp	SBP	20:30117956:T:G	0.97143	0.028569999999999984	0.05145	0.0480974549609549	False
sbp	SBP	20:57613373:T:C	0.7991	0.20089999999999997	0.01999	0.0184083200194898	True
sbp	SBP	20:47927087:C:T	0.97942	0.020580000000000043	0.05461	0.0508232681695852	False
sbp	SBP	20:62585096:G:C	0.0177	0.0177	0.05598	0.0518527894273186	False
sbp	SBP	20:51779225:T:C	0.2374	0.2374	0.01712	0.0156715779122976	True
sbp	SBP	20:25757355:C:T	0.95888	0.041120000000000045	0.03885	0.0334973030468228	False
sbp	SBP	20:2777828:G:T	0.4235	0.4235	0.01449	0.0133448146709907	True
sbp	SBP	20:10864516:A:T	0.4233	0.4233	0.01442	0.013271289054518	True
sbp	SBP	20:61179260:A:C	0.4063	0.4063	0.01456	0.0133879022984257	True
sbp	SBP	20:40258709:A:G	0.6584	0.3416	0.01506	0.0138168665543654	True
sbp	SBP	20:29531721:G:A	0.96478	0.03522000000000003	0.03851	0.0324240242410792	False
sbp	SBP	20:30218172:C:T	0.8413	0.15869999999999995	0.01858	0.0166178402207545	False
sbp	SBP	20:30635236:T:G	0.04903	0.04903	0.03036	0.0253084795866728	False
sbp	SBP	20:4101290:T:A	0.7978	0.20220000000000005	0.01623	0.014531847625608	False
sbp	SBP	20:57866884:C:T	0.01991	0.01991	0.04985	0.042509835738117	False
sbp	SBP	20:17882452:A:G	0.484	0.484	0.01285	0.0115712513281338	True
sbp	SBP	21:33671140:T:C	0.93418	0.06581999999999999	0.03426	0.03082482676775	True
sbp	SBP	21:44829595:C:T	0.98645	0.013549999999999951	0.07441	0.0711601885626487	False
sbp	SBP	21:37692507:C:T	0.1263	0.1263	0.02567	0.0234370391090269	True
sbp	SBP	21:16556367:C:T	0.3061	0.3061	0.01789	0.0166719348852811	True
sbp	SBP	21:44718696:C:T	0.03802	0.03802	0.04102	0.0364759155700437	False
sbp	SBP	21:35605863:C:T	0.97684	0.02315999999999996	0.05055	0.0462179875134959	False
sbp	SBP	21:35293199:T:G	0.90261	0.09738999999999998	0.02419	0.0213717017450793	True
sbp	SBP	21:45123807:A:G	0.6037	0.3963	0.01453	0.0133649651838992	True
sbp	SBP	21:35126297:G:A	0.3458	0.3458	0.01453	0.0132825402320956	True
sbp	SBP	21:16327357:A:C	0.6454	0.3546	0.0144	0.0131459005886551	True
sbp	SBP	21:16783235:A:G	0.3033	0.3033	0.01437	0.0130055096222316	True
sbp	SBP	22:19984211:C:T	0.2841	0.2841	0.02206	0.0208424316480351	True
sbp	SBP	22:29453193:G:C	0.5616	0.4384	0.01814	0.0171033969197158	True
sbp	SBP	22:30588910:C:G	0.02254	0.02254	0.05451	0.0513571625588655	True
sbp	SBP	22:38158521:A:G	0.8047	0.19530000000000003	0.02033	0.0187256221339716	True
sbp	SBP	22:41313780:G:A	0.04447	0.04447	0.03905	0.0346333165890645	False
sbp	SBP	22:28947402:A:T	0.9333	0.06669999999999998	0.03141	0.0277441326215663	False
sbp	SBP	22:42721374:T:G	0.1335	0.1335	0.02171	0.0195290346521275	False
sbp	SBP	22:45338865:G:A	0.2318	0.2318	0.01615	0.0145963226838352	True
sbp	SBP	22:42603814:C:T	0.4209	0.4209	0.0137	0.0124778183588452	False
sbp	SBP	22:50321808:A:G	0.91073	0.08926999999999996	0.0235	0.0204391771927516	False
sbp	SBP	22:29324692:G:A	0.5351	0.4649	0.01357	0.0123556421667579	False
sbp	SBP	22:50196343:G:A	0.8108	0.18920000000000003	0.01686	0.0151088765078322	False
sbp	SBP	22:31951048:G:A	0.03176	0.03176	0.03677	0.0299332840955126	True
scz	SCZ	1:98552832:A:T	0.788	0.21199999999999997	0.102597669168898	0.0946768818955438	True
scz	SCZ	1:73768366:C:A	0.366	0.366	0.0777993924544118	0.0698678866579159	True
scz	SCZ	1:239198959:C:G	0.094	0.094	0.103894923496216	0.0869397483090125	False
scz	SCZ	1:243793012:T:C	0.192	0.192	0.0851004766504662	0.0711337558891263	False
scz	SCZ	1:44100084:G:A	0.33	0.33	0.0635004825618992	0.0559664787717636	True
scz	SCZ	1:177276006:T:C	0.195	0.195	0.0744972786929105	0.0635063766192941	True
scz	SCZ	1:30427639:A:G	0.303	0.303	0.0647010079358763	0.0566135595680347	True
scz	SCZ	1:97835921:A:G	0.238	0.238	0.0686000914922569	0.0592604293694226	True
scz	SCZ	1:2373168:A:G	0.495	0.495	0.0623010261973793	0.0548164609910313	True
scz	SCZ	1:200414959:C:T	0.381	0.381	0.0535028515173065	0.0463344221036963	True
scz	SCZ	1:8431607:C:T	0.537	0.46299999999999997	0.0509972505709038	0.0440247708305594	True
scz	SCZ	1:150115398:T:A	0.817	0.18300000000000005	0.0669948688242784	0.0545516156765696	False
scz	SCZ	1:29032580:G:A	0.878	0.122	0.0778032789468595	0.0605391827131845	False
scz	SCZ	1:243667900:T:G	0.737	0.263	0.055500929860874	0.0464862924106827	True
scz	SCZ	1:36628033:G:A	0.674	0.32599999999999996	0.0521041493573948	0.0440561661780496	True
scz	SCZ	1:243505950:T:G	0.716	0.28400000000000003	0.0542027860143161	0.0455112142869062	True
scz	SCZ	1:230272624:G:A	0.263	0.263	0.0548047153744336	0.0457374056711214	True
scz	SCZ	1:66331478:T:A	0.564	0.43600000000000005	0.0484027392281675	0.0409598136573471	True
scz	SCZ	2:233743109:A:G	0.286	0.286	0.0806028645320996	0.0715861103615649	True
scz	SCZ	2:57961602:C:G	0.484	0.484	0.070401005299324	0.0631216270840777	True
scz	SCZ	2:199990107:A:G	0.555	0.44499999999999995	0.0708946787765477	0.0635877674710814	True
scz	SCZ	2:200810957:C:G	0.172	0.172	0.0864951466230935	0.0740824245023913	True
scz	SCZ	2:198281743:T:C	0.324	0.324	0.0672005996602386	0.0593098084186964	True
scz	SCZ	2:145183851:T:C	0.864	0.136	0.0883038746878331	0.0724102985695675	True
scz	SCZ	2:22749726:T:C	0.473	0.473	0.0574006067311047	0.0506739035677133	True
scz	SCZ	2:185601420:C:T	0.539	0.46099999999999997	0.054402954379292	0.0476303598657078	True
scz	SCZ	2:146425531:A:G	0.176	0.176	0.0689000186550519	0.0572484991771986	True
scz	SCZ	2:201253769:G:A	0.709	0.29100000000000004	0.0570039574677328	0.0488629517715669	True
scz	SCZ	2:172956449:A:C	0.808	0.19199999999999995	0.0660966815748511	0.0547551036009792	True
scz	SCZ	2:73837955:A:G	0.232	0.232	0.0603977725486758	0.0509549460332641	True
scz	SCZ	2:200228383:C:T	0.881	0.119	0.0803995670685707	0.0628057240172249	True
scz	SCZ	2:37575381:C:G	0.632	0.368	0.0528960093534967	0.0453125370572417	True
scz	SCZ	2:225432470:C:A	0.669	0.33099999999999996	0.0528011569911275	0.045015176722719	True
scz	SCZ	2:79433742:C:G	0.654	0.346	0.0517002115855168	0.0440179220736436	True
scz	SCZ	2:162845855:G:A	0.436	0.436	0.0489996660319079	0.0418289504267902	True
scz	SCZ	2:97746526:A:G	0.906	0.09399999999999997	0.0963005982689046	0.069200223230606	False
scz	SCZ	2:2327295:G:A	0.267	0.267	0.0540972217202848	0.0453969749393709	True
scz	SCZ	2:60389362:A:T	0.702	0.29800000000000004	0.054402954379292	0.0455164315353405	True
scz	SCZ	2:212290048:T:C	0.797	0.20299999999999996	0.0600032523358097	0.0492794322663448	True
scz	SCZ	2:213402641:G:C	0.452	0.452	0.0488016642355575	0.0414085858344224	True
scz	SCZ	2:156835793:G:T	0.66	0.33999999999999997	0.0507026199737612	0.042714645030276	True
scz	SCZ	3:52815905:T:C	0.51	0.49	0.0784044433741818	0.0709555232099927	True
scz	SCZ	3:180733150:C:T	0.8	0.19999999999999996	0.0774979340203838	0.0659582405931793	True
scz	SCZ	3:36848316:C:T	0.343	0.343	0.0625032603532887	0.054845604323162	True
scz	SCZ	3:2547786:G:T	0.161	0.161	0.0781994075954536	0.065218937810497	True
scz	SCZ	3:63903759:A:G	0.307	0.307	0.061099109367851	0.0533166239031611	True
scz	SCZ	3:181220879:T:G	0.801	0.19899999999999995	0.0740018239414889	0.0618650244002888	True
scz	SCZ	3:136398387:A:G	0.586	0.41400000000000003	0.0577032681284449	0.0508111811357642	True
scz	SCZ	3:16875823:T:C	0.375	0.375	0.0579045745015309	0.0508451571493674	True
scz	SCZ	3:53443354:T:C	0.691	0.30900000000000005	0.0600974240485804	0.052160041313685	True
scz	SCZ	3:181090035:T:C	0.934	0.06599999999999995	0.113703615012076	0.0902475256460167	False
scz	SCZ	3:17868759:C:T	0.483	0.483	0.0532952970582236	0.0466515866454148	True
scz	SCZ	3:60290063:C:G	0.342	0.342	0.0544033888793865	0.0469126310194059	True
scz	SCZ	3:161487491:C:A	0.564	0.43600000000000005	0.0501035869662456	0.0430498964297325	True
scz	SCZ	3:71563777:G:T	0.585	0.41500000000000004	0.0495993604912842	0.0422989257947109	False
scz	SCZ	3:107379837:A:G	0.631	0.369	0.0501991563328521	0.0425650830559286	True
scz	SCZ	3:117772036:A:G	0.885	0.11499999999999999	0.0772050709089715	0.0586601964153023	True
scz	SCZ	3:30044778:T:C	0.584	0.41600000000000004	0.0483043318863239	0.0408487575164403	True
scz	SCZ	4:103188709:C:T	0.0669999999999999	0.0669999999999999	0.158702691195321	0.151700318346484	False
scz	SCZ	4:176859992:A:G	0.208	0.208	0.0712037590063322	0.0607924438209011	True
scz	SCZ	4:176731401:G:A	0.0590000000000001	0.0590000000000001	0.118704710267967	0.0983660190471248	True
scz	SCZ	4:23423586:G:A	0.328	0.328	0.0577032681284449	0.0503013061309057	True
scz	SCZ	4:170322312:C:T	0.459	0.459	0.0499038295281839	0.0430205812245359	True
scz	SCZ	4:706700:T:C	0.426	0.426	0.0507039943747058	0.0433218504823212	True
scz	SCZ	4:31202669:G:A	0.664	0.33599999999999997	0.0515957486436504	0.0434970684648151	True
scz	SCZ	4:30823157:G:T	0.832	0.16800000000000004	0.064297867182731	0.0516248990580393	False
scz	SCZ	4:167974142:G:C	0.407	0.407	0.0483043318863239	0.0408487575164403	True
scz	SCZ	5:60621839:C:G	0.493	0.493	0.070197167789298	0.0629292741242228	True
scz	SCZ	5:45252500:A:G	0.331	0.331	0.0668024151462154	0.0589345489409417	True
scz	SCZ	5:152235215:G:T	0.706	0.29400000000000004	0.0691995168010044	0.0605212582712945	False
scz	SCZ	5:152540354:C:T	0.473	0.473	0.0582972096102774	0.0517244957575096	True
scz	SCZ	5:88743219:A:G	0.765	0.235	0.0657034673241941	0.0557762751093496	True
scz	SCZ	5:137892170:G:A	0.602	0.398	0.0549994182186046	0.0480725690351018	True
scz	SCZ	5:101723875:T:C	0.301	0.301	0.0584009748744768	0.0504694750712683	True
scz	SCZ	5:153680747:A:T	0.415	0.415	0.0536961790038609	0.0467187267758346	True
scz	SCZ	5:91006918:C:G	0.211	0.211	0.0608971589513062	0.0510535627226269	True
scz	SCZ	5:139065988:T:G	0.334	0.334	0.0525994101433915	0.0449935403548755	True
scz	SCZ	5:90278217:A:T	0.684	0.31599999999999995	0.0531046528867784	0.0449424937517357	False
scz	SCZ	5:155775075:T:C	0.478	0.478	0.0487996879336047	0.0418013750261643	True
scz	SCZ	5:106766340:C:T	0.152	0.152	0.0666955680382664	0.0535695774522861	True
scz	SCZ	5:140333952:C:T	0.489	0.489	0.0475036226439669	0.0403476485845187	True
scz	SCZ	5:57744788:T:C	0.821	0.17900000000000005	0.0623968162257107	0.0503835090717435	True
scz	SCZ	6:93077500:G:T	0.252	0.252	0.0663962456396854	0.0573577173825657	True
scz	SCZ	6:73155285:C:A	0.642	0.358	0.0600032523358097	0.0525846189944103	True
scz	SCZ	6:84341803:C:A	0.566	0.43400000000000005	0.0503033045092425	0.0432688191971847	True
scz	SCZ	6:96475894:A:T	0.933	0.06699999999999995	0.0975984687638946	0.0693779484567008	True
scz	SCZ	6:70003389:A:G	0.727	0.273	0.054402954379292	0.0455164315353405	True
scz	SCZ	6:43160375:T:C	0.788	0.21199999999999997	0.0582972096102774	0.047709806126402	True
scz	SCZ	7:2029867:T:C	0.582	0.41800000000000004	0.0896030157907481	0.0823059444609563	True
scz	SCZ	7:86403263:T:C	0.87	0.13	0.10509848132983	0.0928163096887077	True
scz	SCZ	7:104594253:T:G	0.395	0.395	0.0685037054338901	0.0611767823740671	True
scz	SCZ	7:137072531:T:A	0.642	0.358	0.0673969319860517	0.0598180022023394	False
scz	SCZ	7:110993511:C:T	0.622	0.378	0.0636037093371393	0.0562270277719235	True
scz	SCZ	7:24717969:T:C	0.108	0.108	0.0856014622957261	0.0676887183687114	True
scz	SCZ	7:110056000:A:C	0.618	0.382	0.0548952993715794	0.0477893183162748	True
scz	SCZ	7:131567263:A:G	0.84	0.16000000000000003	0.0732053027592748	0.0598636870250211	True
scz	SCZ	7:71770973:C:G	0.479	0.479	0.0491044005063081	0.0419455705303344	True
scz	SCZ	7:87244960:C:T	0.516	0.484	0.0487044462100383	0.0416953645712406	True
scz	SCZ	7:133438132:A:G	0.864	0.136	0.0739008078395342	0.0575017510731219	False
scz	SCZ	8:143312933:A:C	0.438	0.438	0.0749961490364056	0.0674874669786868	True
scz	SCZ	8:27442127:C:A	0.888	0.11199999999999999	0.102601713660719	0.0865403800467003	False
scz	SCZ	8:60700469:G:A	0.4	0.4	0.0546964969190277	0.0479333879306202	True
scz	SCZ	8:111580570:A:G	0.161	0.161	0.0722051682492376	0.0595555615191241	True
scz	SCZ	8:4180090:T:A	0.194	0.194	0.067305011010914	0.0565323794013447	False
scz	SCZ	8:144870701:G:A	0.421	0.421	0.0537966583556417	0.0462727731531913	False
scz	SCZ	8:89283689:A:G	0.25	0.25	0.0570984120398765	0.0483763346622473	True
scz	SCZ	8:17070926:A:G	0.261	0.261	0.0559990861201021	0.0472240478227779	True
scz	SCZ	8:33863561:T:C	0.04	0.04	0.12340003148223	0.0889734480864821	False
scz	SCZ	8:65608361:T:C	0.511	0.489	0.0478046499481398	0.0406873988459526	True
scz	SCZ	8:38262233:T:C	0.782	0.21799999999999997	0.0584952975902863	0.0481460778166458	True
scz	SCZ	8:10032894:C:A	0.329	0.329	0.050398957583852	0.0425833204648507	True
scz	SCZ	8:1024114:T:C	0.823	0.17700000000000005	0.0780992819830517	0.0587279245304621	False
scz	SCZ	9:22767164:C:A	0.488	0.488	0.0534957179427506	0.0468609153784519	True
scz	SCZ	9:14509105:A:T	0.146	0.146	0.0724954268501865	0.0587513003687594	True
scz	SCZ	9:77358745:T:C	0.409	0.409	0.0517002115855168	0.0445973965537797	True
scz	SCZ	9:36319928:T:C	0.402	0.402	0.050398957583852	0.0431817378625375	True
scz	SCZ	9:101071522:T:C	0.153	0.153	0.0655950790984102	0.052702396278646	True
scz	SCZ	9:138378856:A:G	0.171	0.171	0.0696006867298358	0.0547704474001907	True
scz	SCZ	10:104906211:T:C	0.91	0.08999999999999997	0.13170347299691	0.124733521159483	True
scz	SCZ	10:18726326:A:C	0.888	0.11199999999999999	0.0989036285144588	0.0815152539969205	True
scz	SCZ	10:18876084:C:A	0.759	0.241	0.0644010116835795	0.0549015443717926	True
scz	SCZ	10:18549016:G:A	0.548	0.45199999999999996	0.0519988063604998	0.0451028971438702	True
scz	SCZ	10:3821561:G:A	0.365	0.365	0.0523991687992084	0.0451608780446236	True
scz	SCZ	10:92789488:A:T	0.746	0.254	0.0600974240485804	0.0506512520805235	True
scz	SCZ	10:54063083:G:A	0.689	0.31100000000000005	0.0524026787930484	0.0443825091743733	True
scz	SCZ	11:46343189:C:A	0.188	0.188	0.084904507090444	0.0730522197949694	True
scz	SCZ	11:113392994:C:T	0.656	0.344	0.0704957416116978	0.0624085076413983	True
scz	SCZ	11:124612932:A:G	0.66	0.33999999999999997	0.0704957416116978	0.0624085076413983	True
scz	SCZ	11:133852684:A:G	0.769	0.23099999999999998	0.0816997954833017	0.0704217999951559	True
scz	SCZ	11:134296384:C:T	0.458	0.458	0.0611045066532856	0.054305423314154	True
scz	SCZ	11:134501177:G:A	0.245	0.245	0.0615031325940498	0.0526377326691517	False
scz	SCZ	11:130891895:G:A	0.535	0.46499999999999997	0.0539956397610122	0.0470319255380762	True
scz	SCZ	11:24389235:A:C	0.5	0.5	0.0515038428671156	0.0447548855299324	True
scz	SCZ	11:132572282:G:A	0.507	0.493	0.0503033045092425	0.0432688191971847	True
scz	SCZ	11:57585662:C:T	0.329	0.329	0.0527996915922012	0.0452090978689957	True
scz	SCZ	11:123394636:G:C	0.314	0.314	0.0527996915922012	0.044814270539541	True
scz	SCZ	11:81178838:G:C	0.289	0.289	0.0534957179427506	0.0449540488440499	True
scz	SCZ	11:24511844:C:A	0.61	0.39	0.0491996041469672	0.0416524850965429	True
scz	SCZ	11:28642653:G:A	0.598	0.402	0.0483043318863239	0.0406429032418389	True
scz	SCZ	12:2384005:T:G	0.41	0.41	0.0835011813049328	0.0759150565285296	True
scz	SCZ	12:110723245:C:T	0.441	0.441	0.0750037578653527	0.067169689549397	True
scz	SCZ	12:57682956:C:T	0.908	0.09199999999999997	0.130098005289989	0.121682340665515	False
scz	SCZ	12:123650335:C:T	0.256	0.256	0.0736035592446318	0.064312782470861	True
scz	SCZ	12:95195293:G:T	0.451	0.451	0.0567961259994112	0.0502325162216588	True
scz	SCZ	12:72259954:G:C	0.094	0.094	0.0874987684728371	0.0675777452269234	True
scz	SCZ	12:103594062:C:T	0.626	0.374	0.0518996105407571	0.0446235708501944	True
scz	SCZ	12:53760710:G:C	0.312	0.312	0.0540022233826842	0.0459091917165528	False
scz	SCZ	12:124486678:A:G	0.339	0.339	0.0517039049923374	0.0440219556777809	True
scz	SCZ	12:2499849:A:C	0.627	0.373	0.0507026199737612	0.0433203412883092	True
scz	SCZ	12:104631552:G:A	0.737	0.263	0.0555021391616052	0.0466968730575974	True
scz	SCZ	12:99494358:A:G	0.62	0.38	0.0499993949944177	0.0425443048771792	True
scz	SCZ	12:110229434:C:A	0.043	0.043	0.123897943656285	0.0882624455243696	False
scz	SCZ	13:79930079:A:C	0.6	0.4	0.0611985747210087	0.054238435155351	True
scz	SCZ	13:74325499:G:C	0.277	0.277	0.0596013954910886	0.0507420733568891	False
scz	SCZ	13:38860697:C:T	0.413	0.413	0.0494949124461712	0.0421828892182495	True
scz	SCZ	14:72417326:C:G	0.247	0.247	0.0750981960059311	0.0655481133867197	True
scz	SCZ	14:104255569:T:G	0.334	0.334	0.066503116358279	0.0588148121375714	True
scz	SCZ	14:33303540:C:T	0.458	0.458	0.0613011005766046	0.0544951265651484	True
scz	SCZ	14:30017039:T:C	0.215	0.215	0.0641972460452074	0.0541255125518025	False
scz	SCZ	14:30208630:G:T	0.425	0.425	0.0532952970582236	0.046297425367145	True
scz	SCZ	14:99733384:G:C	0.525	0.475	0.0556995724703668	0.047892160963749	True
scz	SCZ	14:103812320:G:T	0.652	0.348	0.0535976373487916	0.0458698735370602	False
scz	SCZ	14:51655145:C:T	0.691	0.30900000000000005	0.0517986852338873	0.0435124732313124	True
scz	SCZ	15:91426560:G:A	0.44	0.44	0.0843043830520302	0.0764059292916858	False
scz	SCZ	15:78868398:C:T	0.759	0.241	0.0815984200022575	0.071286576237578	True
scz	SCZ	15:61872197:A:C	0.544	0.45599999999999996	0.0635043893695306	0.056605813163414	True
scz	SCZ	15:85148231:T:G	0.701	0.29900000000000004	0.0651039862320457	0.0568273887866319	True
scz	SCZ	15:83368738:T:G	0.367	0.367	0.0579952857871378	0.0509355966487858	True
scz	SCZ	15:40567237:G:A	0.287	0.287	0.0630036995790015	0.0544671584066283	True
scz	SCZ	15:34659517:G:C	0.345	0.345	0.0620030714417325	0.0536740626973301	True
scz	SCZ	15:43829008:C:T	0.703	0.29700000000000004	0.0582028682075395	0.0500861998301833	True
scz	SCZ	15:79004643:G:A	0.909	0.09099999999999997	0.0875987044790681	0.0640248423776795	True
scz	SCZ	16:29994922:C:T	0.533	0.46699999999999997	0.0670977435324941	0.0600077801419505	True
scz	SCZ	16:13753384:G:A	0.229	0.229	0.066503116358279	0.057099031483801	True
scz	SCZ	16:9900057:T:C	0.308	0.308	0.0584027170759943	0.0506510860208001	True
scz	SCZ	16:89559297:A:G	0.704	0.29600000000000004	0.0557981629302465	0.0474156324473904	False
scz	SCZ	16:89866043:T:C	0.601	0.399	0.0505029821731068	0.0432958681666252	True
scz	SCZ	16:58659307:T:G	0.554	0.44599999999999995	0.0481995135792341	0.0409327037542902	False
scz	SCZ	16:90109372:C:T	0.636	0.364	0.0517986852338873	0.0437207443913541	False
scz	SCZ	17:44265839:C:T	0.596	0.404	0.0608034293588251	0.0533667264000299	True
scz	SCZ	17:12875908:T:A	0.192	0.192	0.0676045499371671	0.0566196445650897	True
scz	SCZ	17:19141582:C:G	0.878	0.122	0.0830995691695741	0.0646965416564615	True
scz	SCZ	18:53200117:A:G	0.471	0.471	0.0698968513822572	0.0628014007688626	True
scz	SCZ	18:52751708:A:G	0.588	0.41200000000000003	0.0651976788453886	0.058213201454088	True
scz	SCZ	18:53010348:T:G	0.037	0.037	0.160004446402924	0.147165036334609	False
scz	SCZ	18:77578986:G:A	0.193	0.193	0.0773995372615036	0.0660590229124229	True
scz	SCZ	18:53775254:A:T	0.721	0.279	0.0644010116835795	0.055634172964615	True
scz	SCZ	18:53568458:G:A	0.918	0.08199999999999996	0.103503793014661	0.081398819613249	False
scz	SCZ	18:77688830:G:C	0.437	0.437	0.0513985630860003	0.0444585913556739	True
scz	SCZ	18:27500959:C:A	0.252	0.252	0.0567016428693038	0.0475517877971999	True
scz	SCZ	19:19518316:T:A	0.355	0.355	0.0732053027592748	0.0654560240083212	True
scz	SCZ	19:50162909:C:G	0.672	0.32799999999999996	0.0641009254065236	0.0560415091827061	True
scz	SCZ	19:11849736:C:T	0.0679999999999999	0.0679999999999999	0.112295619103693	0.0890854735403456	False
scz	SCZ	19:30987423:A:G	0.237	0.237	0.0598986354083514	0.0506501670105964	True
scz	SCZ	20:37485458:G:A	0.616	0.384	0.0719042482916749	0.0642238310055389	True
scz	SCZ	20:48090779:G:A	0.181	0.181	0.0644958553811008	0.0531822874611167	True
scz	SCZ	20:41814164:A:G	0.8	0.19999999999999996	0.0613011005766046	0.0501746504730036	True
scz	SCZ	20:62150128:T:C	0.048	0.048	0.112295619103693	0.0794977879003058	True
scz	SCZ	22:42370991:T:C	0.501	0.499	0.0655950790984102	0.0587425852197982	True
scz	SCZ	22:41587556:T:A	0.246	0.246	0.0755967721743758	0.0658415297017602	True
scz	SCZ	22:40000313:T:C	0.44	0.44	0.0574006067311047	0.0508360941148498	True
scz	SCZ	22:51109735:G:A	0.695	0.30500000000000005	0.0566020980240563	0.0484484710620829	True
scz	SCZ	22:42248289:C:T	0.032	0.032	0.136404086289288	0.101629782194947	False
scz	SCZ	22:41027819:T:C	0.103	0.103	0.07909764585865	0.0597165301214787	True
scz	SCZ	22:39247750:C:T	0.016	0.016	0.191499545979748	0.145604287866567	True
t2d	T2D	1:40035928:T:G	0.1993	0.1993	0.084	0.0812633410639289	True
t2d	T2D	1:214159256:T:C	0.551	0.44899999999999995	0.0678	0.0653331482434031	True
t2d	T2D	1:219748818:C:G	0.7076	0.2924	0.0593	0.0554670028440796	True
t2d	T2D	1:120526982:T:C	0.1096	0.1096	0.08	0.074940955590036	True
t2d	T2D	1:117532790:T:C	0.5847	0.4153	0.0491	0.0450678789382385	True
t2d	T2D	1:229672955:A:G	0.3601	0.3601	0.0492	0.0449156318646212	True
t2d	T2D	1:177873841:A:G	0.2002	0.2002	0.0543	0.0485599802500937	True
t2d	T2D	1:214287420:T:C	0.7073	0.29269999999999996	0.0483	0.0429895345852092	True
t2d	T2D	1:51256091:T:C	0.8828	0.11719999999999997	0.0636	0.0553918852125528	True
t2d	T2D	1:62579891:T:G	0.9047	0.09530000000000005	0.0645	0.0544250855722791	False
t2d	T2D	1:205099959:A:C	0.235	0.235	0.0414	0.0354539880007367	True
t2d	T2D	1:206593900:C:G	0.4934	0.4934	0.0356	0.030835434875869	True
t2d	T2D	2:227101411:A:G	0.6382	0.3618	0.0911	0.089312571149923	True
t2d	T2D	2:43687879:T:C	0.8993	0.10070000000000001	0.1191	0.114092440872599	True
t2d	T2D	2:27730940:T:C	0.6069	0.3931	0.0644	0.0615354112032018	True
t2d	T2D	2:165528876:T:C	0.5986	0.4014	0.0605	0.0573538434356022	True
t2d	T2D	2:60585806:T:C	0.4641	0.4641	0.0588	0.0555992666720567	True
t2d	T2D	2:65655012:C:G	0.5982	0.40180000000000005	0.0537	0.0499517221073441	True
t2d	T2D	2:65289825:A:G	0.6333	0.3667	0.0539	0.050045527791866	True
t2d	T2D	2:121347612:C:G	0.7279	0.2721	0.0581	0.053363908452602	False
t2d	T2D	2:422144:T:C	0.9541	0.04590000000000005	0.1019	0.0903185365699298	False
t2d	T2D	2:161136656:A:G	0.7341	0.2659	0.0447	0.0395021446829012	True
t2d	T2D	2:158329237:A:G	0.937	0.06299999999999994	0.0822	0.0726655654543895	True
t2d	T2D	2:653195:A:G	0.8286	0.1714	0.0513	0.0444422525498116	True
t2d	T2D	2:227228251:T:C	0.8863	0.11370000000000002	0.0584	0.0490953070976632	True
t2d	T2D	2:43994026:T:C	0.9847	0.01529999999999998	0.1632	0.128149676723007	False
t2d	T2D	2:25535543:T:C	0.5692	0.43079999999999996	0.0364	0.0317431483064448	True
t2d	T2D	2:16574669:A:G	0.8648	0.1352	0.0581	0.0485146307432278	True
t2d	T2D	2:59307725:A:G	0.3919	0.3919	0.0363	0.0316307539751287	True
t2d	T2D	2:25655391:C:G	0.734	0.266	0.0401	0.0345810027460125	True
t2d	T2D	2:58990485:T:G	0.6061	0.39390000000000003	0.036	0.0311037221431667	True
t2d	T2D	3:185510613:T:G	0.3163	0.3163	0.1085	0.106533225243048	True
t2d	T2D	3:123065778:A:G	0.775	0.22499999999999998	0.0882	0.0857399830421889	True
t2d	T2D	3:12336507:A:G	0.8736	0.12639999999999996	0.104	0.100054753548601	True
t2d	T2D	3:170724883:T:C	0.7121	0.28790000000000004	0.0659	0.0627922752004719	True
t2d	T2D	3:187740523:T:C	0.6115	0.38849999999999996	0.061	0.0577971663233193	True
t2d	T2D	3:23454790:A:G	0.7887	0.21130000000000004	0.0665	0.0624804072537759	True
t2d	T2D	3:12108754:T:C	0.8849	0.11509999999999998	0.0837	0.0790792548107815	True
t2d	T2D	3:186665645:T:C	0.545	0.45499999999999996	0.0539	0.0501667517884627	True
t2d	T2D	3:64701387:A:G	0.7024	0.2976	0.054	0.0496477829524306	True
t2d	T2D	3:63974258:T:G	0.8489	0.1511	0.0662	0.0606861641176162	True
t2d	T2D	3:185371172:A:G	0.4367	0.4367	0.0453	0.041118034330601	True
t2d	T2D	3:12473045:A:G	0.2359	0.2359	0.0514	0.0460006814425618	True
t2d	T2D	3:23618935:T:C	0.0357	0.0357	0.1156	0.102414976674755	True
t2d	T2D	3:124925934:A:G	0.4607	0.4607	0.0396	0.035361989175111	True
t2d	T2D	3:150066540:A:T	0.0547	0.0547	0.0882	0.0777936824826235	False
t2d	T2D	3:49980596:T:C	0.6828	0.31720000000000004	0.042	0.0369718394671378	True
t2d	T2D	3:152456697:T:G	0.9578	0.042200000000000015	0.0988	0.0860599192894632	False
t2d	T2D	3:53123273:A:G	0.5665	0.4335	0.0378	0.0334506765369237	True
t2d	T2D	3:54828827:T:G	0.0452	0.0452	0.0897	0.0770166828655767	False
t2d	T2D	3:185256242:A:G	0.0636	0.0636	0.0768	0.065540702661845	False
t2d	T2D	3:168223132:A:G	0.8723	0.12770000000000004	0.0545	0.0459642713622493	True
t2d	T2D	4:6306763:C:G	0.5893	0.41069999999999995	0.085	0.0831895635946673	True
t2d	T2D	4:1784403:T:C	0.5022	0.4978	0.0548	0.0510172550456563	True
t2d	T2D	4:153513369:A:T	0.7049	0.29510000000000003	0.0572	0.0531463472495771	True
t2d	T2D	4:185718132:A:T	0.82	0.18000000000000005	0.0632	0.05805621294414	True
t2d	T2D	4:45175691:T:C	0.4296	0.4296	0.0435	0.0389872096910307	True
t2d	T2D	4:738275:T:C	0.0451	0.0451	0.1014	0.0904642751572326	True
t2d	T2D	4:95091911:A:G	0.5342	0.4658	0.0397	0.0354667890073708	True
t2d	T2D	4:103900090:A:T	0.6872	0.31279999999999997	0.0418	0.0369180886531694	True
t2d	T2D	4:83578271:A:G	0.3385	0.3385	0.0389	0.034148808551113	True
t2d	T2D	4:3241845:T:C	0.0776	0.0776	0.0704	0.0601894896139874	False
t2d	T2D	4:89740894:C:G	0.5056	0.49439999999999995	0.0362	0.031696826340891	True
t2d	T2D	4:17811914:A:C	0.7162	0.28380000000000005	0.0402	0.0348722727815119	True
t2d	T2D	4:157652753:A:C	0.6782	0.3218	0.0396	0.0340262042349951	False
t2d	T2D	5:102422968:T:C	0.0502	0.0502	0.1657	0.15720809835589	False
t2d	T2D	5:55806751:A:G	0.7406	0.25939999999999996	0.0722	0.0694056092338549	True
t2d	T2D	5:76435004:A:G	0.3008	0.3008	0.0606	0.0569096602102148	True
t2d	T2D	5:75003678:T:C	0.6039	0.3961	0.0502	0.0462247356530402	True
t2d	T2D	5:53271420:A:G	0.689	0.31100000000000005	0.0503	0.0458124509985483	True
t2d	T2D	5:14768092:C:G	0.9036	0.09640000000000004	0.077	0.0704284479663421	True
t2d	T2D	5:78430607:A:C	0.6483	0.3517	0.0433	0.0387800126155451	True
t2d	T2D	5:44682589:A:G	0.3945	0.3945	0.0399	0.0355290180275745	True
t2d	T2D	5:52100489:A:G	0.166	0.166	0.0492	0.0421337592514622	True
t2d	T2D	5:133864599:A:G	0.4292	0.4292	0.0366	0.0319670671907604	True
t2d	T2D	5:53463117:T:C	0.7537	0.24629999999999996	0.0417	0.0359699554221252	True
t2d	T2D	5:51791225:T:C	0.5154	0.48460000000000003	0.0355	0.0309077561114701	True
t2d	T2D	6:20686996:A:C	0.2717	0.2717	0.1379	0.135732654483967	True
t2d	T2D	6:7231843:A:G	0.8879	0.11209999999999998	0.0994	0.0947082935273929	True
t2d	T2D	6:20870093:T:C	0.647	0.353	0.0604	0.0570279382124142	True
t2d	T2D	6:126792095:A:G	0.232	0.232	0.066	0.0623753275841886	True
t2d	T2D	6:127414838:A:G	0.7582	0.24180000000000001	0.0592	0.0548589855663054	True
t2d	T2D	6:50788778:A:C	0.189	0.189	0.0616	0.0564975248704551	True
t2d	T2D	6:43815364:A:G	0.2888	0.2888	0.0514	0.0468489679794672	True
t2d	T2D	6:137302159:T:G	0.5328	0.46719999999999995	0.0458	0.0416344396809293	True
t2d	T2D	6:160770312:A:G	0.5162	0.4838	0.0399	0.0356760443798889	True
t2d	T2D	6:20457100:A:C	0.041	0.041	0.098	0.0849078617517449	False
t2d	T2D	6:164133001:T:C	0.8687	0.13129999999999997	0.0567	0.0485169658800182	True
t2d	T2D	6:107433400:A:T	0.6576	0.34240000000000004	0.0398	0.0349528143417762	True
t2d	T2D	6:40409243:T:C	0.4994	0.4994	0.0379	0.0330564914263618	True
t2d	T2D	6:153433701:T:C	0.4201	0.4201	0.036	0.0312917739235375	True
t2d	T2D	7:28198677:T:C	0.5115	0.48850000000000005	0.0909	0.0892205238331081	True
t2d	T2D	7:15062983:T:C	0.5375	0.4625	0.0641	0.0613974452528512	True
t2d	T2D	7:156975136:A:G	0.662	0.33799999999999997	0.0583	0.0547164336110257	True
t2d	T2D	7:44255643:A:G	0.2434	0.2434	0.0618	0.0577742824752623	True
t2d	T2D	7:14898282:T:C	0.1802	0.1802	0.0672	0.0627904420954993	True
t2d	T2D	7:130457914:A:G	0.3204	0.3204	0.0555	0.0514079603327128	True
t2d	T2D	7:150537635:A:G	0.3123	0.3123	0.044	0.0392196529638182	True
t2d	T2D	7:102486254:T:C	0.8173	0.18269999999999997	0.0508	0.0442395438989751	True
t2d	T2D	7:30728452:T:C	0.7713	0.22870000000000001	0.0473	0.0414624926797303	True
t2d	T2D	7:27977174:T:C	0.9082	0.09179999999999999	0.0654	0.0557849375935073	True
t2d	T2D	7:102086552:T:C	0.1301	0.1301	0.0554	0.0468044774945638	True
t2d	T2D	7:102383690:A:C	0.4743	0.4743	0.0379	0.0330564914263618	True
t2d	T2D	8:118185025:A:G	0.6846	0.3154	0.1077	0.105678838695561	True
t2d	T2D	8:41522991:A:G	0.7644	0.23560000000000003	0.0811	0.0786422369500819	True
t2d	T2D	8:95961626:T:C	0.485	0.485	0.0487	0.0447747518290209	True
t2d	T2D	8:145507304:T:C	0.3719	0.3719	0.0507	0.0462370398328885	True
t2d	T2D	8:9996389:A:G	0.5601	0.43989999999999996	0.0476	0.0435009376933743	False
t2d	T2D	8:19844415:A:G	0.8835	0.11650000000000005	0.0669	0.0597701270618315	True
t2d	T2D	8:9188762:T:C	0.3331	0.3331	0.0436	0.0389485526433543	True
t2d	T2D	8:41386465:T:G	0.9079	0.09209999999999996	0.0699	0.0608433140140965	True
t2d	T2D	8:145245647:T:C	0.2773	0.2773	0.047	0.0411428275588975	False
t2d	T2D	8:128711742:A:G	0.9143	0.0857	0.0746	0.0647326914394585	False
t2d	T2D	8:145879883:T:C	0.5365	0.4635	0.0381	0.0336133157062144	True
t2d	T2D	8:129568078:T:C	0.2672	0.2672	0.042	0.036644354997948	True
t2d	T2D	8:12618225:A:T	0.3206	0.3206	0.0413	0.0360625932074924	True
t2d	T2D	8:9335647:T:C	0.9431	0.05689999999999995	0.0814	0.0699113139996942	False
t2d	T2D	8:96128981:T:C	0.0468	0.0468	0.0875	0.0746797448396433	False
t2d	T2D	8:145639726:T:C	0.5877	0.4123	0.0402	0.0346912826538219	False
t2d	T2D	9:22134068:A:G	0.8296	0.1704	0.1598	0.15690050126229	True
t2d	T2D	9:84308948:A:G	0.594	0.406	0.0674	0.0648998555763131	True
t2d	T2D	9:139241828:T:C	0.7493	0.25070000000000003	0.0748	0.0715875956860874	True
t2d	T2D	9:22003367:A:G	0.5617	0.4383	0.0575	0.0540693010907543	True
t2d	T2D	9:81905590:A:G	0.9323	0.06769999999999998	0.1016	0.0942086681383901	True
t2d	T2D	9:4291928:A:C	0.3584	0.3584	0.0514	0.0472428060108457	True
t2d	T2D	9:136149229:T:C	0.3366	0.3366	0.0473	0.0427929662517299	True
t2d	T2D	9:34074476:T:C	0.3691	0.3691	0.0402	0.0356941060767388	True
t2d	T2D	9:19065825:A:G	0.3937	0.3937	0.0394	0.0350019425781747	True
t2d	T2D	9:97001682:A:C	0.7333	0.26670000000000005	0.0435	0.0382386274160001	True
t2d	T2D	9:28410683:T:C	0.3261	0.3261	0.0393	0.0344138879512574	True
t2d	T2D	10:114758349:T:C	0.2908	0.2908	0.3142	0.313566047076009	True
t2d	T2D	10:94460650:T:C	0.5879	0.4121	0.1095	0.107698211563922	True
t2d	T2D	10:114861304:A:G	0.6855	0.3145	0.0949	0.0928799315156806	False
t2d	T2D	10:114597109:A:G	0.6071	0.3929	0.0762	0.0740455630620063	True
t2d	T2D	10:12307894:T:C	0.2169	0.2169	0.0859	0.0834136434589262	True
t2d	T2D	10:80952826:C:G	0.5324	0.4676	0.0698	0.0674886308080728	True
t2d	T2D	10:94138239:A:G	0.46	0.46	0.055	0.0514702447465161	True
t2d	T2D	10:124193181:T:G	0.5118	0.48819999999999997	0.0489	0.0449839324865531	True
t2d	T2D	10:71465359:T:G	0.7021	0.29790000000000005	0.051	0.0464221329534171	True
t2d	T2D	10:71321279:A:G	0.3168	0.3168	0.05	0.0454946362305834	True
t2d	T2D	10:93749380:T:G	0.0861	0.0861	0.0767	0.0690943914521827	False
t2d	T2D	11:92708710:C:G	0.2792	0.2792	0.101	0.0988946417565984	True
t2d	T2D	11:2857194:A:C	0.427	0.427	0.0892	0.0874114677801709	True
t2d	T2D	11:72460398:A:C	0.8357	0.1643	0.1002	0.0970475042264065	True
t2d	T2D	11:17408630:T:C	0.3728	0.3728	0.0706	0.068266942701327	True
t2d	T2D	11:2197286:A:G	0.3813	0.3813	0.0668	0.0639764553435774	True
t2d	T2D	11:2692249:T:C	0.3963	0.3963	0.0576	0.0539483980204986	True
t2d	T2D	11:65294799:T:C	0.201	0.201	0.0608	0.0557233471761607	True
t2d	T2D	11:43877934:A:C	0.2867	0.2867	0.0502	0.0455714062050695	True
t2d	T2D	11:69456000:C:G	0.9741	0.025900000000000034	0.1454	0.12605918234653	True
t2d	T2D	11:128398938:T:C	0.2047	0.2047	0.0531	0.0472401420175362	True
t2d	T2D	11:93012957:A:T	0.539	0.46099999999999997	0.0419	0.0376119258387822	True
t2d	T2D	11:32927778:T:G	0.9574	0.04259999999999997	0.1048	0.0931108198360633	False
t2d	T2D	11:128041582:A:G	0.8528	0.1472	0.058	0.05058687862782	True
t2d	T2D	11:2073182:A:G	0.2029	0.2029	0.0463	0.0396983358026863	True
t2d	T2D	11:14763828:A:C	0.0233	0.0233	0.1212	0.10046511842132	False
t2d	T2D	11:47529947:A:C	0.4106	0.4106	0.0362	0.0315180632882592	True
t2d	T2D	11:34982148:A:C	0.2914	0.2914	0.0389	0.0336221762448771	True
t2d	T2D	11:128234144:A:G	0.2829	0.2829	0.0394	0.0339918660073613	True
t2d	T2D	12:4384844:T:G	0.9801	0.01990000000000003	0.4826	0.468003465814369	False
t2d	T2D	12:66221060:A:T	0.1037	0.1037	0.102	0.0973006560066019	True
t2d	T2D	12:27962934:A:G	0.8036	0.19640000000000002	0.0751	0.0718190951259406	True
t2d	T2D	12:121432117:C:G	0.6918	0.30820000000000003	0.0617	0.0582442404392224	False
t2d	T2D	12:66371880:T:G	0.5072	0.4928	0.0538	0.0501784935772724	True
t2d	T2D	12:71523043:A:C	0.5633	0.4367	0.0484	0.0444613807887201	True
t2d	T2D	12:108629780:A:G	0.7341	0.2659	0.0517	0.046757353093056	True
t2d	T2D	12:133068484:A:G	0.331	0.331	0.0478	0.0430407193035239	False
t2d	T2D	12:26457190:A:G	0.2586	0.2586	0.0457	0.0405514805556003	True
t2d	T2D	12:123450765:C:G	0.7828	0.21719999999999995	0.047	0.0411428275588975	True
t2d	T2D	12:118394008:T:C	0.1365	0.1365	0.0559	0.0479751568360014	True
t2d	T2D	12:121097000:A:G	0.0449	0.0449	0.0913	0.0792476715444187	False
t2d	T2D	12:12871099:T:G	0.2325	0.2325	0.0473	0.0407847758100474	True
t2d	T2D	12:97848775:A:G	0.9295	0.07050000000000001	0.0753	0.064747400057286	True
t2d	T2D	12:121570940:C:G	0.9613	0.03869999999999996	0.1063	0.0910644009326921	True
t2d	T2D	12:26259919:A:G	0.3542	0.3542	0.0381	0.0332767831363064	True
t2d	T2D	12:95921998:T:C	0.0682	0.0682	0.0714	0.0600779999562373	True
t2d	T2D	12:4031104:T:C	0.8034	0.1966	0.0451	0.0379869117950138	True
t2d	T2D	13:80717156:A:G	0.7209	0.2791	0.0817	0.0795321046215517	True
t2d	T2D	13:80603592:A:C	0.6186	0.38139999999999996	0.0457	0.0412649416787841	True
t2d	T2D	13:33554302:A:G	0.1687	0.1687	0.0538	0.0470370794363876	True
t2d	T2D	13:26776999:A:G	0.7609	0.23909999999999998	0.0468	0.0412499454187177	True
t2d	T2D	13:108797836:T:C	0.1264	0.1264	0.0545	0.0459642713622493	True
t2d	T2D	13:59077406:A:T	0.7092	0.29079999999999995	0.0408	0.0353486257273428	False
t2d	T2D	13:51094114:T:G	0.7121	0.28790000000000004	0.0387	0.0333994853416155	True
t2d	T2D	13:58666728:A:G	0.7641	0.2359	0.0425	0.036287287342895	True
t2d	T2D	13:31042452:T:G	0.7331	0.2669	0.04	0.0342811813415917	True
t2d	T2D	14:79944099:A:G	0.2192	0.2192	0.0554	0.0503628860748241	False
t2d	T2D	14:91968313:A:G	0.4587	0.4587	0.0367	0.0322517892926572	True
t2d	T2D	14:103858673:A:G	0.6523	0.3477	0.038	0.0331667591916898	True
t2d	T2D	14:33302882:T:G	0.474	0.474	0.0356	0.0310213987713675	True
t2d	T2D	14:23288935:C:G	0.2264	0.2264	0.0428	0.0366180778094648	False
t2d	T2D	15:77782335:A:G	0.7074	0.29259999999999997	0.0814	0.0792898245930108	True
t2d	T2D	15:90384045:T:C	0.2822	0.2822	0.0644	0.0611317260999667	True
t2d	T2D	15:91511260:A:G	0.3629	0.3629	0.0525	0.0484172038129268	True
t2d	T2D	15:38873115:T:C	0.1222	0.1222	0.0772	0.0721809344441439	False
t2d	T2D	15:62399093:A:C	0.5706	0.4294	0.047	0.0428772762908695	True
t2d	T2D	15:41801512:T:G	0.3556	0.3556	0.0469	0.0425108515788528	True
t2d	T2D	15:77315432:A:G	0.4514	0.4514	0.0429	0.0386444166431294	True
t2d	T2D	15:75932129:T:G	0.7594	0.24060000000000004	0.0481	0.0426266446048087	True
t2d	T2D	15:63871292:T:C	0.4636	0.4636	0.0387	0.0344128517669142	True
t2d	T2D	15:68080886:A:T	0.642	0.358	0.0378	0.0329459747432204	True
t2d	T2D	15:53091553:T:C	0.126	0.126	0.054	0.0453853264122997	True
t2d	T2D	15:57469927:A:C	0.0339	0.0339	0.1006	0.0838548972195992	False
t2d	T2D	16:53809123:T:C	0.4175	0.4175	0.122	0.120168212896482	True
t2d	T2D	16:75243657:C:G	0.8968	0.10319999999999996	0.1135	0.108622879126252	True
t2d	T2D	16:81534790:T:C	0.2987	0.2987	0.0546	0.0502995370703994	True
t2d	T2D	16:295795:T:C	0.8246	0.1754	0.0587	0.0527306516014676	True
t2d	T2D	16:69651866:T:C	0.5769	0.42310000000000003	0.0433	0.0390566925740184	True
t2d	T2D	16:30033633:T:C	0.4002	0.4002	0.041	0.0366786232680361	True
t2d	T2D	16:53454855:T:G	0.9107	0.08930000000000005	0.0711	0.060408662159478	False
t2d	T2D	16:89564055:A:T	0.1582	0.1582	0.0528	0.0448188151774989	True
t2d	T2D	17:36099952:A:T	0.4826	0.4826	0.0749	0.0727537993392942	True
t2d	T2D	17:47060322:A:C	0.677	0.32299999999999995	0.0554	0.0512988748702337	True
t2d	T2D	17:3988451:T:C	0.3262	0.3262	0.0523	0.048075240480708	True
t2d	T2D	17:17661802:A:G	0.3177	0.3177	0.0476	0.0429698593333863	True
t2d	T2D	17:40731411:C:G	0.2746	0.2746	0.049	0.0441632869893802	True
t2d	T2D	17:65892507:C:G	0.1937	0.1937	0.0525	0.0464257632320868	True
t2d	T2D	17:40566240:T:C	0.0688	0.0688	0.0778	0.0685887886242662	True
t2d	T2D	17:62202689:T:C	0.1388	0.1388	0.0566	0.048782869471906	False
t2d	T2D	17:9793756:A:G	0.3215	0.3215	0.039	0.0340882377041519	False
t2d	T2D	18:57857135:T:G	0.2675	0.2675	0.0537	0.0490560393528723	True
t2d	T2D	18:60845884:T:C	0.6129	0.3871	0.0477	0.0432106553178581	True
t2d	T2D	18:53050646:A:C	0.0837	0.0837	0.0765	0.0691931578020898	False
t2d	T2D	18:58050968:T:C	0.977	0.02300000000000002	0.1383	0.116342472455071	False
t2d	T2D	18:56876430:T:G	0.8281	0.17190000000000005	0.0487	0.0415834961226589	True
t2d	T2D	18:7070642:T:C	0.374	0.374	0.0372	0.0324580250907659	True
t2d	T2D	18:53428347:T:C	0.2494	0.2494	0.0407	0.0350573197342937	True
t2d	T2D	19:46157019:A:G	0.5626	0.4374	0.0603	0.0571344000355692	True
t2d	T2D	19:45411941:T:C	0.8473	0.15269999999999995	0.0746	0.0702219528161134	True
t2d	T2D	19:19419071:A:G	0.0761	0.0761	0.0877	0.0812643687679982	True
t2d	T2D	19:7970635:A:G	0.3912	0.3912	0.048	0.0437888308250517	True
t2d	T2D	19:13036677:A:G	0.591	0.40900000000000003	0.0431	0.0388505857388984	True
t2d	T2D	19:47569003:A:G	0.6718	0.32820000000000005	0.0434	0.0385944297755782	False
t2d	T2D	19:33897149:A:G	0.7307	0.2693	0.0434	0.0381329670738557	True
t2d	T2D	19:4951064:C:G	0.1933	0.1933	0.0474	0.0407138232508155	True
t2d	T2D	20:43042364:T:C	0.0349	0.0349	0.1602	0.147920088945078	True
t2d	T2D	20:48832135:T:C	0.5351	0.4649	0.0443	0.0400869151072136	True
t2d	T2D	20:57397566:T:G	0.5465	0.4535	0.0416	0.0374403533948479	True
t2d	T2D	20:32582871:T:C	0.6684	0.3316	0.044	0.0393638781683619	True
t2d	T2D	20:45581777:C:G	0.4268	0.4268	0.0404	0.0360530589291993	True
t2d	T2D	20:21460433:A:T	0.1073	0.1073	0.0577	0.048253266148556	True
t2d	T2D	20:32381337:A:G	0.5737	0.4263	0.0375	0.0326128803785856	True
t2d	T2D	22:30599562:A:G	0.913	0.08699999999999997	0.0826	0.0761531556860287	False
t2d	T2D	22:50422348:A:G	0.5008	0.4992	0.0431	0.038713256740571	True
t2d	T2D	22:50604696:A:G	0.0511	0.0511	0.0902	0.0781130139164836	False
t2d	T2D	22:44324727:C:G	0.2257	0.2257	0.0436	0.0376731525887491	True
t2d	T2D	22:41489920:A:G	0.7134	0.28659999999999997	0.0401	0.0347629691028145	True
triglycerides	Triglycerides	1:62901807:C:A	0.6449	0.35509999999999997	0.09969	0.0995273149247401	True
triglycerides	Triglycerides	1:230301811:T:G	0.3874	0.3874	0.06475	0.0645897745214864	True
triglycerides	Triglycerides	1:27021913:G:C	0.02343	0.02343	0.1157	0.114281911512142	False
triglycerides	Triglycerides	1:40048009:G:A	0.2253	0.2253	0.03184	0.0308016725712154	True
triglycerides	Triglycerides	1:230402624:A:G	0.1188	0.1188	0.03866	0.0371684133099905	False
triglycerides	Triglycerides	1:154251259:A:T	0.6971	0.30289999999999995	0.0272	0.0263332872460151	False
triglycerides	Triglycerides	1:219759733:A:G	0.1916	0.1916	0.02827	0.0271162499057455	True
triglycerides	Triglycerides	1:149844305:T:A	0.91326	0.08674000000000004	0.03833	0.0362875532326442	False
triglycerides	Triglycerides	1:219637671:A:T	0.5926	0.4074	0.02159	0.0208376129635652	True
triglycerides	Triglycerides	1:98502410:A:C	0.1656	0.1656	0.02786	0.0265694791862795	True
triglycerides	Triglycerides	1:50849156:G:A	0.4842	0.4842	0.02033	0.0195508828276051	True
triglycerides	Triglycerides	1:51351846:G:A	0.9128	0.08720000000000006	0.03536	0.0332049147160546	True
triglycerides	Triglycerides	1:63407799:G:C	0.09282	0.09282	0.03376	0.0316268475802037	False
triglycerides	Triglycerides	1:220996287:G:T	0.5603	0.4397	0.01948	0.0186208863979037	True
triglycerides	Triglycerides	1:54877103:C:T	0.6502	0.3498	0.02004	0.0191494703265172	True
triglycerides	Triglycerides	1:154135445:T:C	0.8198	0.18020000000000003	0.02473	0.0235266948499195	True
triglycerides	Triglycerides	1:93858292:A:G	0.8156	0.1844	0.02405	0.0228595883997084	True
triglycerides	Triglycerides	1:228059956:C:T	0.6228	0.3772	0.0188	0.0178013294881381	True
triglycerides	Triglycerides	1:230708632:G:A	0.026	0.026	0.06072	0.0584420073406744	False
triglycerides	Triglycerides	1:178508930:G:A	0.6581	0.3419	0.01775	0.0165620038339768	True
triglycerides	Triglycerides	1:230143511:G:A	0.2034	0.2034	0.02063	0.0193368329142873	True
triglycerides	Triglycerides	1:205241659:T:C	0.9094	0.09060000000000001	0.02887	0.0266879194135814	False
triglycerides	Triglycerides	1:172355276:G:A	0.433	0.433	0.01663	0.0153865558931834	True
triglycerides	Triglycerides	1:229983791:G:A	0.03662	0.03662	0.04493	0.041328022593467	False
triglycerides	Triglycerides	1:61684288:A:G	0.92372	0.07628000000000001	0.0306	0.0280435669266998	True
triglycerides	Triglycerides	1:23787021:C:A	0.8739	0.1261	0.02413	0.0224325983173844	False
triglycerides	Triglycerides	1:118143517:A:G	0.3186	0.3186	0.01674	0.0152924575392691	True
triglycerides	Triglycerides	1:40393160:A:G	0.2656	0.2656	0.01698	0.0154008721720179	True
triglycerides	Triglycerides	1:29576784:A:C	0.5445	0.4555	0.01518	0.0136581113855384	True
triglycerides	Triglycerides	1:153994210:A:G	0.2834	0.2834	0.01663	0.0150524818372567	True
triglycerides	Triglycerides	1:62637994:G:A	0.90286	0.09714	0.025	0.0228412550990161	True
triglycerides	Triglycerides	1:184672098:G:A	0.98044	0.019560000000000022	0.05326	0.0488396948054884	False
triglycerides	Triglycerides	1:203511492:G:A	0.4994	0.4994	0.01465	0.0130742234737122	True
triglycerides	Triglycerides	1:214147889:T:C	0.5404	0.4596	0.01463	0.0130432655625618	True
triglycerides	Triglycerides	1:110499669:A:G	0.4116	0.4116	0.01469	0.0130667093021	True
triglycerides	Triglycerides	1:150642998:A:G	0.07835	0.07835	0.02693	0.0242902460878327	False
triglycerides	Triglycerides	1:202501761:G:A	0.5146	0.48540000000000005	0.01439	0.0127645694527333	True
triglycerides	Triglycerides	1:221270965:C:T	0.14	0.14	0.02064	0.0186889277461911	True
triglycerides	Triglycerides	1:23965115:A:G	0.2296	0.2296	0.01664	0.0147681535843859	True
triglycerides	Triglycerides	1:203055101:A:G	0.4577	0.4577	0.01433	0.012596036412894	True
triglycerides	Triglycerides	1:91530305:C:T	0.8033	0.19669999999999999	0.01757	0.0156355772934061	True
triglycerides	Triglycerides	1:150940358:C:T	0.3527	0.3527	0.0145	0.0127189422874386	True
triglycerides	Triglycerides	1:10799577:T:C	0.6546	0.34540000000000004	0.01452	0.0127332247776087	True
triglycerides	Triglycerides	1:156314627:A:G	0.4957	0.4957	0.01375	0.0120190422029175	True
triglycerides	Triglycerides	2:27730940:T:C	0.3929	0.3929	0.1254	0.125283697819217	True
triglycerides	Triglycerides	2:21231524:G:A	0.7954	0.2046	0.08093	0.0806885292482768	True
triglycerides	Triglycerides	2:165528876:C:T	0.6067	0.3933	0.05113	0.0508979660554822	True
triglycerides	Triglycerides	2:227099180:C:T	0.6467	0.35329999999999995	0.05007	0.0498060988311422	True
triglycerides	Triglycerides	2:27424636:G:A	0.697	0.30300000000000005	0.04343	0.0429152968528259	True
triglycerides	Triglycerides	2:28191629:C:T	0.7807	0.21930000000000005	0.04177	0.041039737402653	True
triglycerides	Triglycerides	2:27189063:G:A	0.05615	0.05615	0.07675	0.0759601485392952	False
triglycerides	Triglycerides	2:28532309:A:G	0.5956	0.4044	0.03154	0.0307829960248794	True
triglycerides	Triglycerides	2:21383353:C:T	0.4404	0.4404	0.02805	0.0273180628258526	True
triglycerides	Triglycerides	2:26990430:T:A	0.04204	0.04204	0.06747	0.066466510383886	False
triglycerides	Triglycerides	2:20367135:C:T	0.5216	0.47840000000000005	0.02554	0.0248357023052309	True
triglycerides	Triglycerides	2:219555573:C:A	0.5523	0.4477	0.02546	0.0247511962416975	True
triglycerides	Triglycerides	2:3642361:T:C	0.8202	0.17979999999999996	0.02624	0.0250168237679841	True
triglycerides	Triglycerides	2:65276049:T:C	0.5849	0.4151	0.01954	0.0186754991615737	True
triglycerides	Triglycerides	2:28646847:C:T	0.1291	0.1291	0.0285	0.026909408121898	True
triglycerides	Triglycerides	2:20887072:G:T	0.93022	0.06977999999999995	0.03534	0.0326913902074547	True
triglycerides	Triglycerides	2:230128204:G:T	0.7068	0.2932	0.01963	0.0185863569593568	True
triglycerides	Triglycerides	2:121347612:G:C	0.7286	0.2714	0.02053	0.019426899055609	False
triglycerides	Triglycerides	2:111916868:A:C	0.8987	0.10129999999999995	0.02876	0.02678066999104	False
triglycerides	Triglycerides	2:21546793:G:A	0.98646	0.013539999999999996	0.08139	0.0778931020811957	False
triglycerides	Triglycerides	2:119752450:A:C	0.0153	0.0153	0.06948	0.0666313385274829	False
triglycerides	Triglycerides	2:175238924:T:C	0.8136	0.1864	0.02154	0.0202254135518988	False
triglycerides	Triglycerides	2:203334573:A:G	0.1764	0.1764	0.02241	0.0210276903367439	False
triglycerides	Triglycerides	2:59330227:A:G	0.3974	0.3974	0.01708	0.0158692563251669	True
triglycerides	Triglycerides	2:220101974:A:G	0.01855	0.01855	0.06241	0.0596075695971003	False
triglycerides	Triglycerides	2:37075013:T:A	0.5747	0.4253	0.01672	0.0154814521492125	True
triglycerides	Triglycerides	2:48962291:G:T	0.2386	0.2386	0.01909	0.0177682453350119	True
triglycerides	Triglycerides	2:165346064:G:A	0.6647	0.33530000000000004	0.01706	0.015736602464608	True
triglycerides	Triglycerides	2:43490619:A:T	0.1606	0.1606	0.02138	0.0198151209029862	True
triglycerides	Triglycerides	2:242237902:C:T	0.6399	0.3601	0.01618	0.0147533712519068	True
triglycerides	Triglycerides	2:65689800:T:C	0.5458	0.45420000000000005	0.01549	0.0140556937006	True
triglycerides	Triglycerides	2:202525551:C:T	0.2383	0.2383	0.0182	0.0166998078591091	True
triglycerides	Triglycerides	2:66954363:A:G	0.08099	0.08099	0.02826	0.0257902217997021	True
triglycerides	Triglycerides	2:37255806:C:T	0.92456	0.07543999999999995	0.02882	0.0262061493878091	True
triglycerides	Triglycerides	2:171629063:C:G	0.3705	0.3705	0.01573	0.0142203255897426	True
triglycerides	Triglycerides	2:158525226:C:T	0.8782	0.12180000000000002	0.02318	0.0212958491541936	True
triglycerides	Triglycerides	2:227375161:G:C	0.8292	0.17079999999999995	0.01996	0.018279149609984	True
triglycerides	Triglycerides	2:223696013:T:C	0.98819	0.011809999999999987	0.07402	0.0696532799398089	False
triglycerides	Triglycerides	2:234522619:A:C	0.06862	0.06862	0.02917	0.0263052290415619	False
triglycerides	Triglycerides	2:169521437:C:A	0.9293	0.07069999999999999	0.02881	0.0260073416839475	True
triglycerides	Triglycerides	2:203740157:G:C	0.3277	0.3277	0.01564	0.014001380916308	True
triglycerides	Triglycerides	2:217682247:C:T	0.8021	0.19789999999999996	0.01828	0.0165144340413679	True
triglycerides	Triglycerides	2:219138170:T:G	0.4627	0.4627	0.01509	0.0134428996568275	False
triglycerides	Triglycerides	2:161340112:T:A	0.5108	0.48919999999999997	0.01442	0.0128119427818099	True
triglycerides	Triglycerides	2:113844553:T:C	0.5152	0.4848	0.01442	0.0128089491758782	True
triglycerides	Triglycerides	2:146028558:G:A	0.7675	0.23250000000000004	0.01714	0.0153848695143601	True
triglycerides	Triglycerides	2:85857175:T:C	0.8733	0.12670000000000003	0.02164	0.0196723463874852	True
triglycerides	Triglycerides	2:226724248:A:G	0.01253	0.01253	0.06578	0.0612999799525174	False
triglycerides	Triglycerides	2:61361634:G:A	0.91204	0.08796000000000004	0.02524	0.022816937041932	True
triglycerides	Triglycerides	2:219879746:G:A	0.02409	0.02409	0.0496	0.0445546182920278	False
triglycerides	Triglycerides	2:170970668:A:G	0.5418	0.45820000000000005	0.01434	0.012667369076539	True
triglycerides	Triglycerides	2:145818432:A:G	0.5533	0.4467	0.01422	0.0125534247551601	True
triglycerides	Triglycerides	2:20580293:T:C	0.2814	0.2814	0.01592	0.014119855547776	True
triglycerides	Triglycerides	2:147847890:T:C	0.3841	0.3841	0.01448	0.0127587719006552	True
triglycerides	Triglycerides	2:50715796:A:C	0.5184	0.48160000000000003	0.01406	0.0123710664857641	True
triglycerides	Triglycerides	2:227650858:G:A	0.05202	0.05202	0.03327	0.0292097655493817	True
triglycerides	Triglycerides	2:215262669:G:A	0.6871	0.31289999999999996	0.01493	0.0131043687000668	True
triglycerides	Triglycerides	2:181725206:A:G	0.5584	0.4416	0.01405	0.0123085693776651	True
triglycerides	Triglycerides	2:163074888:T:C	0.93345	0.06655	0.02781	0.0247378832122171	False
triglycerides	Triglycerides	2:202185132:A:G	0.5069	0.4931	0.01377	0.0120409409769761	True
triglycerides	Triglycerides	2:70236757:T:C	0.05964	0.05964	0.02906	0.0257126021612947	True
triglycerides	Triglycerides	3:135956305:A:C	0.7671	0.2329	0.03581	0.0348627692458988	True
triglycerides	Triglycerides	3:150066540:T:A	0.05975	0.05975	0.06053	0.0597695260800728	False
triglycerides	Triglycerides	3:52490391:A:G	0.804	0.19599999999999995	0.03405	0.0329302363683876	True
triglycerides	Triglycerides	3:12396955:G:A	0.8778	0.12219999999999998	0.0361	0.0345325113961877	True
triglycerides	Triglycerides	3:172294500:G:A	0.03127	0.03127	0.07036	0.0689389177479317	False
triglycerides	Triglycerides	3:170727739:T:A	0.121	0.121	0.03552	0.0338919070425411	False
triglycerides	Triglycerides	3:52838654:C:T	0.8788	0.12119999999999997	0.0344	0.0327638901575176	True
triglycerides	Triglycerides	3:24520283:A:G	0.3071	0.3071	0.02287	0.0219837850574394	True
triglycerides	Triglycerides	3:156795414:G:T	0.6136	0.38639999999999997	0.02101	0.0202099184396265	True
triglycerides	Triglycerides	3:142649110:C:G	0.6598	0.34019999999999995	0.02011	0.0192078380496029	True
triglycerides	Triglycerides	3:87037543:A:G	0.90978	0.09021999999999997	0.03133	0.0291525071841348	False
triglycerides	Triglycerides	3:52648265:T:C	0.4541	0.4541	0.01761	0.0165401841399714	True
triglycerides	Triglycerides	3:142019751:A:G	0.8691	0.13090000000000002	0.02315	0.0214471888594234	True
triglycerides	Triglycerides	3:37025661:T:C	0.5367	0.46330000000000005	0.01563	0.0142225777589234	True
triglycerides	Triglycerides	3:187628006:T:G	0.7319	0.2681	0.01772	0.0162680678601948	False
triglycerides	Triglycerides	3:135656190:G:A	0.92962	0.07038	0.03037	0.0275414747251281	False
triglycerides	Triglycerides	3:4762734:A:T	0.4658	0.4658	0.01527	0.0137843927057387	True
triglycerides	Triglycerides	3:69879670:G:T	0.4323	0.4323	0.01509	0.0135684413291614	True
triglycerides	Triglycerides	3:196187608:G:A	0.2716	0.2716	0.01623	0.0145069476263344	True
triglycerides	Triglycerides	3:94031839:G:T	0.4844	0.4844	0.01437	0.0127530521855859	True
triglycerides	Triglycerides	3:127306462:C:T	0.2005	0.2005	0.01797	0.0161737272580565	True
triglycerides	Triglycerides	3:15681940:C:A	0.2707	0.2707	0.01602	0.0142491451959268	True
triglycerides	Triglycerides	3:50774235:C:G	0.02275	0.02275	0.05025	0.0451988888698112	False
triglycerides	Triglycerides	3:47506230:G:A	0.1009	0.1009	0.02399	0.021640883803369	False
triglycerides	Triglycerides	3:49495682:T:C	0.04684	0.04684	0.03412	0.0299147215938008	False
triglycerides	Triglycerides	3:12515602:T:C	0.7058	0.2942	0.01531	0.0134824813011169	False
triglycerides	Triglycerides	3:47399753:T:C	0.3728	0.3728	0.01436	0.0125982489279893	True
triglycerides	Triglycerides	3:123220264:T:C	0.2139	0.2139	0.01688	0.0149438988068283	True
triglycerides	Triglycerides	3:46835250:T:C	0.2951	0.2951	0.01588	0.0139810727981304	True
triglycerides	Triglycerides	3:50052867:T:A	0.2514	0.2514	0.01651	0.0145724817206836	False
triglycerides	Triglycerides	4:87985166:C:T	0.3994	0.3994	0.0458	0.0454312417248192	True
triglycerides	Triglycerides	4:3443931:A:G	0.3824	0.3824	0.04403	0.0435860265400255	True
triglycerides	Triglycerides	4:26047616:A:G	0.1675	0.1675	0.03384	0.0325740962812045	False
triglycerides	Triglycerides	4:87595822:G:A	0.8642	0.13580000000000003	0.03575	0.0343064067461326	False
triglycerides	Triglycerides	4:88416223:A:G	0.593	0.40700000000000003	0.02345	0.022727652532618	True
triglycerides	Triglycerides	4:18029165:A:G	0.1357	0.1357	0.03264	0.0311214254924327	True
triglycerides	Triglycerides	4:100508556:A:G	0.91739	0.08260999999999996	0.03918	0.0371757608461852	True
triglycerides	Triglycerides	4:103188709:C:T	0.07458	0.07458	0.04102	0.0390018610141076	False
triglycerides	Triglycerides	4:89713121:C:T	0.4615	0.4615	0.02091	0.0201556997323794	True
triglycerides	Triglycerides	4:3141410:C:T	0.6968	0.3032	0.02225	0.0213960757613069	True
triglycerides	Triglycerides	4:4990298:A:G	0.5579	0.44210000000000005	0.01884	0.0179260048785112	False
triglycerides	Triglycerides	4:110569620:C:T	0.0206	0.0206	0.06411	0.061901756261568	False
triglycerides	Triglycerides	4:77413142:G:C	0.5372	0.4628	0.01788	0.0168553830894819	True
triglycerides	Triglycerides	4:86931091:T:C	0.1992	0.1992	0.02148	0.0202475079844638	True
triglycerides	Triglycerides	4:157703932:A:G	0.7759	0.22409999999999997	0.02032	0.0191077702634479	True
triglycerides	Triglycerides	4:110766064:A:G	0.02278	0.02278	0.05759	0.0545049238045321	False
triglycerides	Triglycerides	4:69491456:T:C	0.2603	0.2603	0.01912	0.0177284081747559	False
triglycerides	Triglycerides	4:69596404:T:C	0.3019	0.3019	0.0173	0.0159326096716495	True
triglycerides	Triglycerides	4:71894563:C:T	0.5992	0.40080000000000005	0.01614	0.014738784733302	True
triglycerides	Triglycerides	4:39696766:C:T	0.496	0.496	0.01553	0.0141110404987986	True
triglycerides	Triglycerides	4:15099148:T:C	0.6653	0.3347	0.01633	0.0148669188285476	True
triglycerides	Triglycerides	4:55521017:G:A	0.5082	0.4918	0.015	0.0134931111016673	True
triglycerides	Triglycerides	4:100054827:C:T	0.6977	0.3023	0.01577	0.0140899340314023	True
triglycerides	Triglycerides	4:18135757:T:C	0.3944	0.3944	0.01463	0.0129560097907881	True
triglycerides	Triglycerides	4:992808:T:C	0.2326	0.2326	0.01752	0.0156635589025898	True
triglycerides	Triglycerides	4:154135692:C:T	0.8979	0.10209999999999997	0.02365	0.0213418236697149	False
triglycerides	Triglycerides	4:155476627:G:A	0.01315	0.01315	0.06353	0.0587969039441205	False
triglycerides	Triglycerides	4:111125483:A:G	0.6414	0.35860000000000003	0.01505	0.0132531753497105	True
triglycerides	Triglycerides	4:74136110:A:G	0.1529	0.1529	0.0194	0.0173588499395742	True
triglycerides	Triglycerides	4:76617746:G:A	0.448	0.448	0.01392	0.0121934613329944	True
triglycerides	Triglycerides	5:55861464:C:T	0.1918	0.1918	0.05937	0.0591153009962663	True
triglycerides	Triglycerides	5:156390297:T:C	0.6353	0.3647	0.04606	0.0456900470184584	True
triglycerides	Triglycerides	5:157994544:A:G	0.2142	0.2142	0.0292	0.0281141146371373	True
triglycerides	Triglycerides	5:118729286:C:T	0.7286	0.2714	0.02531	0.0244137998715787	True
triglycerides	Triglycerides	5:53310139:C:G	0.1131	0.1131	0.03546	0.0337365098288182	False
triglycerides	Triglycerides	5:156208190:C:A	0.8893	0.11070000000000002	0.03678	0.0349855288653632	False
triglycerides	Triglycerides	5:67714246:A:G	0.4013	0.4013	0.02282	0.0220706388099063	True
triglycerides	Triglycerides	5:156503515:T:C	0.98789	0.012109999999999954	0.09979	0.0966201033549098	False
triglycerides	Triglycerides	5:82810884:T:C	0.95904	0.040959999999999996	0.0472	0.0446503726452802	False
triglycerides	Triglycerides	5:132381340:C:A	0.7492	0.2508	0.02104	0.0199803240911335	True
triglycerides	Triglycerides	5:78433740:C:A	0.6275	0.37250000000000005	0.01814	0.0170604775610179	False
triglycerides	Triglycerides	5:57610069:G:C	0.4005	0.4005	0.01788	0.016797922296488	True
triglycerides	Triglycerides	5:140772427:T:G	0.1973	0.1973	0.02174	0.0205253726756237	True
triglycerides	Triglycerides	5:140061761:C:T	0.776	0.22399999999999998	0.02076	0.0195940709638349	True
triglycerides	Triglycerides	5:90255685:A:G	0.7224	0.27759999999999996	0.01939	0.0182438358065433	True
triglycerides	Triglycerides	5:155963491:T:C	0.02866	0.02866	0.0508	0.0477711460654813	True
triglycerides	Triglycerides	5:55966023:G:T	0.3419	0.3419	0.01775	0.0165461836529236	True
triglycerides	Triglycerides	5:156625279:T:C	0.6198	0.3802	0.01641	0.0150310420221958	True
triglycerides	Triglycerides	5:40837516:C:G	0.2818	0.2818	0.01736	0.0159297921904578	True
triglycerides	Triglycerides	5:131320462:C:T	0.05775	0.05775	0.03257	0.0292650375319645	True
triglycerides	Triglycerides	5:118853143:C:T	0.3269	0.3269	0.01571	0.0141049771088853	True
triglycerides	Triglycerides	5:153800513:G:A	0.1732	0.1732	0.01935	0.0176091604353223	True
triglycerides	Triglycerides	5:165096435:T:G	0.5498	0.45020000000000004	0.0147	0.0130890177800217	True
triglycerides	Triglycerides	5:155564999:A:T	0.1134	0.1134	0.02262	0.0205425310843256	False
triglycerides	Triglycerides	5:157884540:G:C	0.6898	0.31020000000000003	0.01549	0.0137728720988682	True
triglycerides	Triglycerides	5:103995368:A:G	0.3975	0.3975	0.01459	0.0129084163991247	True
triglycerides	Triglycerides	5:148039207:A:C	0.5998	0.4002	0.01434	0.0126300109302101	True
triglycerides	Triglycerides	5:167865998:T:C	0.8053	0.19469999999999998	0.01782	0.0159026297649317	True
triglycerides	Triglycerides	5:165249527:T:G	0.8806	0.11939999999999995	0.02337	0.0210736743295231	True
triglycerides	Triglycerides	5:176750688:C:G	0.2214	0.2214	0.01687	0.0149775291557598	False
triglycerides	Triglycerides	5:76593161:A:G	0.2874	0.2874	0.01538	0.0135421041129135	True
triglycerides	Triglycerides	5:112490629:A:C	0.2345	0.2345	0.01632	0.0143660623502106	True
triglycerides	Triglycerides	6:43757896:C:A	0.4813	0.4813	0.04977	0.0495226176936615	True
triglycerides	Triglycerides	6:161013013:T:C	0.9844	0.015599999999999947	0.1622	0.161132778749302	True
triglycerides	Triglycerides	6:139834012:T:G	0.3722	0.3722	0.03823	0.0375705360466921	True
triglycerides	Triglycerides	6:127440047:T:C	0.05039	0.05039	0.08095	0.0801096852597078	False
triglycerides	Triglycerides	6:161125454:T:C	0.07537	0.07537	0.05825	0.0576026715834293	False
triglycerides	Triglycerides	6:52630269:C:A	0.3555	0.3555	0.02686	0.0260835299283061	True
triglycerides	Triglycerides	6:130358944:G:T	0.6964	0.3036	0.02415	0.0233255445273787	False
triglycerides	Triglycerides	6:109189021:C:G	0.7827	0.21730000000000005	0.02275	0.0216786399807905	True
triglycerides	Triglycerides	6:20662217:T:C	0.3108	0.3108	0.01935	0.0183204013296198	True
triglycerides	Triglycerides	6:164133001:C:T	0.8661	0.13390000000000002	0.02504	0.0234591757593747	True
triglycerides	Triglycerides	6:133827354:A:G	0.4424	0.4424	0.01627	0.0149754281229464	True
triglycerides	Triglycerides	6:106378009:G:T	0.5473	0.4527	0.01592	0.0145600652894934	True
triglycerides	Triglycerides	6:140604913:T:G	0.7975	0.2025	0.01955	0.0181048606607048	True
triglycerides	Triglycerides	6:84277157:T:C	0.7121	0.28790000000000004	0.0165	0.014894607082845	True
triglycerides	Triglycerides	6:72522321:G:A	0.98293	0.01707000000000003	0.05902	0.0550127792709726	False
triglycerides	Triglycerides	6:51622129:G:A	0.01227	0.01227	0.07083	0.0664605469278374	False
triglycerides	Triglycerides	6:112193298:G:C	0.03661	0.03661	0.03871	0.0341620364937087	True
triglycerides	Triglycerides	6:7247344:C:A	0.815	0.18500000000000005	0.01858	0.0167952225482922	True
triglycerides	Triglycerides	6:37064487:T:C	0.2094	0.2094	0.01796	0.0161412136164119	True
triglycerides	Triglycerides	6:111017652:A:G	0.8028	0.19720000000000004	0.0179	0.01606969810406	True
triglycerides	Triglycerides	6:107437166:C:T	0.6762	0.3238	0.01528	0.0135555187498472	True
triglycerides	Triglycerides	6:20485864:T:C	0.7984	0.2016	0.01782	0.0159825964851065	True
triglycerides	Triglycerides	6:96848669:G:A	0.1644	0.1644	0.01915	0.0172595491640071	True
triglycerides	Triglycerides	6:53520954:A:G	0.8863	0.11370000000000002	0.02251	0.0203975847299579	False
triglycerides	Triglycerides	6:55440255:G:T	0.94923	0.05076999999999998	0.03212	0.0283033419830511	False
triglycerides	Triglycerides	6:111834954:T:C	0.7763	0.2237	0.01649	0.0145288645584332	True
triglycerides	Triglycerides	7:73026378:C:T	0.8385	0.16149999999999998	0.1566	0.156476975072187	True
triglycerides	Triglycerides	7:130430930:C:T	0.5046	0.49539999999999995	0.04552	0.0451588821996773	True
triglycerides	Triglycerides	7:72657007:C:T	0.97416	0.025839999999999974	0.1477	0.146765179361581	False
triglycerides	Triglycerides	7:25991826:T:C	0.8416	0.15839999999999999	0.04653	0.0458861292365625	True
triglycerides	Triglycerides	7:73397788:G:A	0.95876	0.041240000000000054	0.08496	0.0838462468608127	False
triglycerides	Triglycerides	7:72762363:C:T	0.98514	0.014859999999999984	0.1321	0.130200154328263	False
triglycerides	Triglycerides	7:44197583:G:T	0.1371	0.1371	0.03454	0.0330576910484978	True
triglycerides	Triglycerides	7:150209636:G:T	0.231	0.231	0.02604	0.0250336572496453	True
triglycerides	Triglycerides	7:17287269:A:T	0.6301	0.3699	0.02185	0.0210928991882881	True
triglycerides	Triglycerides	7:26403647:A:G	0.4837	0.4837	0.02071	0.0199545312412444	True
triglycerides	Triglycerides	7:17920613:C:T	0.396	0.396	0.02037	0.0195511093622267	True
triglycerides	Triglycerides	7:76036364:A:G	0.5082	0.4918	0.01856	0.0176277849359205	True
triglycerides	Triglycerides	7:15905325:T:C	0.414	0.414	0.01931	0.0183535610469875	False
triglycerides	Triglycerides	7:130585553:T:G	0.6968	0.3032	0.01943	0.0183829050401528	True
triglycerides	Triglycerides	7:150537635:G:A	0.303	0.303	0.01905	0.0179494027747849	True
triglycerides	Triglycerides	7:17392620:C:A	0.8531	0.14690000000000003	0.0238	0.0223242670135423	True
triglycerides	Triglycerides	7:26102206:C:T	0.8791	0.12090000000000001	0.02598	0.0242400939536566	False
triglycerides	Triglycerides	7:29315357:A:G	0.3871	0.3871	0.01698	0.0157177194202217	True
triglycerides	Triglycerides	7:75664921:C:G	0.2106	0.2106	0.0201	0.0187423732279602	True
triglycerides	Triglycerides	7:74002323:C:T	0.05191	0.05191	0.03702	0.0334942371323433	False
triglycerides	Triglycerides	7:5574239:G:C	0.212	0.212	0.01889	0.0173531520069734	True
triglycerides	Triglycerides	7:74492136:G:A	0.0369	0.0369	0.03909	0.0347216660922906	False
triglycerides	Triglycerides	7:44308992:G:C	0.96325	0.03674999999999995	0.03864	0.0341263115374222	False
triglycerides	Triglycerides	7:25883207:A:G	0.1971	0.1971	0.01825	0.0164999873912244	True
triglycerides	Triglycerides	7:106632113:A:G	0.5137	0.48629999999999995	0.01473	0.0131156412172842	True
triglycerides	Triglycerides	7:30728452:C:T	0.7694	0.23060000000000003	0.01728	0.0155259114003822	True
triglycerides	Triglycerides	7:140206555:A:T	0.9586	0.04139999999999999	0.03651	0.0321179320952895	True
triglycerides	Triglycerides	7:75913642:A:G	0.6908	0.30920000000000003	0.01544	0.0137075330409436	True
triglycerides	Triglycerides	7:7276954:G:A	0.6142	0.38580000000000003	0.01472	0.0130247755704361	True
triglycerides	Triglycerides	7:116417848:G:C	0.3316	0.3316	0.01507	0.0133391752291274	True
triglycerides	Triglycerides	7:1008307:C:T	0.1261	0.1261	0.02101	0.0189120850809736	True
triglycerides	Triglycerides	7:150645534:T:G	0.754	0.246	0.01617	0.0142951456136094	True
triglycerides	Triglycerides	7:26285715:A:G	0.7622	0.2378	0.01666	0.0147604657268249	True
triglycerides	Triglycerides	7:107292051:G:C	0.767	0.23299999999999998	0.01644	0.0145330452354529	True
triglycerides	Triglycerides	7:28256240:G:A	0.3663	0.3663	0.01436	0.0125740452305988	True
triglycerides	Triglycerides	8:19819724:C:G	0.8988	0.10119999999999996	0.2643	0.264169047364774	True
triglycerides	Triglycerides	8:126500031:C:G	0.5802	0.41979999999999995	0.1194	0.119273203392322	True
triglycerides	Triglycerides	8:19692353:G:A	0.97755	0.02244999999999997	0.1916	0.191042092780559	False
triglycerides	Triglycerides	8:18272377:C:T	0.2208	0.2208	0.05149	0.0511693989066678	True
triglycerides	Triglycerides	8:10644101:G:C	0.207	0.207	0.04728	0.0467979211960342	True
triglycerides	Triglycerides	8:11521079:A:T	0.4733	0.4733	0.03654	0.0358753221420138	True
triglycerides	Triglycerides	8:8384647:C:G	0.509	0.491	0.03357	0.0328538488262084	True
triglycerides	Triglycerides	8:10193772:C:G	0.5181	0.4819	0.033	0.0322752933273876	True
triglycerides	Triglycerides	8:19576448:C:T	0.5216	0.47840000000000005	0.03305	0.0323154604554722	False
triglycerides	Triglycerides	8:59388565:T:C	0.3366	0.3366	0.03056	0.0297442047731042	True
triglycerides	Triglycerides	8:10534505:T:C	0.1462	0.1462	0.04	0.0388409535715412	False
triglycerides	Triglycerides	8:126631687:C:T	0.2748	0.2748	0.03031	0.0293759683832558	True
triglycerides	Triglycerides	8:10432154:A:G	0.7703	0.22970000000000002	0.02726	0.0262469897070394	False
triglycerides	Triglycerides	8:25464670:G:T	0.2915	0.2915	0.02556	0.0246373855991775	True
triglycerides	Triglycerides	8:20037660:T:C	0.6659	0.33409999999999995	0.02264	0.0218164732768419	True
triglycerides	Triglycerides	8:118191475:C:T	0.6869	0.31310000000000004	0.02078	0.019876872429986	True
triglycerides	Triglycerides	8:72459889:A:G	0.07924	0.07924	0.03323	0.0308099993981661	True
triglycerides	Triglycerides	8:129568061:A:G	0.8826	0.11739999999999995	0.02711	0.0253507978682597	False
triglycerides	Triglycerides	8:64608119:T:A	0.2401	0.2401	0.0201	0.0189215103525117	True
triglycerides	Triglycerides	8:126351023:G:A	0.01349	0.01349	0.07402	0.0708975103097893	False
triglycerides	Triglycerides	8:144286716:T:C	0.5706	0.4294	0.01775	0.0165244668613056	False
triglycerides	Triglycerides	8:71557287:A:T	0.3482	0.3482	0.01764	0.0163592356264146	False
triglycerides	Triglycerides	8:17912752:A:T	0.7169	0.2831	0.01811	0.0168102807244896	True
triglycerides	Triglycerides	8:20144680:G:A	0.8208	0.17920000000000003	0.02126	0.0198501143255949	False
triglycerides	Triglycerides	8:20573754:C:A	0.1879	0.1879	0.02062	0.0192237913259786	False
triglycerides	Triglycerides	8:37397803:T:C	0.94251	0.05749000000000004	0.03472	0.0314674034983094	True
triglycerides	Triglycerides	8:59256985:A:T	0.94932	0.05067999999999995	0.03656	0.033059793770839	False
triglycerides	Triglycerides	8:64716469:A:G	0.5551	0.44489999999999996	0.01568	0.0142737459349732	True
triglycerides	Triglycerides	8:38329650:C:T	0.3994	0.3994	0.01584	0.0144181472787169	True
triglycerides	Triglycerides	8:20298703:G:A	0.8996	0.10040000000000004	0.02588	0.0238222182129233	True
triglycerides	Triglycerides	8:116648089:G:A	0.7067	0.2933	0.01688	0.0153716870592646	True
triglycerides	Triglycerides	8:129677019:A:G	0.90398	0.09602	0.02564	0.023473484967373	False
triglycerides	Triglycerides	8:82525006:A:T	0.98595	0.014050000000000007	0.0626	0.0581359781403738	False
triglycerides	Triglycerides	8:27167942:T:C	0.1991	0.1991	0.01777	0.0159170724025605	True
triglycerides	Triglycerides	8:16309153:A:C	0.8935	0.10650000000000004	0.02274	0.020528156938175	False
triglycerides	Triglycerides	8:12627367:A:G	0.3235	0.3235	0.01498	0.0132036505358659	True
triglycerides	Triglycerides	8:19351040:C:A	0.8708	0.12919999999999998	0.02087	0.0188005373610095	False
triglycerides	Triglycerides	8:19197912:A:G	0.90788	0.09211999999999998	0.02428	0.021860203405306	False
triglycerides	Triglycerides	8:17620942:G:A	0.5868	0.4132	0.0142	0.0124670863940543	True
triglycerides	Triglycerides	9:107665978:C:G	0.8764	0.12360000000000004	0.03626	0.0346986610975912	True
triglycerides	Triglycerides	9:86583076:C:T	0.7489	0.2511	0.02554	0.0246063996463099	True
triglycerides	Triglycerides	9:136146597:C:T	0.7441	0.2559	0.02347	0.022537605151279	True
triglycerides	Triglycerides	9:92202495:T:C	0.5368	0.46319999999999995	0.02019	0.0193887619566659	True
triglycerides	Triglycerides	9:15305378:G:C	0.82	0.18000000000000005	0.02301	0.02176265602673	True
triglycerides	Triglycerides	9:1033773:C:G	0.3082	0.3082	0.01899	0.0178997467830239	True
triglycerides	Triglycerides	9:102162570:C:T	0.8266	0.1734	0.02269	0.0213563051558644	False
triglycerides	Triglycerides	9:139356987:T:C	0.2999	0.2999	0.01838	0.0171943665623022	True
triglycerides	Triglycerides	9:92089704:T:C	0.2587	0.2587	0.01909	0.017865371630284	True
triglycerides	Triglycerides	9:112575625:T:C	0.4804	0.4804	0.01601	0.0146790632963496	True
triglycerides	Triglycerides	9:13562874:C:T	0.8679	0.1321	0.02358	0.021921539146451	True
triglycerides	Triglycerides	9:123354222:C:G	0.7069	0.2931	0.01679	0.0152644209137371	True
triglycerides	Triglycerides	9:36992547:G:T	0.6196	0.38039999999999996	0.01548	0.0139555581332866	True
triglycerides	Triglycerides	9:95382297:C:T	0.1741	0.1741	0.0195	0.017794492532645	True
triglycerides	Triglycerides	9:14790363:C:T	0.339	0.339	0.01546	0.0138318601050857	True
triglycerides	Triglycerides	9:1642998:C:G	0.6547	0.34530000000000005	0.01515	0.0134679505939986	True
triglycerides	Triglycerides	9:112241136:T:C	0.96323	0.03676999999999997	0.03838	0.0337523722206588	True
triglycerides	Triglycerides	9:116401975:G:T	0.7838	0.21619999999999995	0.01893	0.0170759977943517	True
triglycerides	Triglycerides	9:16901067:C:A	0.3453	0.3453	0.0146	0.0128098566132171	True
triglycerides	Triglycerides	9:134946805:A:G	0.3384	0.3384	0.01467	0.0128730173032293	False
triglycerides	Triglycerides	10:94839642:G:A	0.5506	0.4494	0.03932	0.0387336434605421	True
triglycerides	Triglycerides	10:65124098:C:G	0.5272	0.4728	0.03833	0.0377145987442733	True
triglycerides	Triglycerides	10:52573772:C:T	0.01013	0.01013	0.1495	0.147524519892281	False
triglycerides	Triglycerides	10:95316037:G:A	0.06095	0.06095	0.05703	0.0561804132500849	False
triglycerides	Triglycerides	10:94576592:C:T	0.7133	0.28669999999999995	0.02515	0.0242894532810827	True
triglycerides	Triglycerides	10:95067043:G:A	0.3977	0.3977	0.02314	0.0223786809864245	False
triglycerides	Triglycerides	10:114124977:C:A	0.96413	0.03586999999999996	0.06013	0.0587978551073216	False
triglycerides	Triglycerides	10:115814806:T:A	0.3897	0.3897	0.02357	0.0227072415047855	False
triglycerides	Triglycerides	10:94961630:A:T	0.4467	0.4467	0.02124	0.020481196212324	False
triglycerides	Triglycerides	10:5267191:A:G	0.8439	0.15610000000000002	0.02866	0.0272951820812711	True
triglycerides	Triglycerides	10:113987548:A:G	0.1815	0.1815	0.02617	0.024965922942879	True
triglycerides	Triglycerides	10:99772404:G:A	0.5589	0.44110000000000005	0.01983	0.0190030870089615	True
triglycerides	Triglycerides	10:61467182:G:T	0.7671	0.2329	0.02198	0.0209361537127039	False
triglycerides	Triglycerides	10:52373245:G:A	0.02311	0.02311	0.06178	0.059697388465917	False
triglycerides	Triglycerides	10:94274809:A:G	0.1061	0.1061	0.02966	0.0277708685953601	False
triglycerides	Triglycerides	10:74714177:G:T	0.09359	0.09359	0.03113	0.0290125277102992	False
triglycerides	Triglycerides	10:63702572:A:C	0.93424	0.06576000000000004	0.03536	0.0325766756505696	False
triglycerides	Triglycerides	10:77217080:A:G	0.1203	0.1203	0.02637	0.0246619330501102	True
triglycerides	Triglycerides	10:93919120:C:T	0.8134	0.1866	0.02189	0.0206160928465663	True
triglycerides	Triglycerides	10:63830286:T:C	0.588	0.41200000000000003	0.01708	0.0158900188662276	True
triglycerides	Triglycerides	10:64781226:G:A	0.3236	0.3236	0.01785	0.0166388329012306	True
triglycerides	Triglycerides	10:17260743:G:C	0.4152	0.4152	0.01615	0.0148062308375955	True
triglycerides	Triglycerides	10:94414567:A:T	0.4065	0.4065	0.01591	0.0145065033229965	True
triglycerides	Triglycerides	10:101924418:T:C	0.4998	0.4998	0.01553	0.0141230389476771	True
triglycerides	Triglycerides	10:122999550:G:A	0.453	0.453	0.01452	0.0129029527255155	True
triglycerides	Triglycerides	10:103946480:C:G	0.92999	0.07001000000000002	0.02804	0.025173269239596	False
triglycerides	Triglycerides	10:63958112:T:C	0.6435	0.35650000000000004	0.01484	0.0131466246457076	True
triglycerides	Triglycerides	10:65489966:C:A	0.92554	0.07445999999999997	0.02692	0.0241617065184695	False
triglycerides	Triglycerides	10:64193914:T:C	0.93024	0.06976000000000004	0.02823	0.0250917998039426	False
triglycerides	Triglycerides	11:116648917:G:C	0.1324	0.1324	0.3453	0.345183476396205	True
triglycerides	Triglycerides	11:117261026:G:A	0.01329	0.01329	0.2873	0.286173480279547	False
triglycerides	Triglycerides	11:61600342:A:C	0.3532	0.3532	0.05245	0.0522272545950546	True
triglycerides	Triglycerides	11:116399521:C:T	0.01084	0.01084	0.1933	0.192123245413621	False
triglycerides	Triglycerides	11:47275064:G:A	0.732	0.268	0.03588	0.0350194015796778	True
triglycerides	Triglycerides	11:64004723:G:C	0.0456	0.0456	0.07277	0.0718609219451686	False
triglycerides	Triglycerides	11:47669175:T:C	0.4044	0.4044	0.02316	0.0224371271326374	True
triglycerides	Triglycerides	11:116293500:G:A	0.02517	0.02517	0.06958	0.0679297208135869	False
triglycerides	Triglycerides	11:14561945:G:C	0.97145	0.028549999999999964	0.06375	0.0622389368314836	False
triglycerides	Triglycerides	11:68562328:C:T	0.06578	0.06578	0.04116	0.0388977500413721	False
triglycerides	Triglycerides	11:117495067:C:T	0.98865	0.011349999999999971	0.1056	0.101756710693266	False
triglycerides	Triglycerides	11:111521003:C:T	0.95194	0.04805999999999999	0.04765	0.0455914702574852	False
triglycerides	Triglycerides	11:111768113:A:G	0.3703	0.3703	0.02093	0.0201209539147358	True
triglycerides	Triglycerides	11:13355770:C:T	0.639	0.361	0.0204	0.0195486760151026	True
triglycerides	Triglycerides	11:117382799:A:C	0.02242	0.02242	0.06818	0.0661831399057042	False
triglycerides	Triglycerides	11:27694835:A:G	0.264	0.264	0.0219	0.0209509704933931	True
triglycerides	Triglycerides	11:62378221:A:G	0.3719	0.3719	0.01953	0.0186252145601104	True
triglycerides	Triglycerides	11:46608786:C:T	0.98458	0.01541999999999999	0.07255	0.0698642125090733	False
triglycerides	Triglycerides	11:48767656:G:A	0.0682	0.0682	0.03514	0.0324282065497056	True
triglycerides	Triglycerides	11:65473798:C:A	0.7109	0.2891	0.01932	0.01822862322324	True
triglycerides	Triglycerides	11:64318347:G:T	0.06397	0.06397	0.03575	0.032825599119228	False
triglycerides	Triglycerides	11:45875161:A:G	0.96371	0.036290000000000044	0.04486	0.0414290882120543	False
triglycerides	Triglycerides	11:48029285:C:A	0.98693	0.013070000000000026	0.0748	0.0714814403292231	False
triglycerides	Triglycerides	11:62201458:A:G	0.6068	0.3932	0.0167	0.015376275614555	True
triglycerides	Triglycerides	11:50611510:T:C	0.97726	0.022739999999999982	0.0543	0.0509554478519212	False
triglycerides	Triglycerides	11:49390492:T:C	0.98701	0.012989999999999946	0.07503	0.0713195102943106	False
triglycerides	Triglycerides	11:118396331:A:T	0.97731	0.022689999999999988	0.05371	0.0502205573437357	False
triglycerides	Triglycerides	11:64799894:A:C	0.279	0.279	0.01764	0.01624600614156	True
triglycerides	Triglycerides	11:55508858:C:T	0.05537	0.05537	0.03512	0.0316756270217131	False
triglycerides	Triglycerides	11:13525965:G:C	0.96842	0.03158000000000005	0.04426	0.0399142002411406	False
triglycerides	Triglycerides	11:19857484:C:T	0.1248	0.1248	0.023	0.0211848981977417	True
triglycerides	Triglycerides	11:50037053:C:T	0.9887	0.011299999999999977	0.07824	0.0737804724946093	False
triglycerides	Triglycerides	11:49916793:A:G	0.98771	0.012290000000000023	0.07126	0.0671935054925843	False
triglycerides	Triglycerides	11:63711505:G:A	0.01343	0.01343	0.0708	0.0667224070913819	False
triglycerides	Triglycerides	11:65814842:G:A	0.2401	0.2401	0.01755	0.0159442510986939	True
triglycerides	Triglycerides	11:14427402:C:A	0.857	0.14300000000000002	0.02144	0.0196801781021698	True
triglycerides	Triglycerides	11:76489336:A:T	0.7874	0.2126	0.01831	0.0166695316264153	False
triglycerides	Triglycerides	11:51195211:C:A	0.3281	0.3281	0.01626	0.0146479805732126	False
triglycerides	Triglycerides	11:10673739:T:C	0.6896	0.3104	0.01582	0.0141819740108074	True
triglycerides	Triglycerides	11:78105879:C:T	0.8415	0.15849999999999997	0.02004	0.0182657090584219	True
triglycerides	Triglycerides	11:30533708:T:C	0.2683	0.2683	0.01639	0.0146848724201574	True
triglycerides	Triglycerides	11:117699370:G:T	0.9866	0.013399999999999967	0.06818	0.0637991318818067	False
triglycerides	Triglycerides	11:56174037:C:T	0.98549	0.014510000000000023	0.06283	0.0585115441587299	False
triglycerides	Triglycerides	11:51331021:C:A	0.04921	0.04921	0.03329	0.029412646702937	False
triglycerides	Triglycerides	11:61869332:A:G	0.8309	0.16910000000000003	0.0191	0.0172179647560159	True
triglycerides	Triglycerides	11:67997939:A:G	0.7341	0.2659	0.01627	0.0144816319001342	True
triglycerides	Triglycerides	11:57142624:T:C	0.1051	0.1051	0.02296	0.0207450912738833	False
triglycerides	Triglycerides	11:30378559:C:A	0.3525	0.3525	0.01472	0.0129683828662935	True
triglycerides	Triglycerides	11:56014635:C:T	0.98693	0.013070000000000026	0.06568	0.0608611078216415	False
triglycerides	Triglycerides	11:14950889:C:T	0.98953	0.01046999999999998	0.07285	0.0676908396967772	False
triglycerides	Triglycerides	11:61737244:T:G	0.3428	0.3428	0.01467	0.0129019822253432	True
triglycerides	Triglycerides	11:65235231:G:A	0.98031	0.019689999999999985	0.05216	0.046769591190746	False
triglycerides	Triglycerides	11:59936757:A:G	0.5402	0.4598	0.01381	0.0120589869803932	True
triglycerides	Triglycerides	12:124505444:C:T	0.6045	0.39549999999999996	0.03818	0.0375312504865505	True
triglycerides	Triglycerides	12:124404718:T:C	0.6635	0.3365	0.03681	0.0360746179488236	True
triglycerides	Triglycerides	12:4384844:T:G	0.97919	0.020809999999999995	0.1211	0.119304780427242	False
triglycerides	Triglycerides	12:57766392:G:C	0.7575	0.24250000000000005	0.03447	0.0335177908706934	True
triglycerides	Triglycerides	12:20470199:A:G	0.8024	0.1976	0.03461	0.0334969206030509	True
triglycerides	Triglycerides	12:21343886:A:G	0.1284	0.1284	0.03954	0.0382133367436905	True
triglycerides	Triglycerides	12:123206340:T:C	0.7895	0.21050000000000002	0.03006	0.0289673898867964	True
triglycerides	Triglycerides	12:107334262:C:T	0.2965	0.2965	0.0233	0.0224548943843459	True
triglycerides	Triglycerides	12:124267638:A:G	0.1129	0.1129	0.03287	0.0310470286074061	False
triglycerides	Triglycerides	12:69732105:T:C	0.5147	0.48529999999999995	0.01925	0.0183830555805296	True
triglycerides	Triglycerides	12:57869447:T:C	0.3209	0.3209	0.0194	0.0183854569355449	True
triglycerides	Triglycerides	12:58153059:A:G	0.92531	0.07469000000000003	0.03428	0.0317123618796007	True
triglycerides	Triglycerides	12:6739497:T:C	0.278	0.278	0.01989	0.0188110186896815	True
triglycerides	Triglycerides	12:124034690:C:T	0.90378	0.09621999999999997	0.03099	0.0287685309148744	False
triglycerides	Triglycerides	12:123656533:C:T	0.7079	0.2921	0.01934	0.0182491007870176	False
triglycerides	Triglycerides	12:11791685:A:G	0.3981	0.3981	0.01715	0.0159255986280816	True
triglycerides	Triglycerides	12:62838230:C:T	0.8308	0.16920000000000002	0.02201	0.0206008893128097	True
triglycerides	Triglycerides	12:122631481:C:T	0.8298	0.17020000000000002	0.02207	0.0206378689951044	True
triglycerides	Triglycerides	12:125311720:C:T	0.1028	0.1028	0.02627	0.0242733927770329	False
triglycerides	Triglycerides	12:56930992:G:A	0.6657	0.33430000000000004	0.01679	0.0153994050417999	True
triglycerides	Triglycerides	12:26459420:C:T	0.2424	0.2424	0.01836	0.016946066059364	True
triglycerides	Triglycerides	12:107469448:G:C	0.08165	0.08165	0.0287	0.0262692503009809	False
triglycerides	Triglycerides	12:22765864:A:G	0.757	0.243	0.0183	0.0168260255970249	True
triglycerides	Triglycerides	12:65902265:C:T	0.98516	0.014839999999999964	0.0658	0.0622611009803238	False
triglycerides	Triglycerides	12:123339358:C:G	0.3791	0.3791	0.01584	0.0143845435340714	True
triglycerides	Triglycerides	12:124722246:C:T	0.1045	0.1045	0.02487	0.0227651558465811	False
triglycerides	Triglycerides	12:122494845:C:T	0.1887	0.1887	0.01904	0.0173877230060376	True
triglycerides	Triglycerides	12:54030162:A:G	0.01011	0.01011	0.08063	0.075764583527922	False
triglycerides	Triglycerides	12:109611901:C:T	0.97838	0.021619999999999973	0.05076	0.0461896911966121	True
triglycerides	Triglycerides	12:34821442:C:T	0.9075	0.09250000000000003	0.02586	0.0234375957800129	False
triglycerides	Triglycerides	12:123769703:C:T	0.1149	0.1149	0.02284	0.0207923491876874	False
triglycerides	Triglycerides	12:67645247:T:A	0.3449	0.3449	0.01526	0.0135942014883689	True
triglycerides	Triglycerides	12:53682986:C:T	0.3939	0.3939	0.01478	0.013146585755648	True
triglycerides	Triglycerides	12:57219622:T:C	0.07697	0.07697	0.02711	0.0244611579227865	True
triglycerides	Triglycerides	12:29437861:A:G	0.7244	0.27559999999999996	0.01615	0.0144272620359858	True
triglycerides	Triglycerides	12:112890776:A:G	0.90309	0.09691000000000005	0.02419	0.0219333018564267	True
triglycerides	Triglycerides	12:16743434:T:G	0.4417	0.4417	0.0144	0.0127383473679286	True
triglycerides	Triglycerides	12:109712222:T:A	0.8144	0.1856	0.01833	0.0164765423031998	True
triglycerides	Triglycerides	12:53796744:T:C	0.472	0.472	0.01429	0.012626776259005	False
triglycerides	Triglycerides	12:46224063:A:G	0.2082	0.2082	0.01743	0.0155908908219585	True
triglycerides	Triglycerides	12:20579969:G:T	0.7997	0.20030000000000003	0.01755	0.0156577693681596	True
triglycerides	Triglycerides	12:34276084:C:G	0.5875	0.4125	0.0143	0.0125888394857567	True
triglycerides	Triglycerides	12:57456143:G:A	0.9853	0.014700000000000046	0.05795	0.0530621987532889	False
triglycerides	Triglycerides	12:63473125:A:G	0.6912	0.30879999999999996	0.01507	0.0132548586225184	False
triglycerides	Triglycerides	12:71113087:T:C	0.5457	0.45430000000000004	0.0139	0.0121666857421635	True
triglycerides	Triglycerides	12:124134802:C:T	0.0934	0.0934	0.02376	0.0212929960617473	False
triglycerides	Triglycerides	13:114544024:T:C	0.2972	0.2972	0.03855	0.0378209486238991	True
triglycerides	Triglycerides	13:31007805:A:C	0.6705	0.3295	0.02313	0.0222470749385736	False
triglycerides	Triglycerides	13:50655989:G:T	0.98073	0.01927000000000001	0.075	0.0728311570644325	False
triglycerides	Triglycerides	13:95253131:A:C	0.3134	0.3134	0.0201	0.0191499815604905	True
triglycerides	Triglycerides	13:29145323:A:C	0.6535	0.34650000000000003	0.01798	0.0168395469997344	True
triglycerides	Triglycerides	13:51122503:G:A	0.7369	0.2631	0.01927	0.0180785307849544	True
triglycerides	Triglycerides	13:114436633:T:C	0.5784	0.4216	0.01785	0.0165973801670092	False
triglycerides	Triglycerides	13:114756556:C:T	0.5688	0.4312	0.01754	0.0161649902861011	False
triglycerides	Triglycerides	13:74188014:A:T	0.4573	0.4573	0.0157	0.0142613632831219	False
triglycerides	Triglycerides	13:99245866:T:C	0.6341	0.3659	0.01576	0.0141983718873124	True
triglycerides	Triglycerides	13:25820101:T:C	0.8401	0.15990000000000004	0.02002	0.0182574011404462	True
triglycerides	Triglycerides	13:50975876:G:A	0.1068	0.1068	0.02364	0.0215670837281249	True
triglycerides	Triglycerides	13:110991189:G:A	0.7749	0.22509999999999997	0.0174	0.015684662327013	True
triglycerides	Triglycerides	13:112241549:A:G	0.4617	0.4617	0.01452	0.0128909291140331	True
triglycerides	Triglycerides	14:64236191:T:C	0.1584	0.1584	0.02588	0.0245335963063703	True
triglycerides	Triglycerides	14:100765823:T:C	0.92236	0.07764000000000004	0.03454	0.0321263193679935	False
triglycerides	Triglycerides	14:23733114:T:A	0.8026	0.19740000000000002	0.02117	0.0198943068772011	True
triglycerides	Triglycerides	14:69746345:A:G	0.6069	0.3931	0.01527	0.0137152150615298	True
triglycerides	Triglycerides	14:71426929:C:T	0.647	0.353	0.01494	0.0132540853633776	True
triglycerides	Triglycerides	14:23854352:A:T	0.5347	0.46530000000000005	0.01448	0.0128131491412316	True
triglycerides	Triglycerides	14:73924084:T:G	0.9883	0.011700000000000044	0.06943	0.0644590944072615	False
triglycerides	Triglycerides	15:44027885:T:C	0.02511	0.02511	0.1867	0.186213701735358	False
triglycerides	Triglycerides	15:58726744:G:C	0.213	0.213	0.06337	0.0631429073641254	True
triglycerides	Triglycerides	15:63793238:T:G	0.3431	0.3431	0.02966	0.0288539110685359	True
triglycerides	Triglycerides	15:102067841:C:T	0.2558	0.2558	0.02664	0.0257020582149205	True
triglycerides	Triglycerides	15:64005333:C:T	0.7641	0.2359	0.02425	0.0232701736787341	False
triglycerides	Triglycerides	15:57154952:A:T	0.07599	0.07599	0.03727	0.0349444148466093	True
triglycerides	Triglycerides	15:63379643:T:G	0.2114	0.2114	0.02436	0.0232734415419356	True
triglycerides	Triglycerides	15:61960302:A:T	0.2544	0.2544	0.01952	0.018328435444426	True
triglycerides	Triglycerides	15:58571401:A:T	0.8704	0.12960000000000005	0.02503	0.0234034204917985	True
triglycerides	Triglycerides	15:101890913:G:A	0.6127	0.3873	0.01696	0.0157133039609261	True
triglycerides	Triglycerides	15:99222509:A:G	0.7724	0.22760000000000002	0.01953	0.0182208014073432	True
triglycerides	Triglycerides	15:35943377:A:G	0.7898	0.21020000000000005	0.02052	0.0191219655047976	True
triglycerides	Triglycerides	15:73618238:C:T	0.5714	0.4286	0.01588	0.0144735669424966	True
triglycerides	Triglycerides	15:60902512:C:T	0.8421	0.15790000000000004	0.02149	0.0198816496078306	True
triglycerides	Triglycerides	15:66872325:T:C	0.3546	0.3546	0.01577	0.0142499892279131	True
triglycerides	Triglycerides	15:40400195:T:C	0.2992	0.2992	0.01637	0.0148127696603637	True
triglycerides	Triglycerides	15:72103427:T:C	0.7181	0.28190000000000004	0.01648	0.0148396734795952	True
triglycerides	Triglycerides	15:42015413:A:G	0.7032	0.29679999999999995	0.01598	0.0143210887314927	True
triglycerides	Triglycerides	15:41057507:C:T	0.90315	0.09684999999999999	0.02441	0.0220960686364723	False
triglycerides	Triglycerides	15:45001900:A:G	0.1298	0.1298	0.02184	0.0197918571787349	False
triglycerides	Triglycerides	15:39444679:T:G	0.8389	0.16110000000000002	0.01942	0.0174440105671976	True
triglycerides	Triglycerides	15:67317067:T:C	0.1293	0.1293	0.02059	0.0184789517464309	True
triglycerides	Triglycerides	15:66696735:A:C	0.4898	0.4898	0.01379	0.0120596366685191	True
triglycerides	Triglycerides	16:81534790:T:C	0.3013	0.3013	0.04333	0.0428078028471221	True
triglycerides	Triglycerides	16:15172118:T:C	0.7017	0.2983	0.03788	0.0371271519299823	False
triglycerides	Triglycerides	16:56987015:C:T	0.6761	0.32389999999999997	0.03561	0.0348244299266805	True
triglycerides	Triglycerides	16:72097827:C:T	0.1884	0.1884	0.03217	0.0309896321564201	True
triglycerides	Triglycerides	16:69651866:C:T	0.5899	0.4101	0.02415	0.0234287246045232	True
triglycerides	Triglycerides	16:15557623:A:G	0.3738	0.3738	0.02184	0.0210701157698622	True
triglycerides	Triglycerides	16:962154:T:C	0.6236	0.37639999999999996	0.02108	0.0202853321708819	True
triglycerides	Triglycerides	16:4676852:C:A	0.192	0.192	0.02456	0.0234156346199186	True
triglycerides	Triglycerides	16:31115259:T:A	0.6244	0.37560000000000004	0.01912	0.0181675308154602	True
triglycerides	Triglycerides	16:15838940:G:C	0.6552	0.3448	0.01899	0.0179800131655797	False
triglycerides	Triglycerides	16:4488191:G:A	0.3343	0.3343	0.01869	0.0176175278787381	True
triglycerides	Triglycerides	16:85150163:A:G	0.1074	0.1074	0.02946	0.0273791405332952	False
triglycerides	Triglycerides	16:88003327:A:G	0.4978	0.4978	0.01713	0.0159888716348136	True
triglycerides	Triglycerides	16:29994922:C:T	0.4838	0.4838	0.01621	0.0149097302283505	True
triglycerides	Triglycerides	16:70526410:C:T	0.98935	0.010650000000000048	0.08403	0.0797151643685599	False
triglycerides	Triglycerides	16:70369864:C:G	0.98087	0.01912999999999998	0.05917	0.0559547631209194	False
triglycerides	Triglycerides	16:70004172:T:G	0.6852	0.31479999999999997	0.01773	0.0162956453102266	False
triglycerides	Triglycerides	16:69428761:C:T	0.2511	0.2511	0.01769	0.016186979237456	True
triglycerides	Triglycerides	16:85252079:C:A	0.8072	0.19279999999999997	0.01942	0.017855548404702	True
triglycerides	Triglycerides	16:7667199:A:C	0.2462	0.2462	0.01688	0.0151523260155427	True
triglycerides	Triglycerides	16:2462739:C:T	0.323	0.323	0.01518	0.0134392072280212	True
triglycerides	Triglycerides	16:70687185:A:G	0.94774	0.05225999999999997	0.03164	0.0278515598946902	False
triglycerides	Triglycerides	16:83988843:G:A	0.2436	0.2436	0.01603	0.0140959204614612	True
triglycerides	Triglycerides	17:41926126:C:T	0.03189	0.03189	0.1579	0.157362732559518	False
triglycerides	Triglycerides	17:17476791:A:G	0.06092	0.06092	0.05665	0.0558320290348814	False
triglycerides	Triglycerides	17:64210580:A:C	0.97013	0.029869999999999952	0.07672	0.0753759086665162	False
triglycerides	Triglycerides	17:65874861:T:G	0.1951	0.1951	0.03266	0.0315153414644929	True
triglycerides	Triglycerides	17:76391454:T:G	0.3965	0.3965	0.02363	0.0229018291365467	True
triglycerides	Triglycerides	17:1618363:T:C	0.1861	0.1861	0.02828	0.027100310833126	True
triglycerides	Triglycerides	17:42031770:C:T	0.03767	0.03767	0.05868	0.0573501311092581	False
triglycerides	Triglycerides	17:47364107:C:T	0.4607	0.4607	0.02202	0.0212960058246681	True
triglycerides	Triglycerides	17:40698075:A:G	0.2501	0.2501	0.02352	0.0225763969979145	True
triglycerides	Triglycerides	17:46197755:A:G	0.761	0.239	0.02381	0.0228418415019941	False
triglycerides	Triglycerides	17:74281391:T:C	0.6839	0.31610000000000005	0.0204	0.0194709923589202	False
triglycerides	Triglycerides	17:41469457:A:C	0.0632	0.0632	0.03632	0.0334984285679997	False
triglycerides	Triglycerides	17:17344979:T:A	0.01802	0.01802	0.07157	0.0688347375366273	False
triglycerides	Triglycerides	17:41571268:G:C	0.01384	0.01384	0.07528	0.0722725206825152	False
triglycerides	Triglycerides	17:7459299:G:T	0.1956	0.1956	0.0229	0.0216138853163183	False
triglycerides	Triglycerides	17:48637385:G:A	0.6342	0.3658	0.0173	0.0160569244682378	True
triglycerides	Triglycerides	17:57906288:C:G	0.2894	0.2894	0.01797	0.0166863274781457	True
triglycerides	Triglycerides	17:68467129:T:C	0.489	0.489	0.01619	0.0149010590291915	True
triglycerides	Triglycerides	17:64027346:G:A	0.92895	0.07104999999999995	0.03015	0.0274008779015743	True
triglycerides	Triglycerides	17:40450012:T:C	0.2905	0.2905	0.01703	0.0155469894121356	True
triglycerides	Triglycerides	17:26694861:G:A	0.5252	0.4748	0.01532	0.0138696634028823	True
triglycerides	Triglycerides	17:7617787:A:G	0.2188	0.2188	0.01862	0.0170821912907889	True
triglycerides	Triglycerides	17:18200779:G:C	0.5994	0.40059999999999996	0.01586	0.0143687419060955	False
triglycerides	Triglycerides	17:80052073:A:G	0.4434	0.4434	0.01528	0.0137976196943658	True
triglycerides	Triglycerides	17:42886194:C:A	0.1332	0.1332	0.02186	0.0200413519780794	True
triglycerides	Triglycerides	17:67081278:A:G	0.97697	0.023029999999999995	0.04916	0.0446013993884141	False
triglycerides	Triglycerides	17:46999673:T:C	0.5285	0.47150000000000003	0.0147	0.0131332288691664	True
triglycerides	Triglycerides	17:73313277:G:A	0.7746	0.22540000000000004	0.01738	0.0156539948890445	True
triglycerides	Triglycerides	17:27889643:C:T	0.01786	0.01786	0.05459	0.0500543622308498	False
triglycerides	Triglycerides	17:4672333:G:A	0.3616	0.3616	0.01508	0.0134248951472047	False
triglycerides	Triglycerides	17:53918637:G:A	0.06105	0.06105	0.03031	0.0270528818365969	True
triglycerides	Triglycerides	17:500870:C:T	0.182	0.182	0.01847	0.0166208790321742	True
triglycerides	Triglycerides	17:66879927:C:T	0.06127	0.06127	0.02957	0.0263691534416369	False
triglycerides	Triglycerides	17:7173279:G:C	0.7478	0.2522	0.01605	0.0141706550807488	True
triglycerides	Triglycerides	17:6935521:G:C	0.7606	0.23939999999999995	0.01645	0.0145239800335252	True
triglycerides	Triglycerides	17:7888971:A:C	0.049	0.049	0.03238	0.0284030184033353	True
triglycerides	Triglycerides	17:73844748:A:G	0.6853	0.3147	0.0149	0.0130646962827826	True
triglycerides	Triglycerides	18:21113285:T:C	0.5077	0.49229999999999996	0.02042	0.0196461821974534	True
triglycerides	Triglycerides	18:19911690:G:A	0.4234	0.4234	0.01958	0.0187140748989472	True
triglycerides	Triglycerides	18:56118358:C:T	0.0123	0.0123	0.08679	0.0834881169083759	False
triglycerides	Triglycerides	18:289209:C:T	0.92831	0.07169000000000003	0.03567	0.0331191314973089	True
triglycerides	Triglycerides	18:179766:A:T	0.7703	0.22970000000000002	0.01972	0.0182587226206086	False
triglycerides	Triglycerides	18:57914679:G:A	0.2468	0.2468	0.01844	0.0170055539007655	True
triglycerides	Triglycerides	18:2846812:A:T	0.627	0.373	0.01657	0.0151591413103789	False
triglycerides	Triglycerides	18:55374506:C:T	0.8111	0.18889999999999996	0.01776	0.0157437098293275	False
triglycerides	Triglycerides	18:20718897:C:T	0.2428	0.2428	0.01626	0.0143060338025786	True
triglycerides	Triglycerides	19:45416178:G:T	0.2376	0.2376	0.111	0.110814348172121	True
triglycerides	Triglycerides	19:8429323:G:A	0.98065	0.01934999999999998	0.3107	0.310018982987633	False
triglycerides	Triglycerides	19:19379549:C:T	0.9246	0.07540000000000002	0.1397	0.139381125726925	True
triglycerides	Triglycerides	19:45296364:G:A	0.01967	0.01967	0.159	0.158131986965273	False
triglycerides	Triglycerides	19:35551428:C:A	0.1758	0.1758	0.0375	0.0363918917430736	True
triglycerides	Triglycerides	19:19802417:G:A	0.94638	0.05362	0.06247	0.0616557564372702	False
triglycerides	Triglycerides	19:33896432:A:C	0.3338	0.3338	0.02738	0.0265750088089494	True
triglycerides	Triglycerides	19:49259529:A:G	0.4507	0.4507	0.02624	0.0254831515466363	False
triglycerides	Triglycerides	19:45687093:C:T	0.01373	0.01373	0.1096	0.10675585372451	False
triglycerides	Triglycerides	19:7222655:C:T	0.4287	0.4287	0.02404	0.0233309405674141	True
triglycerides	Triglycerides	19:56102362:G:A	0.1714	0.1714	0.03045	0.0291703118874253	True
triglycerides	Triglycerides	19:45524119:C:T	0.01957	0.01957	0.08215	0.0800213187368744	False
triglycerides	Triglycerides	19:33784657:T:C	0.07176	0.07176	0.04206	0.0400023578137089	False
triglycerides	Triglycerides	19:50016759:C:T	0.8522	0.14780000000000004	0.03022	0.0287500821278621	True
triglycerides	Triglycerides	19:7970635:A:G	0.3814	0.3814	0.02167	0.0209055818455023	True
triglycerides	Triglycerides	19:46878629:G:A	0.6936	0.3064	0.02256	0.0217173198401103	True
triglycerides	Triglycerides	19:8204620:G:A	0.98589	0.014109999999999956	0.08695	0.0839830637113411	False
triglycerides	Triglycerides	19:49092627:A:T	0.7855	0.21450000000000002	0.02559	0.0243363420775234	False
triglycerides	Triglycerides	19:4969199:A:C	0.6478	0.35219999999999996	0.02005	0.0191504201891291	True
triglycerides	Triglycerides	19:20213781:A:G	0.97453	0.025469999999999993	0.06279	0.0608232272571783	False
triglycerides	Triglycerides	19:11291782:A:C	0.08468	0.08468	0.03209	0.0297772546626765	False
triglycerides	Triglycerides	19:45193967:T:C	0.04475	0.04475	0.04271	0.0395780123737252	False
triglycerides	Triglycerides	19:4139440:C:T	0.7379	0.2621	0.01882	0.0175520561462308	True
triglycerides	Triglycerides	19:57488423:C:T	0.5848	0.4152	0.0162	0.0148640543344834	True
triglycerides	Triglycerides	19:36038390:A:G	0.6339	0.3661	0.01591	0.0144462380585454	True
triglycerides	Triglycerides	19:8328149:G:A	0.5766	0.4234	0.01552	0.0140158451967039	True
triglycerides	Triglycerides	19:46178661:T:C	0.3969	0.3969	0.01543	0.0139268997601412	False
triglycerides	Triglycerides	19:50138023:T:A	0.2323	0.2323	0.01795	0.0163643947166747	True
triglycerides	Triglycerides	19:45805037:C:T	0.6985	0.3015	0.0161	0.0144800861150075	True
triglycerides	Triglycerides	19:18380542:G:C	0.7358	0.2642	0.01653	0.0148338979670546	True
triglycerides	Triglycerides	19:41740895:T:C	0.5429	0.45709999999999995	0.01462	0.0130166488680698	True
triglycerides	Triglycerides	19:15307355:T:G	0.7483	0.25170000000000003	0.01621	0.0143691662551445	True
triglycerides	Triglycerides	19:40753001:C:T	0.9638	0.03620000000000001	0.03736	0.0325992541023182	False
triglycerides	Triglycerides	19:9011412:C:T	0.97721	0.022789999999999977	0.04937	0.0440240207084641	False
triglycerides	Triglycerides	19:8744336:C:A	0.91777	0.08223000000000003	0.02615	0.0234103084981243	False
triglycerides	Triglycerides	20:44551855:T:C	0.1982	0.1982	0.073	0.0727554947467036	True
triglycerides	Triglycerides	20:45599090:C:G	0.716	0.28400000000000003	0.02303	0.0221597446132071	True
triglycerides	Triglycerides	20:62711459:C:T	0.5099	0.4901	0.01987	0.0190554596940383	True
triglycerides	Triglycerides	20:56113783:G:A	0.5993	0.40069999999999995	0.02012	0.0192919269205193	True
triglycerides	Triglycerides	20:39142516:G:A	0.03309	0.03309	0.05417	0.0522173712220189	False
triglycerides	Triglycerides	20:44770690:G:A	0.5994	0.40059999999999996	0.01891	0.0179596485919869	True
triglycerides	Triglycerides	20:32300671:G:A	0.1543	0.1543	0.02495	0.0235791988621889	False
triglycerides	Triglycerides	20:571467:A:C	0.01617	0.01617	0.07099	0.0682649418850087	False
triglycerides	Triglycerides	20:43994992:G:A	0.01838	0.01838	0.06649	0.063914279634643	False
triglycerides	Triglycerides	20:39856080:A:C	0.3065	0.3065	0.01808	0.0168645810843381	True
triglycerides	Triglycerides	20:62353933:A:G	0.9186	0.08140000000000003	0.02885	0.0264392358107897	True
triglycerides	Triglycerides	20:30201441:C:T	0.8503	0.14970000000000006	0.02195	0.0202895465569928	False
triglycerides	Triglycerides	20:44929873:G:C	0.02064	0.02064	0.0564	0.0527218978996278	False
triglycerides	Triglycerides	20:38569980:C:A	0.7403	0.25970000000000004	0.01752	0.0160022970329953	True
triglycerides	Triglycerides	20:39267671:G:A	0.01525	0.01525	0.06276	0.0590570147922965	False
triglycerides	Triglycerides	20:51696096:C:T	0.5028	0.4972	0.01525	0.0137579270663994	True
triglycerides	Triglycerides	20:45493482:A:G	0.384	0.384	0.01551	0.0139842857680231	True
triglycerides	Triglycerides	20:55836040:G:A	0.7461	0.2539	0.01644	0.0146804221033345	True
triglycerides	Triglycerides	20:51156432:A:G	0.7194	0.28059999999999996	0.01595	0.014211573763638	True
triglycerides	Triglycerides	20:62594247:G:A	0.7516	0.24839999999999995	0.01675	0.0149181296586247	True
triglycerides	Triglycerides	20:34126827:T:C	0.868	0.132	0.0208	0.0187735310383869	True
triglycerides	Triglycerides	21:40715947:A:G	0.5306	0.46940000000000004	0.01592	0.0145716322471354	True
triglycerides	Triglycerides	21:16843159:A:G	0.152	0.152	0.02202	0.0201767925169932	True
triglycerides	Triglycerides	22:38600542:C:T	0.5813	0.41869999999999996	0.03013	0.0293792434882283	True
triglycerides	Triglycerides	22:46627603:C:T	0.1107	0.1107	0.03278	0.0309778148139292	False
triglycerides	Triglycerides	22:38879010:T:A	0.3437	0.3437	0.02163	0.0208193692266784	True
triglycerides	Triglycerides	22:24399364:C:G	0.4322	0.4322	0.01752	0.0164088637526623	False
triglycerides	Triglycerides	22:36042986:C:T	0.4279	0.4279	0.01574	0.014266811608328	True
triglycerides	Triglycerides	22:28807625:C:T	0.6634	0.3366	0.01584	0.0142802326390299	True
triglycerides	Triglycerides	22:29955433:C:T	0.5144	0.48560000000000003	0.01457	0.0129886911300683	True
triglycerides	Triglycerides	22:50308445:G:A	0.98674	0.01326000000000005	0.06064	0.0556912716870752	True
triglycerides	Triglycerides	22:37469192:A:G	0.5323	0.4677	0.01392	0.0121998436661659	False
wbc	WBC	1:66148652:T:C	0.6443	0.3557	0.04031	0.0397373319696303	True
wbc	WBC	1:36943916:C:G	0.4233	0.4233	0.03835	0.0378054995272392	True
wbc	WBC	1:236104981:A:T	0.1117	0.1117	0.05635	0.0552298364872778	True
wbc	WBC	1:159175494:C:T	0.98664	0.013360000000000039	0.1429	0.141600091719703	False
wbc	WBC	1:114377568:A:G	0.8978	0.10219999999999996	0.0459	0.0445157881178551	False
wbc	WBC	1:66015394:T:C	0.7037	0.2963	0.02956	0.0288256016474966	True
wbc	WBC	1:247606276:T:C	0.6293	0.37070000000000003	0.02393	0.0231437442841513	True
wbc	WBC	1:207991209:C:G	0.7748	0.22519999999999996	0.02702	0.0260997671990737	True
wbc	WBC	1:198663661:G:A	0.94908	0.050919999999999965	0.04651	0.043851060120287	True
wbc	WBC	1:161620265:G:T	0.8418	0.1582	0.02754	0.0263016619533296	False
wbc	WBC	1:248039451:C:T	0.3337	0.3337	0.02072	0.0197565007008779	True
wbc	WBC	1:156110166:A:G	0.95955	0.040449999999999986	0.04916	0.0458839887865992	False
wbc	WBC	1:224614625:C:T	0.2067	0.2067	0.02377	0.0226127073081231	False
wbc	WBC	1:101225444:G:A	0.4105	0.4105	0.01924	0.0183014199240761	True
wbc	WBC	1:31231680:C:T	0.1825	0.1825	0.0242	0.0229586826781248	True
wbc	WBC	1:46359271:T:A	0.2485	0.2485	0.02202	0.0208522125309977	False
wbc	WBC	1:110470764:G:A	0.1494	0.1494	0.02568	0.0243114765852986	True
wbc	WBC	1:66334537:A:G	0.5005	0.49950000000000006	0.0183	0.0173505924545207	True
wbc	WBC	1:23850590:C:A	0.382	0.382	0.01902	0.0180020372572839	False
wbc	WBC	1:8800780:T:C	0.2046	0.2046	0.02199	0.0207277783535343	True
wbc	WBC	1:8913656:A:G	0.5054	0.49460000000000004	0.01749	0.0165247489804876	False
wbc	WBC	1:158586966:A:T	0.278	0.278	0.01938	0.0182510026743823	True
wbc	WBC	1:67487376:C:A	0.4415	0.4415	0.01887	0.0177616665769014	False
wbc	WBC	1:234923446:G:A	0.5666	0.4334	0.01839	0.0173154682841219	True
wbc	WBC	1:150595537:G:T	0.7759	0.22409999999999997	0.02011	0.0188200654678622	True
wbc	WBC	1:79411968:C:A	0.03123	0.03123	0.04476	0.040610572533499	False
wbc	WBC	1:225895806:G:A	0.8836	0.11639999999999995	0.02451	0.0226709035788169	True
wbc	WBC	1:39291708:A:G	0.2267	0.2267	0.01881	0.0174628137543311	True
wbc	WBC	1:28216736:C:T	0.6359	0.3641	0.01625	0.015162928203807	True
wbc	WBC	1:92925654:G:C	0.01503	0.01503	0.06564	0.0584034370278766	False
wbc	WBC	1:203667409:T:C	0.0982	0.0982	0.02603	0.0240077211865068	False
wbc	WBC	1:161182208:C:G	0.8988	0.10119999999999996	0.02547	0.0234698418526656	True
wbc	WBC	1:26834960:G:A	0.252	0.252	0.01757	0.0162865225464891	True
wbc	WBC	1:101653214:A:T	0.7737	0.22629999999999995	0.01844	0.0170325711504211	True
wbc	WBC	1:213937382:G:A	0.3938	0.3938	0.01553	0.0144420984140205	True
wbc	WBC	1:9718087:T:C	0.6922	0.30779999999999996	0.01638	0.0151720555442692	True
wbc	WBC	1:227174145:T:C	0.4873	0.4873	0.01489	0.0138312686166872	True
wbc	WBC	1:150259400:A:C	0.6159	0.3841	0.01525	0.0141382909022541	True
wbc	WBC	1:23746625:T:C	0.7952	0.20479999999999998	0.01816	0.0166942159173371	False
wbc	WBC	1:160798209:T:C	0.4446	0.4446	0.01463	0.01354029316891	True
wbc	WBC	1:10357806:G:C	0.98934	0.010660000000000003	0.07097	0.0615242895615079	False
wbc	WBC	1:167600842:C:T	0.4243	0.4243	0.01446	0.013324515696872	True
wbc	WBC	1:161080784:T:C	0.6008	0.3992	0.0144	0.0132551358745951	True
wbc	WBC	1:45791154:G:A	0.2771	0.2771	0.01606	0.0147266133895225	True
wbc	WBC	1:43409420:C:T	0.8275	0.1725	0.01849	0.0168176250629561	True
wbc	WBC	1:207250300:G:A	0.6108	0.3892	0.01411	0.0129311828693763	True
wbc	WBC	1:56577412:A:C	0.3526	0.3526	0.01444	0.0132242541183313	True
wbc	WBC	1:40435999:A:G	0.2853	0.2853	0.01542	0.0140867694925963	True
wbc	WBC	1:185067805:T:C	0.6467	0.35329999999999995	0.01416	0.0129318762742584	True
wbc	WBC	1:108737586:C:T	0.4641	0.4641	0.01343	0.0122418395260819	True
wbc	WBC	1:224294870:T:A	0.6013	0.39870000000000005	0.01357	0.0123500325015744	True
wbc	WBC	1:10000476:A:T	0.98846	0.011539999999999995	0.06221	0.0521678246018513	False
wbc	WBC	1:66437733:A:G	0.292	0.292	0.01456	0.0132046560680132	True
wbc	WBC	1:113912281:T:C	0.8816	0.11839999999999995	0.02026	0.0180270960779264	True
wbc	WBC	1:180905694:C:T	0.6843	0.3157	0.01396	0.0126248504987687	True
wbc	WBC	1:221057662:G:A	0.1944	0.1944	0.01632	0.0146630665798659	True
wbc	WBC	1:56908494:A:G	0.8944	0.10560000000000003	0.02098	0.0185806886993947	True
wbc	WBC	1:166832125:C:T	0.1668	0.1668	0.01707	0.0152127178450057	True
wbc	WBC	1:96819562:A:C	0.8157	0.18430000000000002	0.0162	0.0144287164921749	True
wbc	WBC	1:227319980:C:T	0.1203	0.1203	0.01929	0.0170168185599855	True
wbc	WBC	1:205245233:A:G	0.9165	0.08350000000000002	0.02252	0.0197198505405221	False
wbc	WBC	1:164558927:G:A	0.4642	0.4642	0.01278	0.011450247490877	True
wbc	WBC	1:28109632:A:G	0.01066	0.01066	0.06297	0.0508583520080555	False
wbc	WBC	1:19981023:T:C	0.4619	0.4619	0.01217	0.010825481190896	True
wbc	WBC	1:10732269:C:T	0.4597	0.4597	0.01241	0.0110274229492726	True
wbc	WBC	1:67155465:A:G	0.3046	0.3046	0.01311	0.0116234574526003	True
wbc	WBC	1:10204186:T:G	0.491	0.491	0.01207	0.0107051843143808	True
wbc	WBC	1:205608984:A:G	0.6753	0.3247	0.01279	0.0113270697285787	True
wbc	WBC	1:161380935:T:G	0.98847	0.01153000000000004	0.05972	0.0473922918585086	False
wbc	WBC	1:25294206:G:A	0.4922	0.4922	0.01198	0.010591501979964	True
wbc	WBC	1:117544331:A:C	0.92347	0.07652999999999999	0.02214	0.0189960819167825	False
wbc	WBC	2:113841030:A:G	0.4023	0.4023	0.03276	0.0321875917207601	True
wbc	WBC	2:27730940:T:C	0.3929	0.3929	0.03276	0.0321817570564414	True
wbc	WBC	2:182323766:G:A	0.5572	0.44279999999999997	0.03129	0.0307142310069381	True
wbc	WBC	2:219020958:C:T	0.98872	0.011279999999999957	0.1296	0.126653793685517	False
wbc	WBC	2:23903541:C:G	0.1508	0.1508	0.03557	0.0344684508141642	False
wbc	WBC	2:169707552:A:G	0.5311	0.4689	0.02353	0.0227877073964705	True
wbc	WBC	2:160676427:C:A	0.1681	0.1681	0.03146	0.0304393621021704	True
wbc	WBC	2:181971800:T:G	0.6891	0.31089999999999995	0.02446	0.0236231616485624	True
wbc	WBC	2:182214669:T:C	0.2417	0.2417	0.02612	0.0252105779393668	True
wbc	WBC	2:61790289:C:G	0.3885	0.3885	0.02163	0.0207643904360503	True
wbc	WBC	2:237780727:T:C	0.7399	0.2601	0.02349	0.0225026605041888	True
wbc	WBC	2:65642097:A:T	0.41	0.41	0.02094	0.0200571339413761	False
wbc	WBC	2:143831599:A:G	0.8741	0.1259	0.0305	0.0291596000898728	True
wbc	WBC	2:160866274:T:C	0.04023	0.04023	0.0497	0.0463841327897251	False
wbc	WBC	2:161340963:G:A	0.5111	0.4889	0.0192	0.0182905330703659	True
wbc	WBC	2:163124051:C:T	0.3908	0.3908	0.0189	0.0179360253334711	True
wbc	WBC	2:101777381:C:G	0.6749	0.32509999999999994	0.01955	0.0185202324711712	True
wbc	WBC	2:112864369:C:G	0.5351	0.4649	0.01832	0.0173756490936281	True
wbc	WBC	2:113730425:G:A	0.6696	0.3304	0.01926	0.0182294652924119	True
wbc	WBC	2:65539641:C:T	0.6007	0.3993	0.01812	0.0171389988624629	False
wbc	WBC	2:12877060:G:A	0.4768	0.4768	0.01784	0.0168782312843227	True
wbc	WBC	2:54787592:C:G	0.0761	0.0761	0.03088	0.02863733439141	True
wbc	WBC	2:153288972:T:C	0.8444	0.15559999999999996	0.02216	0.0205720568159139	True
wbc	WBC	2:161224230:C:T	0.6806	0.3194	0.01704	0.0159123288841792	True
wbc	WBC	2:113964109:G:A	0.4355	0.4355	0.0159	0.0148502107393432	False
wbc	WBC	2:25488819:T:A	0.293	0.293	0.01727	0.0160719275334623	True
wbc	WBC	2:85543222:C:T	0.5157	0.48429999999999995	0.0157	0.0146560889367412	True
wbc	WBC	2:27393030:A:G	0.6977	0.3023	0.01643	0.0152288690747454	True
wbc	WBC	2:192514856:G:A	0.05447	0.05447	0.03315	0.0302532782622487	True
wbc	WBC	2:70402180:T:A	0.94433	0.05567	0.03256	0.0296954183517306	False
wbc	WBC	2:144374281:G:A	0.98995	0.010050000000000003	0.07933	0.0701400146144759	False
wbc	WBC	2:211540507:C:A	0.6844	0.3156	0.01584	0.0146547946961582	True
wbc	WBC	2:28254894:A:G	0.03515	0.03515	0.03942	0.0353666396336556	False
wbc	WBC	2:162964301:G:A	0.93877	0.06123000000000001	0.03004	0.0272537335846346	False
wbc	WBC	2:102356647:G:A	0.3561	0.3561	0.01496	0.0137854469448663	True
wbc	WBC	2:202112471:G:T	0.61	0.39	0.01455	0.0133941266493778	True
wbc	WBC	2:232579379:G:A	0.7791	0.22089999999999999	0.01712	0.0156580145990383	True
wbc	WBC	2:188242369:A:G	0.8032	0.19679999999999997	0.01787	0.0162966377398316	False
wbc	WBC	2:219631372:G:T	0.9821	0.017900000000000027	0.05823	0.0501323138541976	False
wbc	WBC	2:161680635:A:G	0.08243	0.08243	0.02588	0.0233081881447472	True
wbc	WBC	2:68875784:G:A	0.96921	0.030789999999999984	0.04069	0.0359316223962955	True
wbc	WBC	2:31457981:T:C	0.7037	0.2963	0.01502	0.013698180271322	True
wbc	WBC	2:25290295:G:T	0.212	0.212	0.01722	0.0156087301556686	False
wbc	WBC	2:8563029:T:A	0.2033	0.2033	0.01683	0.0152654584706146	True
wbc	WBC	2:102545134:T:G	0.7728	0.22719999999999996	0.01611	0.0146280530281932	True
wbc	WBC	2:111601478:G:A	0.3605	0.3605	0.01391	0.0126614578814143	True
wbc	WBC	2:216246210:T:G	0.706	0.29400000000000004	0.0146	0.0132696383331519	False
wbc	WBC	2:145477217:C:G	0.6817	0.3183	0.01413	0.0128129563886251	True
wbc	WBC	2:113059988:G:C	0.01715	0.01715	0.0506	0.0429634584367214	False
wbc	WBC	2:181696926:A:T	0.1672	0.1672	0.01756	0.0157676175658448	False
wbc	WBC	2:198544183:A:T	0.8062	0.19379999999999997	0.01672	0.0150487666739599	False
wbc	WBC	2:238873673:G:A	0.6154	0.38460000000000005	0.01327	0.0119909677207463	True
wbc	WBC	2:46105610:G:A	0.5861	0.41390000000000005	0.01309	0.0118303202538017	True
wbc	WBC	2:43762195:A:G	0.7241	0.27590000000000003	0.01446	0.0130414301609716	True
wbc	WBC	2:211175921:A:G	0.8937	0.10629999999999995	0.02102	0.0186189602350826	False
wbc	WBC	2:66660403:G:T	0.3057	0.3057	0.01384	0.0124580239183874	True
wbc	WBC	2:160235998:C:T	0.8809	0.11909999999999998	0.01938	0.0171194668616614	True
wbc	WBC	2:145611313:A:G	0.8966	0.10340000000000005	0.02101	0.0184884456468935	False
wbc	WBC	2:242422405:G:A	0.6565	0.3435	0.01305	0.0116742254604264	False
wbc	WBC	2:27118679:C:T	0.1503	0.1503	0.01756	0.0155121940287596	True
wbc	WBC	2:5832667:T:C	0.769	0.23099999999999998	0.01497	0.0133266486585177	False
wbc	WBC	2:237894910:G:A	0.8515	0.14849999999999997	0.01734	0.015323396297568	False
wbc	WBC	2:145769102:T:C	0.2532	0.2532	0.01415	0.0125950533593384	True
wbc	WBC	2:101882663:G:C	0.9082	0.09179999999999999	0.02095	0.0182079875759962	False
wbc	WBC	2:219124222:G:A	0.5628	0.43720000000000003	0.01201	0.0106229217938962	False
wbc	WBC	2:182449857:A:G	0.4123	0.4123	0.012	0.0105932665404993	True
wbc	WBC	2:71677946:G:A	0.814	0.18600000000000005	0.01523	0.0133614366093152	True
wbc	WBC	2:85826721:G:A	0.7184	0.28159999999999996	0.01312	0.0115619008645799	True
wbc	WBC	2:163359084:C:T	0.06781	0.06781	0.02435	0.0208137052025278	False
wbc	WBC	2:49862546:T:C	0.03619	0.03619	0.03181	0.0268865570015289	False
wbc	WBC	3:196489422:C:T	0.5837	0.4163	0.02861	0.0279901668796826	True
wbc	WBC	3:47087837:T:A	0.3996	0.3996	0.02652	0.025848587541835	False
wbc	WBC	3:12266804:A:G	0.6086	0.39139999999999997	0.02533	0.0246160433986983	True
wbc	WBC	3:128389659:G:A	0.7314	0.26859999999999995	0.0274	0.0265961102816475	True
wbc	WBC	3:42902022:T:C	0.6139	0.3861	0.0229	0.0220895602058683	True
wbc	WBC	3:141206800:C:T	0.9357	0.06430000000000002	0.04271	0.0405443026767337	False
wbc	WBC	3:27757018:G:T	0.3866	0.3866	0.02017	0.0192465834307884	True
wbc	WBC	3:49941436:G:A	0.5085	0.49150000000000005	0.01898	0.0180643941511172	True
wbc	WBC	3:140926791:C:T	0.1265	0.1265	0.02638	0.0247999184379885	True
wbc	WBC	3:48468798:A:C	0.95973	0.04027000000000003	0.0427	0.0391443158128997	False
wbc	WBC	3:18764304:T:C	0.2964	0.2964	0.01771	0.0165580321002688	True
wbc	WBC	3:128667249:T:G	0.95848	0.04152	0.04104	0.0374895217967365	False
wbc	WBC	3:136622560:C:T	0.6893	0.3107	0.01709	0.0159539103283127	True
wbc	WBC	3:183730295:C:T	0.3691	0.3691	0.01565	0.0145443530714437	True
wbc	WBC	3:58038605:C:T	0.6314	0.36860000000000004	0.01539	0.0142595379722116	True
wbc	WBC	3:150970104:G:A	0.843	0.15700000000000003	0.01979	0.0180636141731067	True
wbc	WBC	3:46836072:G:C	0.1184	0.1184	0.02273	0.0205844631107929	False
wbc	WBC	3:128525709:C:T	0.08585	0.08585	0.02467	0.0222239223072511	True
wbc	WBC	3:39307162:G:A	0.1731	0.1731	0.01807	0.0163769331203936	True
wbc	WBC	3:46644094:G:A	0.2803	0.2803	0.01524	0.0139092801871496	True
wbc	WBC	3:107381651:A:C	0.8233	0.17669999999999997	0.01795	0.0162537637692232	True
wbc	WBC	3:119736594:C:T	0.6307	0.36929999999999996	0.01371	0.0124590482313018	True
wbc	WBC	3:152018102:G:A	0.97661	0.023390000000000022	0.04386	0.0377536445816406	False
wbc	WBC	3:12471070:A:G	0.2282	0.2282	0.01605	0.0144528121290653	False
wbc	WBC	3:129063314:C:G	0.8457	0.1543	0.01897	0.0169015869092397	False
wbc	WBC	3:132291055:C:T	0.0851	0.0851	0.02291	0.0202015283331716	False
wbc	WBC	3:39187858:G:A	0.3304	0.3304	0.01353	0.012182591045096	True
wbc	WBC	3:70764744:T:C	0.7612	0.2388	0.01511	0.0135356720419159	True
wbc	WBC	3:132189048:T:C	0.3537	0.3537	0.01306	0.0117014291958141	True
wbc	WBC	3:12110247:C:T	0.1147	0.1147	0.01957	0.0172247449795152	False
wbc	WBC	3:52875546:G:A	0.852	0.14800000000000002	0.01741	0.0153992233951255	True
wbc	WBC	3:185903989:A:G	0.0901	0.0901	0.02155	0.0188271676174535	True
wbc	WBC	3:20240844:C:G	0.5638	0.43620000000000003	0.01244	0.011114402254732	True
wbc	WBC	3:172126687:G:A	0.6302	0.3698	0.01266	0.0112685979621189	True
wbc	WBC	3:27363033:A:G	0.7155	0.2845	0.0134	0.0118846132678343	True
wbc	WBC	3:71624342:G:A	0.1588	0.1588	0.01654	0.0145490578917857	False
wbc	WBC	3:98416900:G:T	0.4402	0.4402	0.01212	0.0107594531929754	True
wbc	WBC	3:9511975:G:A	0.1014	0.1014	0.01987	0.017266718992668	True
wbc	WBC	3:70940474:G:A	0.94589	0.05410999999999999	0.02715	0.023290062257076	False
wbc	WBC	3:196591355:A:C	0.0806	0.0806	0.02235	0.0192803659772226	False
wbc	WBC	3:186201112:G:A	0.3032	0.3032	0.01293	0.0114184805349098	True
wbc	WBC	3:46418689:C:T	0.4797	0.4797	0.01185	0.0104679150014546	True
wbc	WBC	3:150707915:G:T	0.5863	0.41369999999999996	0.01275	0.011237743251032	True
wbc	WBC	4:74959996:A:G	0.3761	0.3761	0.05776	0.0573078248496209	True
wbc	WBC	4:74703999:C:T	0.3759	0.3759	0.03887	0.0382990766981837	True
wbc	WBC	4:83547862:G:A	0.8155	0.1845	0.04217	0.0413038219754781	True
wbc	WBC	4:72615362:A:G	0.7078	0.2922	0.02562	0.0248038507040436	True
wbc	WBC	4:55521017:G:A	0.5082	0.4918	0.02259	0.0218108275699207	True
wbc	WBC	4:36312542:G:A	0.04338	0.04338	0.05505	0.0521555074444681	True
wbc	WBC	4:57769824:T:C	0.8154	0.1846	0.02713	0.0260583425877572	True
wbc	WBC	4:55408875:A:T	0.2486	0.2486	0.02363	0.022610546940825	True
wbc	WBC	4:3148276:G:A	0.6252	0.3748	0.01975	0.0187951537438002	True
wbc	WBC	4:701327:C:T	0.349	0.349	0.01971	0.0186232697543461	False
wbc	WBC	4:38684201:C:T	0.8521	0.14790000000000003	0.02536	0.0239371622912743	True
wbc	WBC	4:74811622:C:T	0.1294	0.1294	0.02541	0.0238291906321449	False
wbc	WBC	4:145026126:C:T	0.03431	0.03431	0.04618	0.0422985706449539	False
wbc	WBC	4:80897999:C:G	0.471	0.471	0.01655	0.0155598285674593	True
wbc	WBC	4:106021291:T:C	0.01847	0.01847	0.06051	0.0541644642158122	False
wbc	WBC	4:75259691:A:G	0.7096	0.2904	0.0168	0.0156014619281126	True
wbc	WBC	4:74012462:A:T	0.5632	0.43679999999999997	0.01518	0.0141191690770014	True
wbc	WBC	4:6919661:G:A	0.6185	0.38149999999999995	0.01551	0.01440807795111	True
wbc	WBC	4:105690165:G:C	0.01067	0.01067	0.07119	0.0615324576837991	False
wbc	WBC	4:148284104:T:A	0.2102	0.2102	0.01725	0.0157528015507514	True
wbc	WBC	4:38334531:G:A	0.5731	0.42689999999999995	0.01398	0.0128055656034688	True
wbc	WBC	4:145216349:C:T	0.4499	0.4499	0.01399	0.0126540436829546	True
wbc	WBC	4:103736838:A:G	0.98228	0.017719999999999958	0.04806	0.0404461230841353	False
wbc	WBC	4:103198082:A:G	0.08291	0.08291	0.02312	0.0203402131519628	False
wbc	WBC	4:145431497:A:G	0.6161	0.3839	0.01286	0.0115265895716042	True
wbc	WBC	4:152437994:C:A	0.5342	0.4658	0.01266	0.0113442029298722	True
wbc	WBC	4:152019760:G:A	0.4513	0.4513	0.01269	0.0113625031685272	True
wbc	WBC	4:83903895:T:C	0.2568	0.2568	0.01419	0.0126729895868979	True
wbc	WBC	4:156638573:A:G	0.8144	0.1856	0.01594	0.0141651237135806	True
wbc	WBC	4:110889007:A:C	0.6584	0.3416	0.01306	0.0116666396796084	True
wbc	WBC	4:25408838:G:A	0.7682	0.2318	0.01458	0.0129828931623306	False
wbc	WBC	4:120354480:A:G	0.6815	0.3185	0.01337	0.0119198608730458	True
wbc	WBC	4:1018705:C:A	0.2797	0.2797	0.01358	0.0120850732231379	True
wbc	WBC	4:151210677:G:T	0.2982	0.2982	0.01334	0.011875317297251	True
wbc	WBC	4:17946432:T:C	0.7382	0.26180000000000003	0.01384	0.0122985929927758	True
wbc	WBC	5:131677047:G:T	0.5214	0.4786	0.03184	0.0312802557146341	True
wbc	WBC	5:173205282:A:G	0.2778	0.2778	0.03186	0.0311441685599675	False
wbc	WBC	5:141491985:C:T	0.616	0.384	0.02411	0.0233463333378447	True
wbc	WBC	5:1285974:C:A	0.3257	0.3257	0.0239	0.0230434803545271	True
wbc	WBC	5:71748624:G:A	0.1175	0.1175	0.03287	0.0315119243849969	True
wbc	WBC	5:148200553:G:A	0.4542	0.4542	0.01902	0.0180855932944153	False
wbc	WBC	5:68616331:C:T	0.4614	0.4614	0.0182	0.0172521588630688	True
wbc	WBC	5:179126632:C:T	0.5004	0.49960000000000004	0.01772	0.0167684960694118	True
wbc	WBC	5:118723609:A:G	0.7153	0.28469999999999995	0.01943	0.0183059562161574	True
wbc	WBC	5:122093740:T:C	0.4263	0.4263	0.01641	0.0153947023522091	True
wbc	WBC	5:35890613:C:T	0.2587	0.2587	0.01849	0.0172615388644547	True
wbc	WBC	5:173355390:A:G	0.1662	0.1662	0.0214	0.0198544784986065	True
wbc	WBC	5:132444128:G:A	0.90698	0.09301999999999999	0.02692	0.0248805426110536	False
wbc	WBC	5:173072647:G:A	0.4003	0.4003	0.01593	0.0148628232462365	True
wbc	WBC	5:156442784:T:A	0.1723	0.1723	0.02045	0.0189023412515766	False
wbc	WBC	5:179237896:G:A	0.1791	0.1791	0.01997	0.0184329161629265	True
wbc	WBC	5:150567017:A:G	0.95764	0.04235999999999995	0.03719	0.0337552953679154	False
wbc	WBC	5:57334047:C:T	0.7848	0.21519999999999995	0.01804	0.0166226105272475	True
wbc	WBC	5:131953510:A:G	0.7509	0.2491	0.01707	0.0157541338151118	True
wbc	WBC	5:70309998:C:G	0.618	0.382	0.01462	0.0134729243475947	False
wbc	WBC	5:140519166:A:G	0.5909	0.4091	0.01441	0.0132551753846351	True
wbc	WBC	5:57503637:G:T	0.2206	0.2206	0.01686	0.0153868775246867	False
wbc	WBC	5:70075443:G:A	0.8492	0.15080000000000005	0.02	0.0180473799951418	False
wbc	WBC	5:140989848:A:G	0.5232	0.4768	0.01367	0.0125124585461022	True
wbc	WBC	5:132123536:G:A	0.5378	0.46220000000000006	0.01398	0.0127228911075919	True
wbc	WBC	5:107452606:T:A	0.8203	0.17969999999999997	0.01725	0.0155364356111736	True
wbc	WBC	5:155755752:G:A	0.3681	0.3681	0.01335	0.0120531034646202	True
wbc	WBC	5:108198869:G:A	0.7852	0.2148	0.01558	0.0139752301856456	True
wbc	WBC	5:1104938:C:T	0.4184	0.4184	0.01288	0.0116026583073477	True
wbc	WBC	5:179356450:G:A	0.3766	0.3766	0.01299	0.0116594075280664	True
wbc	WBC	5:102023340:C:T	0.4537	0.4537	0.01308	0.0117226217887865	True
wbc	WBC	5:100177519:A:G	0.6492	0.3508	0.01294	0.0115610258596429	True
wbc	WBC	5:87712913:G:A	0.7641	0.2359	0.0145	0.0129095510128869	True
wbc	WBC	5:155615678:G:C	0.3666	0.3666	0.01282	0.0114007078125617	True
wbc	WBC	5:49877174:C:A	0.2919	0.2919	0.01334	0.0118451254352212	True
wbc	WBC	5:140679359:A:G	0.2565	0.2565	0.01374	0.0121585582677418	True
wbc	WBC	5:72112421:T:C	0.8476	0.15239999999999998	0.01653	0.0144474877145324	True
wbc	WBC	5:43665323:T:A	0.05552	0.05552	0.0266	0.0226690588419906	False
wbc	WBC	6:135418635:C:T	0.7377	0.2623	0.04517	0.0445094936473535	False
wbc	WBC	6:135282656:T:C	0.564	0.43600000000000005	0.02432	0.0235964023553567	True
wbc	WBC	6:7140831:G:A	0.1979	0.1979	0.02806	0.0270693618418298	True
wbc	WBC	6:396321:C:T	0.2184	0.2184	0.02518	0.02410320293881	False
wbc	WBC	6:16744687:C:T	0.8222	0.17779999999999996	0.02664	0.0254982651677435	True
wbc	WBC	6:126874091:A:G	0.5086	0.49139999999999995	0.02006	0.0191791474825108	True
wbc	WBC	6:122799541:G:A	0.5535	0.4465	0.01998	0.0190861529568473	True
wbc	WBC	6:135696597:C:T	0.5594	0.4406	0.01981	0.018907513959466	True
wbc	WBC	6:22343592:G:A	0.06971	0.06971	0.03839	0.0363077877497438	False
wbc	WBC	6:21382765:T:G	0.378	0.378	0.01906	0.0180861054047433	True
wbc	WBC	6:159463605:C:G	0.07236	0.07236	0.03545	0.0333788137100095	True
wbc	WBC	6:135153366:A:C	0.6675	0.3325	0.01928	0.0182437356153032	False
wbc	WBC	6:90935383:A:G	0.6373	0.3627	0.0186	0.0175945161407995	True
wbc	WBC	6:153043035:G:A	0.1857	0.1857	0.02269	0.0213688077207871	True
wbc	WBC	6:109616420:T:C	0.458	0.458	0.01768	0.0167164349245357	True
wbc	WBC	6:42500871:C:A	0.2059	0.2059	0.02146	0.0201703758013851	True
wbc	WBC	6:87837608:T:C	0.5419	0.45809999999999995	0.0175	0.0164817156089816	False
wbc	WBC	6:130415124:C:T	0.7462	0.2538	0.01768	0.0164003033471175	True
wbc	WBC	6:36638636:G:A	0.5062	0.4938	0.01521	0.014170037412718	True
wbc	WBC	6:20862893:T:C	0.91887	0.08113000000000004	0.02916	0.0267487227906387	False
wbc	WBC	6:41165819:C:T	0.8655	0.13449999999999995	0.02221	0.0204083836391776	True
wbc	WBC	6:7246998:G:A	0.8639	0.1361	0.02214	0.0202941386224224	True
wbc	WBC	6:22079485:G:A	0.5622	0.43779999999999997	0.01473	0.0136379011623862	True
wbc	WBC	6:46885844:G:A	0.8641	0.13590000000000002	0.02127	0.0194315925338906	True
wbc	WBC	6:20739958:G:A	0.05009	0.05009	0.03301	0.0298690140578993	False
wbc	WBC	6:43804571:T:G	0.711	0.28900000000000003	0.01597	0.0146978573881443	True
wbc	WBC	6:86734676:T:C	0.3325	0.3325	0.01518	0.0139780798834715	True
wbc	WBC	6:135591392:A:G	0.6626	0.33740000000000003	0.01525	0.0139760642994905	True
wbc	WBC	6:135955178:A:C	0.9516	0.0484	0.03162	0.0282100726151535	False
wbc	WBC	6:41027520:C:T	0.4424	0.4424	0.01337	0.0121676551387782	True
wbc	WBC	6:170586082:G:A	0.5408	0.45920000000000005	0.01319	0.01196361513122	True
wbc	WBC	6:7039883:T:G	0.1279	0.1279	0.01952	0.0173868202948701	True
wbc	WBC	6:41671677:A:G	0.3452	0.3452	0.01363	0.0123110394866427	True
wbc	WBC	6:118959288:T:C	0.819	0.18100000000000005	0.01662	0.0148765179913455	True
wbc	WBC	6:138242487:C:G	0.2742	0.2742	0.01406	0.0125900342064524	True
wbc	WBC	6:45559478:A:G	0.08078	0.08078	0.02279	0.0198887787518885	True
wbc	WBC	6:133610750:A:G	0.3463	0.3463	0.01297	0.0115921815082782	True
wbc	WBC	6:43693094:G:T	0.4172	0.4172	0.01264	0.0112941763703132	True
wbc	WBC	6:91037287:G:A	0.801	0.19899999999999995	0.01546	0.0136726960140351	False
wbc	WBC	6:11770705:C:T	0.4373	0.4373	0.0124	0.0110308147535286	True
wbc	WBC	6:42019622:T:G	0.1284	0.1284	0.01802	0.015758793546644	True
wbc	WBC	6:137082948:A:G	0.4093	0.4093	0.01224	0.0108416526219493	True
wbc	WBC	6:52290927:T:C	0.541	0.45899999999999996	0.01196	0.0105910892724955	True
wbc	WBC	6:90624614:C:T	0.4233	0.4233	0.01206	0.010662209259544	True
wbc	WBC	7:92408370:C:T	0.90563	0.09436999999999995	0.08785	0.0871923779937371	True
wbc	WBC	7:28724374:G:T	0.2912	0.2912	0.05458	0.0540190622339684	True
wbc	WBC	7:28277107:C:G	0.6087	0.3913	0.03649	0.0359226486325991	True
wbc	WBC	7:92300568:C:T	0.97888	0.021120000000000028	0.115	0.112941429788742	False
wbc	WBC	7:45009341:A:G	0.8458	0.1542	0.03769	0.0366666976726347	True
wbc	WBC	7:130742066:A:G	0.2582	0.2582	0.02396	0.0229937710826065	True
wbc	WBC	7:2766383:G:A	0.298	0.298	0.02094	0.0199216438812255	False
wbc	WBC	7:36084529:T:C	0.3764	0.3764	0.01975	0.0187977883437425	True
wbc	WBC	7:44811223:C:T	0.5525	0.4475	0.01912	0.0181958137841011	True
wbc	WBC	7:50304461:C:T	0.666	0.33399999999999996	0.01997	0.0189729600999211	True
wbc	WBC	7:130576446:T:C	0.90406	0.09594000000000003	0.03059	0.0288400006476442	False
wbc	WBC	7:99036920:G:A	0.90846	0.09153999999999995	0.03088	0.0290903180314483	True
wbc	WBC	7:106372219:C:G	0.5406	0.45940000000000003	0.01738	0.0164134929209336	True
wbc	WBC	7:6692605:T:C	0.576	0.42400000000000004	0.01727	0.0162788679307926	True
wbc	WBC	7:92088857:C:T	0.1184	0.1184	0.02613	0.0244653168993672	True
wbc	WBC	7:23513093:C:T	0.2482	0.2482	0.01904	0.0178007339053691	True
wbc	WBC	7:73029437:C:T	0.8697	0.13029999999999997	0.02406	0.0223800279657092	True
wbc	WBC	7:22754768:G:T	0.3469	0.3469	0.01706	0.0159626185677044	False
wbc	WBC	7:92600288:T:G	0.94985	0.05015000000000003	0.03566	0.0325282283852064	False
wbc	WBC	7:134382330:G:C	0.6489	0.35109999999999997	0.01577	0.0146486288385103	True
wbc	WBC	7:56068714:G:T	0.2393	0.2393	0.01756	0.016226022887154	False
wbc	WBC	7:97933601:C:T	0.2491	0.2491	0.01662	0.0152291175718099	True
wbc	WBC	7:6574807:C:T	0.3063	0.3063	0.01537	0.0140851383444985	False
wbc	WBC	7:8024840:C:A	0.91315	0.08684999999999998	0.02457	0.0221223444778124	True
wbc	WBC	7:40868487:G:A	0.1159	0.1159	0.02147	0.0193402793357836	False
wbc	WBC	7:65059071:A:G	0.9448	0.05520000000000003	0.02981	0.0266657885271069	True
wbc	WBC	7:148886058:C:T	0.3439	0.3439	0.01429	0.0130459316736127	False
wbc	WBC	7:138735512:A:C	0.5105	0.48950000000000005	0.0133	0.0121108429313529	True
wbc	WBC	7:92701541:T:C	0.93491	0.06508999999999998	0.02696	0.0238376058239337	False
wbc	WBC	7:6403085:C:T	0.03452	0.03452	0.0358	0.0312972541365259	False
wbc	WBC	7:5619874:C:A	0.3318	0.3318	0.01382	0.0124746852481733	False
wbc	WBC	7:14015318:T:A	0.2848	0.2848	0.01373	0.0122535690745939	False
wbc	WBC	7:44231216:T:G	0.5049	0.4951	0.01233	0.0110209462002057	True
wbc	WBC	7:98920319:G:C	0.98104	0.018959999999999977	0.04521	0.0376871165077809	False
wbc	WBC	7:117120141:G:C	0.05537	0.05537	0.02704	0.0233219939140583	True
wbc	WBC	7:47482829:A:C	0.4486	0.4486	0.01191	0.010527737609743	True
wbc	WBC	7:25844504:T:C	0.92507	0.07493000000000005	0.02332	0.0199693807719421	False
wbc	WBC	7:18267229:G:A	0.2245	0.2245	0.01411	0.0123942451133349	True
wbc	WBC	8:61650831:A:T	0.1865	0.1865	0.04345	0.0425990739295479	True
wbc	WBC	8:130618150:C:T	0.413	0.413	0.03339	0.0328126809690482	True
wbc	WBC	8:142329460:C:A	0.6414	0.35860000000000003	0.02693	0.0262377552916664	False
wbc	WBC	8:68842927:T:G	0.5974	0.40259999999999996	0.02549	0.0247894569910784	True
wbc	WBC	8:79014245:G:T	0.8519	0.1481	0.03222	0.0310923245319811	False
wbc	WBC	8:61764389:G:T	0.4715	0.4715	0.02261	0.0218233175439132	True
wbc	WBC	8:22966769:G:A	0.1762	0.1762	0.02825	0.0271762447575599	True
wbc	WBC	8:78825701:G:A	0.4824	0.4824	0.01895	0.0180282337987059	True
wbc	WBC	8:129014697:C:T	0.4564	0.4564	0.01889	0.0179584785716358	True
wbc	WBC	8:103874561:T:C	0.5622	0.43779999999999997	0.01891	0.0179764749043192	True
wbc	WBC	8:106570964:G:T	0.734	0.266	0.02108	0.0199925510814001	True
wbc	WBC	8:56792159:T:C	0.3127	0.3127	0.02009	0.0190625680303309	True
wbc	WBC	8:61412809:T:C	0.3739	0.3739	0.01764	0.0166146126793874	True
wbc	WBC	8:126338171:G:A	0.5447	0.45530000000000004	0.0165	0.0155014320563643	False
wbc	WBC	8:55451193:T:C	0.8025	0.1975	0.02061	0.0192196900080228	True
wbc	WBC	8:142213997:C:T	0.3828	0.3828	0.01669	0.0156197507979657	True
wbc	WBC	8:30756870:C:T	0.01131	0.01131	0.07809	0.0706155801707279	False
wbc	WBC	8:30485819:C:T	0.01325	0.01325	0.07102	0.0637904071582542	True
wbc	WBC	8:106231172:G:A	0.3298	0.3298	0.01644	0.0152977936023356	True
wbc	WBC	8:8793343:T:G	0.456	0.456	0.01537	0.0143253718344879	False
wbc	WBC	8:10633682:A:T	0.61	0.39	0.01549	0.0144033083640574	True
wbc	WBC	8:79559622:C:T	0.2466	0.2466	0.01755	0.0162301459229323	True
wbc	WBC	8:27226790:A:C	0.597	0.403	0.0153	0.0142109131442667	True
wbc	WBC	8:10876308:A:G	0.2686	0.2686	0.01622	0.0148845051429088	True
wbc	WBC	8:30182182:C:A	0.0131	0.0131	0.06287	0.0538686937369734	False
wbc	WBC	8:126482077:A:G	0.5057	0.49429999999999996	0.01375	0.0126062730248563	True
wbc	WBC	8:68738030:G:T	0.6677	0.33230000000000004	0.01491	0.0136196924691898	True
wbc	WBC	8:87164511:C:T	0.1517	0.1517	0.01887	0.0170159588145605	False
wbc	WBC	8:79747724:A:G	0.91249	0.08750999999999998	0.02387	0.0213701311662955	True
wbc	WBC	8:61149731:C:T	0.5107	0.48929999999999996	0.01367	0.0124655983474283	True
wbc	WBC	8:106367075:G:A	0.8269	0.17310000000000003	0.01772	0.0159977524609823	True
wbc	WBC	8:9942907:G:C	0.7649	0.23509999999999998	0.0157	0.0142208695678312	True
wbc	WBC	8:105809194:G:A	0.6859	0.31410000000000005	0.01422	0.0128988404048655	True
wbc	WBC	8:129986237:C:T	0.6787	0.32130000000000003	0.01407	0.0127195722050188	False
wbc	WBC	8:13263061:G:C	0.4093	0.4093	0.01303	0.011756172866675	True
wbc	WBC	8:30858054:C:T	0.3945	0.3945	0.01303	0.0117437541990965	False
wbc	WBC	8:13557047:C:T	0.98247	0.017530000000000046	0.05045	0.0422698393929342	False
wbc	WBC	8:60581490:T:C	0.2169	0.2169	0.01554	0.0137870928388564	False
wbc	WBC	8:130490453:A:G	0.4009	0.4009	0.01249	0.0111262167744897	True
wbc	WBC	8:110107825:G:A	0.5066	0.49339999999999995	0.01234	0.0109917240337939	True
wbc	WBC	8:127520375:C:T	0.08931	0.08931	0.02137	0.0185939980077206	True
wbc	WBC	8:57112046:G:A	0.1252	0.1252	0.01843	0.0161149883522555	True
wbc	WBC	8:100749229:A:T	0.03627	0.03627	0.03262	0.027834272328982	False
wbc	WBC	8:106125852:A:G	0.91849	0.08150999999999997	0.02196	0.0189590000389867	True
wbc	WBC	8:61916962:T:A	0.7471	0.2529	0.01396	0.0123251260558037	True
wbc	WBC	8:106792591:A:G	0.5249	0.47509999999999997	0.01206	0.0106712653531098	True
wbc	WBC	8:27330096:C:T	0.2451	0.2451	0.01392	0.0122698310893599	True
wbc	WBC	8:30285091:G:C	0.7416	0.25839999999999996	0.01347	0.0118520682785208	False
wbc	WBC	9:136141870:C:T	0.815	0.18500000000000005	0.03704	0.0361501181852672	True
wbc	WBC	9:21990457:C:T	0.7219	0.2781	0.02945	0.028715444503613	True
wbc	WBC	9:113896438:T:A	0.223	0.223	0.0297	0.0288480831822028	True
wbc	WBC	9:22151139:G:A	0.8404	0.15959999999999996	0.02984	0.0287252969341045	True
wbc	WBC	9:86583076:C:T	0.7489	0.2511	0.02464	0.0236936496007468	True
wbc	WBC	9:139319469:G:A	0.2512	0.2512	0.02332	0.0223033244797918	True
wbc	WBC	9:4763176:T:C	0.5256	0.47440000000000004	0.01839	0.0174530373375136	True
wbc	WBC	9:127191232:G:A	0.3481	0.3481	0.01881	0.0177847592434673	True
wbc	WBC	9:91534339:G:A	0.431	0.431	0.01798	0.01699390500272	True
wbc	WBC	9:131466489:G:T	0.8544	0.14559999999999995	0.0245	0.0230066860182474	True
wbc	WBC	9:279970:G:C	0.1906	0.1906	0.02198	0.02063176801456	False
wbc	WBC	9:2622278:G:A	0.3942	0.3942	0.01726	0.0161914662528276	True
wbc	WBC	9:112745176:A:T	0.1356	0.1356	0.0243	0.0226214039886383	True
wbc	WBC	9:35686376:G:A	0.3117	0.3117	0.01721	0.0160691532161318	True
wbc	WBC	9:4661574:C:G	0.747	0.253	0.01853	0.0171936454119376	True
wbc	WBC	9:114654460:C:T	0.31	0.31	0.01651	0.015343007474214	True
wbc	WBC	9:123676396:G:C	0.5638	0.43620000000000003	0.01539	0.0143389465092694	True
wbc	WBC	9:139934107:G:A	0.6907	0.3093	0.01566	0.0144312904642201	True
wbc	WBC	9:116085822:A:G	0.4424	0.4424	0.01438	0.0132584312963196	True
wbc	WBC	9:95382297:C:T	0.1739	0.1739	0.01866	0.0170075487297384	True
wbc	WBC	9:135864436:C:G	0.93971	0.060289999999999955	0.02994	0.0270339026408694	False
wbc	WBC	9:137855206:C:G	0.2638	0.2638	0.01559	0.0142342965652544	True
wbc	WBC	9:114343141:C:T	0.3699	0.3699	0.01424	0.0130392206641708	True
wbc	WBC	9:130662787:C:T	0.3455	0.3455	0.01427	0.012875313027478	True
wbc	WBC	9:126558810:T:C	0.1551	0.1551	0.01778	0.0158797706671908	True
wbc	WBC	9:133613241:A:G	0.605	0.395	0.01313	0.0118560370270319	True
wbc	WBC	9:93927076:G:A	0.576	0.42400000000000004	0.01281	0.0115195541955848	True
wbc	WBC	9:14161670:T:C	0.2844	0.2844	0.01395	0.0124883325879768	True
wbc	WBC	9:13674061:C:G	0.4259	0.4259	0.01262	0.011317353083944	True
wbc	WBC	9:126985858:T:C	0.801	0.19899999999999995	0.0157	0.0139937890988036	True
wbc	WBC	9:130768944:G:T	0.2397	0.2397	0.01472	0.0131263975950697	True
wbc	WBC	9:4039727:G:T	0.4026	0.4026	0.01259	0.0112401902067238	True
wbc	WBC	9:136886288:T:C	0.3582	0.3582	0.01275	0.0113476000896609	True
wbc	WBC	9:82447233:A:G	0.4423	0.4423	0.01233	0.0109759064839715	True
wbc	WBC	9:16740855:G:A	0.199	0.199	0.01522	0.0134719573012079	True
wbc	WBC	9:82233842:T:G	0.1606	0.1606	0.01653	0.0145587359646989	True
wbc	WBC	9:139550503:G:T	0.90757	0.09243000000000001	0.02214	0.0190776622428366	False
wbc	WBC	9:79326680:G:C	0.2421	0.2421	0.01383	0.0121906183662217	True
wbc	WBC	9:17068980:G:A	0.8191	0.18089999999999995	0.01535	0.0134367651085832	True
wbc	WBC	10:25198687:T:C	0.6286	0.37139999999999995	0.04386	0.0433070781061981	True
wbc	WBC	10:99084426:C:T	0.5963	0.40369999999999995	0.03646	0.0359043177841389	True
wbc	WBC	10:65161903:G:A	0.5281	0.4719	0.03086	0.0302880710526007	False
wbc	WBC	10:28780293:C:T	0.7688	0.23119999999999996	0.03361	0.0328284442380279	True
wbc	WBC	10:99188961:C:T	0.7422	0.25780000000000003	0.02558	0.0246882339277916	True
wbc	WBC	10:44880207:C:G	0.6916	0.3084	0.02271	0.0217922960699364	True
wbc	WBC	10:96071561:G:A	0.7606	0.23939999999999995	0.02229	0.021178544021723	True
wbc	WBC	10:126348565:G:A	0.6819	0.31810000000000005	0.02035	0.0193379866927379	True
wbc	WBC	10:50374930:C:T	0.7781	0.2219	0.02235	0.0211866669591283	False
wbc	WBC	10:73520632:A:C	0.9003	0.09970000000000001	0.02994	0.02824652825697	True
wbc	WBC	10:64761387:C:T	0.3223	0.3223	0.01884	0.0177812120349624	True
wbc	WBC	10:97022127:A:G	0.7081	0.29190000000000005	0.0193	0.0181976571857921	True
wbc	WBC	10:96210400:G:C	0.5222	0.4778	0.01752	0.0165601855355786	True
wbc	WBC	10:115719472:C:G	0.4111	0.4111	0.01742	0.0164172927228024	True
wbc	WBC	10:76456670:G:A	0.3001	0.3001	0.01806	0.0169328449120274	True
wbc	WBC	10:115849473:G:T	0.1734	0.1734	0.02199	0.0205278694657103	False
wbc	WBC	10:89681458:A:G	0.9602	0.03979999999999995	0.04047	0.0369211246545891	True
wbc	WBC	10:64388947:C:T	0.6315	0.36850000000000005	0.01597	0.014885724536737	True
wbc	WBC	10:93649884:A:C	0.2033	0.2033	0.01875	0.0172878215746771	True
wbc	WBC	10:91005952:G:A	0.2981	0.2981	0.01631	0.0151019715348151	True
wbc	WBC	10:69559409:G:A	0.885	0.11499999999999999	0.02339	0.0213848103368605	True
wbc	WBC	10:96752923:C:T	0.1296	0.1296	0.02151	0.0195994808913128	False
wbc	WBC	10:64567364:C:T	0.126	0.126	0.02161	0.0196535204174442	True
wbc	WBC	10:101292390:C:T	0.6284	0.37160000000000004	0.01479	0.0136410827435148	True
wbc	WBC	10:104564177:A:T	0.5256	0.47440000000000004	0.01511	0.0139068629359682	False
wbc	WBC	10:6101129:A:T	0.3009	0.3009	0.01532	0.0140656358357589	True
wbc	WBC	10:111969919:C:T	0.8721	0.1279	0.02047	0.0184259986309628	True
wbc	WBC	10:18266410:T:C	0.4903	0.4903	0.01358	0.0124123499105017	True
wbc	WBC	10:26735804:G:T	0.6776	0.3224	0.01432	0.0130298176747389	False
wbc	WBC	10:104837816:G:A	0.3194	0.3194	0.01431	0.0130175511115509	True
wbc	WBC	10:104400112:T:C	0.6013	0.39870000000000005	0.01343	0.0121948683954076	True
wbc	WBC	10:30511198:T:A	0.6705	0.3295	0.01433	0.0129865805378514	True
wbc	WBC	10:113938286:C:T	0.6089	0.3911	0.01321	0.0119374622645	True
wbc	WBC	10:25310044:A:T	0.2505	0.2505	0.01495	0.0134529512615554	True
wbc	WBC	10:25466693:A:C	0.3686	0.3686	0.01313	0.0118144837884486	True
wbc	WBC	10:133778652:A:C	0.5873	0.41269999999999996	0.01271	0.0114022762859611	True
wbc	WBC	10:45009291:A:G	0.1517	0.1517	0.01666	0.0145840733288184	True
wbc	WBC	10:82280137:T:G	0.7935	0.20650000000000002	0.01469	0.0129326707783626	True
wbc	WBC	11:308314:T:C	0.3662	0.3662	0.03807	0.0374870092636859	False
wbc	WBC	11:128328913:G:A	0.6814	0.3186	0.02532	0.0245127831805952	True
wbc	WBC	11:47969152:T:C	0.662	0.33799999999999997	0.0244	0.0236033014681003	True
wbc	WBC	11:113987256:A:G	0.4068	0.4068	0.02281	0.0220064864430226	True
wbc	WBC	11:122520558:A:G	0.1238	0.1238	0.0319	0.030577700094167	True
wbc	WBC	11:61571382:G:A	0.6901	0.30989999999999995	0.01963	0.0185812030205801	True
wbc	WBC	11:108341864:C:T	0.4094	0.4094	0.01783	0.0168459307520222	True
wbc	WBC	11:128093237:C:T	0.5144	0.48560000000000003	0.01664	0.0156555502665078	True
wbc	WBC	11:100560251:C:T	0.1966	0.1966	0.02032	0.0189076399224181	True
wbc	WBC	11:120213360:A:T	0.382	0.382	0.01604	0.0149733189147101	True
wbc	WBC	11:118150882:C:A	0.02173	0.02173	0.05266	0.0468695050956175	False
wbc	WBC	11:118392566:G:A	0.01252	0.01252	0.06796	0.0600656751676161	False
wbc	WBC	11:65705432:C:T	0.5074	0.49260000000000004	0.01486	0.0137994803932279	True
wbc	WBC	11:12135604:C:G	0.6851	0.31489999999999996	0.01535	0.0141369484873449	True
wbc	WBC	11:69306579:G:A	0.5278	0.47219999999999995	0.01399	0.0128641380205755	True
wbc	WBC	11:17944125:G:A	0.2806	0.2806	0.01523	0.0138972232088827	True
wbc	WBC	11:8823493:C:T	0.2613	0.2613	0.01525	0.0138570480226802	True
wbc	WBC	11:59852446:T:A	0.7372	0.26280000000000003	0.01548	0.014026159184803	False
wbc	WBC	11:126254018:T:C	0.4082	0.4082	0.0134	0.0121401741650475	True
wbc	WBC	11:64090948:G:C	0.1267	0.1267	0.01931	0.0171536998327238	True
wbc	WBC	11:121574858:G:A	0.2205	0.2205	0.0153	0.0137125987901382	True
wbc	WBC	11:102074614:T:C	0.6552	0.3448	0.01291	0.0115019016935825	True
wbc	WBC	11:9726369:T:C	0.3534	0.3534	0.0128	0.0114031603963888	True
wbc	WBC	11:68903465:G:C	0.3044	0.3044	0.01335	0.0118806959896249	True
wbc	WBC	11:118492713:A:G	0.04261	0.04261	0.03047	0.0261607297239058	False
wbc	WBC	11:126016485:T:A	0.6854	0.3146	0.01301	0.0115471096071406	True
wbc	WBC	11:2320013:C:T	0.8876	0.11240000000000006	0.01903	0.0165703612319076	True
wbc	WBC	11:19297340:T:C	0.7731	0.2269	0.01423	0.0125509519831179	False
wbc	WBC	11:12873769:C:G	0.3214	0.3214	0.01276	0.0112726143939783	True
wbc	WBC	11:16627545:G:C	0.1956	0.1956	0.01498	0.0131719832471851	True
wbc	WBC	11:126153843:A:G	0.1986	0.1986	0.01483	0.0130305271065481	True
wbc	WBC	11:116791307:G:A	0.05516	0.05516	0.02587	0.0221035802795101	True
wbc	WBC	12:111884608:T:C	0.4821	0.4821	0.06304	0.0626733134331105	True
wbc	WBC	12:9896953:G:A	0.3331	0.3331	0.02377	0.0229325033272866	True
wbc	WBC	12:50708870:C:T	0.3449	0.3449	0.02299	0.022145439186959	True
wbc	WBC	12:88843474:T:C	0.2999	0.2999	0.02369	0.0228027695224541	True
wbc	WBC	12:6499533:G:A	0.1413	0.1413	0.03124	0.0300252144774077	False
wbc	WBC	12:4333203:G:T	0.7893	0.2107	0.02445	0.0233585097586418	False
wbc	WBC	12:111281636:C:T	0.2015	0.2015	0.02722	0.0259746617298291	False
wbc	WBC	12:122212023:G:A	0.1843	0.1843	0.0235	0.0222230892261187	False
wbc	WBC	12:101873240:A:C	0.0555	0.0555	0.03761	0.0350044472705361	True
wbc	WBC	12:52305786:C:T	0.7712	0.2288	0.02016	0.0189034010946089	True
wbc	WBC	12:12878349:G:C	0.2868	0.2868	0.01868	0.0175420097274887	True
wbc	WBC	12:64976049:C:A	0.6293	0.37070000000000003	0.01713	0.0160836924582233	True
wbc	WBC	12:124421453:T:C	0.6736	0.3264	0.0174	0.0162924811948999	True
wbc	WBC	12:66376091:T:C	0.5183	0.4817	0.01638	0.0153705629067488	True
wbc	WBC	12:51321994:C:T	0.6277	0.37229999999999996	0.01671	0.0156565027619422	False
wbc	WBC	12:49118571:G:A	0.6862	0.31379999999999997	0.01739	0.0162619273162829	False
wbc	WBC	12:124202041:G:A	0.96619	0.03381000000000001	0.04199	0.0378682607643888	False
wbc	WBC	12:110229434:C:A	0.04039	0.04039	0.03963	0.0357459958527421	False
wbc	WBC	12:123796283:A:C	0.02628	0.02628	0.04447	0.0392753053751154	False
wbc	WBC	12:120146925:G:A	0.92662	0.07338	0.0271	0.0245184784034426	False
wbc	WBC	12:113267247:A:C	0.8245	0.1755	0.0184	0.016743320477355	True
wbc	WBC	12:90408211:T:A	0.8335	0.16649999999999998	0.01882	0.0170317535154666	True
wbc	WBC	12:12766966:C:G	0.3862	0.3862	0.01368	0.0124507666328481	True
wbc	WBC	12:72226351:C:G	0.0111	0.0111	0.06479	0.0539033981351404	False
wbc	WBC	12:79938856:G:A	0.3036	0.3036	0.01414	0.012783485041406	True
wbc	WBC	12:4152005:C:T	0.8677	0.13229999999999997	0.01921	0.01712856284209	False
wbc	WBC	12:48202046:T:C	0.3652	0.3652	0.01359	0.0122923987220546	True
wbc	WBC	12:711646:T:C	0.3986	0.3986	0.01305	0.0117467937815248	True
wbc	WBC	12:109842112:G:C	0.04355	0.04355	0.03102	0.027080326590968	False
wbc	WBC	12:24751922:G:C	0.8758	0.12419999999999998	0.01904	0.0167808840629073	True
wbc	WBC	12:26339986:C:G	0.4917	0.4917	0.01247	0.0111685697176986	True
wbc	WBC	12:98861531:A:G	0.94012	0.059880000000000044	0.0264	0.0228847275378871	True
wbc	WBC	12:90274437:G:A	0.2736	0.2736	0.01368	0.0121533201689781	True
wbc	WBC	12:10097609:C:T	0.1898	0.1898	0.01547	0.0136807838533463	True
wbc	WBC	12:69744014:C:A	0.06153	0.06153	0.02514	0.0217012351218855	False
wbc	WBC	12:84110729:T:G	0.577	0.42300000000000004	0.01237	0.0109681616535127	False
wbc	WBC	12:68661012:T:C	0.2395	0.2395	0.01398	0.0123463964671759	True
wbc	WBC	12:69240830:A:G	0.4217	0.4217	0.01209	0.0106616683677614	True
wbc	WBC	13:28604007:T:C	0.01295	0.01295	0.1541	0.153037614548548	False
wbc	WBC	13:114195161:G:A	0.2715	0.2715	0.0223	0.0212907867793136	True
wbc	WBC	13:50122681:G:A	0.6981	0.30189999999999995	0.01874	0.0176365012208751	True
wbc	WBC	13:50833707:T:C	0.5317	0.46830000000000005	0.01715	0.0161741420085473	True
wbc	WBC	13:108993494:A:G	0.94667	0.05332999999999999	0.03592	0.0331475224769098	False
wbc	WBC	13:49441669:T:C	0.8229	0.17710000000000004	0.0198	0.0182421693761975	False
wbc	WBC	13:113927208:G:T	0.749	0.251	0.01786	0.0164668276224054	True
wbc	WBC	13:52344004:G:A	0.8267	0.1733	0.01955	0.0179413010356848	True
wbc	WBC	13:28496468:G:A	0.03169	0.03169	0.04189	0.0374990835536126	False
wbc	WBC	13:74693401:G:A	0.1595	0.1595	0.01949	0.017754221290708	True
wbc	WBC	13:51295496:A:G	0.09343	0.09343	0.02399	0.021648186303369	True
wbc	WBC	13:51171711:T:G	0.3866	0.3866	0.01454	0.0133202806382363	True
wbc	WBC	13:114753735:C:T	0.258	0.258	0.01702	0.0154008230985679	False
wbc	WBC	13:110930454:G:A	0.3428	0.3428	0.0133	0.0119452853682947	True
wbc	WBC	13:51065836:T:G	0.2263	0.2263	0.015	0.0134165397853633	True
wbc	WBC	13:114508212:C:T	0.8099	0.19010000000000005	0.01649	0.0146466173656708	False
wbc	WBC	13:50233692:A:G	0.91149	0.08850999999999998	0.02201	0.01926462291922	True
wbc	WBC	13:96783084:C:T	0.8583	0.14170000000000005	0.01744	0.0153331463975252	True
wbc	WBC	13:114918084:T:G	0.337	0.337	0.0128	0.0113733590457896	True
wbc	WBC	13:99635611:G:A	0.1025	0.1025	0.01975	0.0171671640525016	True
wbc	WBC	14:25461989:T:C	0.3933	0.3933	0.03313	0.0325526405527988	True
wbc	WBC	14:93103309:C:T	0.8156	0.1844	0.02511	0.0239407970339029	False
wbc	WBC	14:69199111:G:A	0.92178	0.07821999999999996	0.03312	0.0311388825688601	True
wbc	WBC	14:103878148:G:T	0.3737	0.3737	0.01771	0.0166915066377239	True
wbc	WBC	14:104018105:T:C	0.5146	0.48540000000000005	0.01694	0.0159627180943694	True
wbc	WBC	14:77987958:C:A	0.2518	0.2518	0.01853	0.017286555432949	True
wbc	WBC	14:105646179:G:A	0.3916	0.3916	0.01571	0.0146319074747695	True
wbc	WBC	14:69870944:A:G	0.06506	0.06506	0.03078	0.0282364889177404	True
wbc	WBC	14:35871093:C:T	0.3622	0.3622	0.01493	0.0137767552341383	True
wbc	WBC	14:93516398:T:G	0.1099	0.1099	0.02245	0.0203148482728975	True
wbc	WBC	14:105258892:C:T	0.6179	0.3821	0.01428	0.0131011873032207	True
wbc	WBC	14:35319833:C:T	0.09575	0.09575	0.02338	0.0210356819611955	True
wbc	WBC	14:35585629:T:A	0.1776	0.1776	0.01778	0.01610463304134	True
wbc	WBC	14:81668707:G:C	0.4448	0.4448	0.01348	0.0122893769099895	True
wbc	WBC	14:101182470:T:C	0.6792	0.3208	0.01426	0.0129731595031946	True
wbc	WBC	14:55840785:C:T	0.1547	0.1547	0.01828	0.0164192860055254	True
wbc	WBC	14:104249923:T:C	0.1391	0.1391	0.01911	0.0171260373683199	False
wbc	WBC	14:104362971:A:G	0.4222	0.4222	0.01266	0.0113298892309092	False
wbc	WBC	14:25352468:T:A	0.1442	0.1442	0.01772	0.0156516700898819	True
wbc	WBC	14:65582755:G:A	0.4269	0.4269	0.01252	0.0111938521516687	True
wbc	WBC	14:105760216:A:G	0.3095	0.3095	0.01307	0.0115868412500033	True
wbc	WBC	14:23691032:A:G	0.8075	0.1925	0.01519	0.0133907236410743	True
wbc	WBC	14:103767787:A:C	0.06692	0.06692	0.02355	0.0201647874406688	False
wbc	WBC	15:42263979:G:A	0.8898	0.11019999999999996	0.04645	0.0451408392731881	True
wbc	WBC	15:51101606:C:T	0.5695	0.4305	0.0213	0.020449821010185	False
wbc	WBC	15:64672002:G:A	0.9405	0.0595	0.04331	0.0409658904927383	True
wbc	WBC	15:101713668:G:A	0.1235	0.1235	0.0292	0.0277773936929939	True
wbc	WBC	15:65018526:C:T	0.886	0.11399999999999999	0.02415	0.0222490001863926	True
wbc	WBC	15:77313571:G:A	0.4764	0.4764	0.01511	0.0140637002197122	True
wbc	WBC	15:74328116:A:G	0.4896	0.4896	0.01467	0.0135987251557289	True
wbc	WBC	15:78180712:C:T	0.3546	0.3546	0.01517	0.0140059054465545	True
wbc	WBC	15:91427692:G:A	0.02623	0.02623	0.04734	0.041703105263977	False
wbc	WBC	15:75366486:A:G	0.7936	0.20640000000000003	0.01733	0.0158228475476437	True
wbc	WBC	15:75750383:T:C	0.7461	0.2539	0.01617	0.0147998106437479	True
wbc	WBC	15:77721225:A:G	0.7149	0.2851	0.01542	0.0141240023407676	True
wbc	WBC	15:62799035:G:A	0.273	0.273	0.01521	0.0138564786197525	True
wbc	WBC	15:42117783:G:C	0.9374	0.06259999999999999	0.02679	0.0236477570838788	True
wbc	WBC	15:41774423:A:G	0.4746	0.4746	0.0122	0.010869971587199	True
wbc	WBC	15:47730870:T:C	0.4564	0.4564	0.01217	0.0108240114806241	True
wbc	WBC	15:99202875:C:T	0.5133	0.4867	0.0121	0.0107543124923955	True
wbc	WBC	15:68007582:G:C	0.7485	0.25149999999999995	0.01421	0.0125770643866343	False
wbc	WBC	15:90889337:A:C	0.1703	0.1703	0.01588	0.013922322349739	True
wbc	WBC	15:102068658:G:A	0.2538	0.2538	0.01368	0.0120615594451182	True
wbc	WBC	16:30485393:G:C	0.5162	0.4838	0.0285	0.0278927386396126	True
wbc	WBC	16:84582965:C:T	0.2226	0.2226	0.02888	0.0280050372765591	True
wbc	WBC	16:1366425:G:T	0.2717	0.2717	0.01928	0.0181244171194281	True
wbc	WBC	16:3746241:C:T	0.699	0.30100000000000005	0.01862	0.0175033219677299	True
wbc	WBC	16:57061189:T:C	0.3301	0.3301	0.01747	0.0163689274571452	True
wbc	WBC	16:81604251:T:C	0.5961	0.40390000000000004	0.01627	0.0152327666437657	True
wbc	WBC	16:30877636:G:A	0.7978	0.20220000000000005	0.01904	0.0175977378709606	True
wbc	WBC	16:53811788:A:G	0.3937	0.3937	0.01543	0.0143467122167547	True
wbc	WBC	16:3959911:T:C	0.06819	0.06819	0.02985	0.0271722869100665	False
wbc	WBC	16:50161297:G:A	0.8406	0.1594	0.01941	0.0176699599380624	True
wbc	WBC	16:88847523:T:C	0.7641	0.2359	0.01654	0.015136927105467	True
wbc	WBC	16:86016091:G:A	0.2312	0.2312	0.01656	0.0151111808360172	True
wbc	WBC	16:89862155:G:C	0.90342	0.09658	0.02279	0.0203984200994616	False
wbc	WBC	16:28182790:A:G	0.6131	0.3869	0.01509	0.013708150929916	False
wbc	WBC	16:24743657:A:G	0.7403	0.25970000000000004	0.01517	0.0137648631034413	True
wbc	WBC	16:30159107:G:A	0.4956	0.4956	0.01325	0.0120501590248409	True
wbc	WBC	16:85197980:A:G	0.4802	0.4802	0.01322	0.0119957184244492	False
wbc	WBC	16:69602285:A:G	0.2546	0.2546	0.01602	0.0144033811901175	False
wbc	WBC	16:49885785:C:T	0.211	0.211	0.0158	0.014198115655741	True
wbc	WBC	16:2089006:G:A	0.841	0.15900000000000003	0.01759	0.0156988587905975	False
wbc	WBC	16:88587278:C:T	0.1601	0.1601	0.018	0.0160053514331594	False
wbc	WBC	16:74597758:G:C	0.1979	0.1979	0.01588	0.0142057398353884	True
wbc	WBC	16:81867410:C:T	0.679	0.32099999999999995	0.01331	0.0119033485798841	True
wbc	WBC	16:67221444:G:C	0.9824	0.01759999999999995	0.04679	0.0387698434305029	False
wbc	WBC	16:9047651:T:C	0.93944	0.06055999999999995	0.02668	0.0228835009467054	False
wbc	WBC	16:11817466:A:C	0.03326	0.03326	0.0332	0.0279950864681093	False
wbc	WBC	17:38166879:T:C	0.3885	0.3885	0.09201	0.0917792886974814	True
wbc	WBC	17:38064876:G:A	0.5304	0.4696	0.0586	0.0581817828855227	True
wbc	WBC	17:38284863:G:C	0.2288	0.2288	0.04407	0.0433407438991707	True
wbc	WBC	17:57850251:C:T	0.546	0.45399999999999996	0.0307	0.0301285562380117	True
wbc	WBC	17:2014849:G:A	0.7975	0.2025	0.03048	0.0295850605565898	True
wbc	WBC	17:56385573:C:T	0.01283	0.01283	0.1045	0.100504508223988	False
wbc	WBC	17:7742601:G:A	0.95703	0.04296999999999995	0.05509	0.0522712578638255	False
wbc	WBC	17:16168784:C:T	0.5244	0.4756	0.02187	0.0210559248290347	True
wbc	WBC	17:72695211:C:T	0.8003	0.1997	0.02601	0.0249510996864903	True
wbc	WBC	17:5326162:G:A	0.4765	0.4765	0.02083	0.0199691274231984	True
wbc	WBC	17:17716531:A:G	0.4083	0.4083	0.02089	0.0200001120067425	True
wbc	WBC	17:28222758:A:G	0.4866	0.4866	0.02011	0.0192242535633243	False
wbc	WBC	17:4976942:C:G	0.5189	0.48109999999999997	0.01888	0.0179560462697774	True
wbc	WBC	17:57476653:T:C	0.4745	0.4745	0.01822	0.0172772113372264	True
wbc	WBC	17:40696915:C:T	0.2827	0.2827	0.01913	0.017997722165408	True
wbc	WBC	17:1373518:T:C	0.7351	0.2649	0.01923	0.0180565114502112	True
wbc	WBC	17:7234112:C:G	0.7552	0.24480000000000002	0.01938	0.01814449944806	True
wbc	WBC	17:81084522:C:G	0.4775	0.4775	0.0177	0.0165446016863619	False
wbc	WBC	17:4742112:A:G	0.4473	0.4473	0.01613	0.0151106409116305	True
wbc	WBC	17:41388250:A:T	0.0681	0.0681	0.03174	0.0293371237101038	False
wbc	WBC	17:55463857:C:T	0.95008	0.049919999999999964	0.03572	0.0327086872958334	True
wbc	WBC	17:27645258:G:A	0.1423	0.1423	0.02221	0.0204942882714489	True
wbc	WBC	17:36615967:A:G	0.2495	0.2495	0.01736	0.0160457560201097	True
wbc	WBC	17:2723868:C:G	0.1606	0.1606	0.02032	0.018636251004253	True
wbc	WBC	17:57355430:T:G	0.7929	0.20709999999999995	0.01801	0.0165455308900488	False
wbc	WBC	17:8214427:G:A	0.508	0.492	0.01463	0.0135482192966697	True
wbc	WBC	17:46230891:C:T	0.93021	0.06979000000000002	0.02805	0.0254340628992423	False
wbc	WBC	17:44121579:T:C	0.7549	0.24509999999999998	0.01657	0.0151942431633253	False
wbc	WBC	17:41240277:T:C	0.8521	0.14790000000000003	0.02005	0.0182384048950123	True
wbc	WBC	17:43520675:T:C	0.1735	0.1735	0.01897	0.0172735980011332	False
wbc	WBC	17:74476759:T:G	0.1425	0.1425	0.02015	0.0183033688955954	True
wbc	WBC	17:35874385:A:C	0.3657	0.3657	0.01462	0.013445606867034	True
wbc	WBC	17:2260020:A:G	0.4443	0.4443	0.01407	0.0129244252601124	False
wbc	WBC	17:37269770:C:T	0.96757	0.03242999999999996	0.03985	0.0351767718700178	False
wbc	WBC	17:19858626:C:T	0.3991	0.3991	0.01364	0.012428655181426	True
wbc	WBC	17:37102201:A:T	0.1069	0.1069	0.02364	0.0210927124258714	False
wbc	WBC	17:62021568:T:C	0.8232	0.17679999999999996	0.01742	0.0156992753894067	True
wbc	WBC	17:4612866:A:G	0.2941	0.2941	0.01428	0.0129192780195094	True
wbc	WBC	17:47190299:C:T	0.8332	0.16679999999999995	0.01771	0.015853965096954	False
wbc	WBC	17:79046643:G:A	0.857	0.14300000000000002	0.01802	0.0159593498513935	True
wbc	WBC	17:41761741:A:G	0.7499	0.2501	0.01425	0.0126792433374876	True
wbc	WBC	17:77889833:C:T	0.346	0.346	0.01284	0.0114369251324384	True
wbc	WBC	17:2882005:G:A	0.6907	0.3093	0.01316	0.0117033142609412	True
wbc	WBC	17:58629823:T:C	0.8766	0.12339999999999995	0.01862	0.0162023122528481	True
wbc	WBC	17:41926126:C:T	0.96816	0.03183999999999998	0.03392	0.0287545417183662	False
wbc	WBC	17:58184479:G:C	0.0628	0.0628	0.02521	0.0215742339906914	False
wbc	WBC	17:43395178:A:G	0.2549	0.2549	0.01353	0.0119035228857747	True
wbc	WBC	18:60920854:C:T	0.97055	0.029449999999999976	0.05556	0.051485700935462	False
wbc	WBC	18:53398626:G:A	0.8121	0.18789999999999996	0.02388	0.0226388352743661	False
wbc	WBC	18:48147876:G:A	0.3729	0.3729	0.01914	0.0181553490904619	True
wbc	WBC	18:51773423:A:T	0.2891	0.2891	0.01837	0.0171951639274242	False
wbc	WBC	18:74072245:A:T	0.93327	0.06672999999999996	0.03218	0.0297955465708823	False
wbc	WBC	18:43831495:G:A	0.6398	0.36019999999999996	0.0164	0.0153106644597337	True
wbc	WBC	18:42230172:C:A	0.5996	0.4004	0.01586	0.014802295469005	True
wbc	WBC	18:20771130:G:A	0.4663	0.4663	0.01483	0.0137599322478669	True
wbc	WBC	18:41946665:G:C	0.02295	0.02295	0.04987	0.043674573829914	False
wbc	WBC	18:67518843:A:C	0.4653	0.4653	0.01398	0.0128508641461172	True
wbc	WBC	18:77563334:G:A	0.2103	0.2103	0.0165	0.0149623672455724	True
wbc	WBC	18:46343070:G:A	0.1095	0.1095	0.02088	0.0185611982014348	False
wbc	WBC	18:20464171:A:C	0.2562	0.2562	0.0146	0.0131250474053301	True
wbc	WBC	18:19710333:C:T	0.08342	0.08342	0.02247	0.0195967988403806	True
wbc	WBC	18:21857742:A:T	0.96272	0.03727999999999998	0.03227	0.0276833089312587	True
wbc	WBC	18:21078579:A:T	0.6463	0.3537	0.01262	0.0111655552569194	True
wbc	WBC	18:21640515:G:A	0.7622	0.2378	0.01435	0.0126543601824379	True
wbc	WBC	18:21483568:A:G	0.97511	0.024889999999999968	0.04008	0.0332866342216224	False
wbc	WBC	19:44153100:A:G	0.8434	0.15659999999999996	0.05829	0.0574900592861486	False
wbc	WBC	19:45742094:G:A	0.7395	0.26049999999999995	0.04129	0.0406071847709104	False
wbc	WBC	19:16495774:A:C	0.209	0.209	0.03986	0.039064226971261	True
wbc	WBC	19:10347084:T:C	0.1932	0.1932	0.03054	0.0296055646255193	True
wbc	WBC	19:51728477:C:T	0.6738	0.32620000000000005	0.02467	0.0238701754524733	True
wbc	WBC	19:7827830:G:A	0.8474	0.15259999999999996	0.03219	0.0310724853480476	False
wbc	WBC	19:1026477:G:T	0.6384	0.36160000000000003	0.02135	0.0204275229708074	True
wbc	WBC	19:42767610:G:A	0.06374	0.06374	0.04023	0.0379791073821087	True
wbc	WBC	19:3220857:C:T	0.95654	0.043460000000000054	0.04407	0.0408491068791271	True
wbc	WBC	19:10666450:T:C	0.7537	0.24629999999999996	0.02044	0.0192552749040107	True
wbc	WBC	19:10466123:C:T	0.2921	0.2921	0.0189	0.017780188089372	True
wbc	WBC	19:44049531:G:C	0.8225	0.1775	0.02198	0.0205495636067935	False
wbc	WBC	19:14499614:G:C	0.01674	0.01674	0.06193	0.0553169695072581	False
wbc	WBC	19:13948397:T:G	0.3367	0.3367	0.01683	0.0157098395321316	True
wbc	WBC	19:33893451:T:C	0.5753	0.42469999999999997	0.01544	0.0143829225594037	True
wbc	WBC	19:18513594:T:C	0.4121	0.4121	0.01496	0.0138678785979477	True
wbc	WBC	19:47777661:C:T	0.4182	0.4182	0.01515	0.0140256936394309	True
wbc	WBC	19:10936814:G:T	0.97256	0.02744000000000002	0.04586	0.0406824012911954	False
wbc	WBC	19:45383830:C:T	0.0527	0.0527	0.0328	0.0297467758319569	False
wbc	WBC	19:5054510:T:C	0.4313	0.4313	0.0144	0.0132869754252505	True
wbc	WBC	19:44278779:T:G	0.1902	0.1902	0.01789	0.0163166321608274	True
wbc	WBC	19:49162501:G:A	0.7736	0.22640000000000005	0.01697	0.015506264425036	True
wbc	WBC	19:11928231:T:C	0.5852	0.41479999999999995	0.01424	0.0130966492039412	True
wbc	WBC	19:51886922:G:A	0.7357	0.2643	0.0158	0.0144481296833007	True
wbc	WBC	19:39953176:G:T	0.6086	0.39139999999999997	0.01402	0.0127746484717926	False
wbc	WBC	19:14149862:C:T	0.867	0.133	0.02021	0.0180976302170234	True
wbc	WBC	19:19786099:A:G	0.08571	0.08571	0.02343	0.0208105289922661	True
wbc	WBC	19:1175396:A:G	0.5266	0.47340000000000004	0.01293	0.0116957790106384	True
wbc	WBC	19:4090422:G:T	0.08792	0.08792	0.023	0.0203256974643077	False
wbc	WBC	19:47629264:T:C	0.1059	0.1059	0.02097	0.0185649533552017	True
wbc	WBC	19:18635765:C:T	0.7652	0.2348	0.01477	0.0131614352747824	True
wbc	WBC	19:11317744:C:T	0.01924	0.01924	0.04628	0.0385980113810224	False
wbc	WBC	19:44863018:C:T	0.935	0.06499999999999995	0.02501	0.0216641056484223	True
wbc	WBC	19:35464727:C:T	0.4166	0.4166	0.01216	0.0107649294214413	True
wbc	WBC	19:3424047:C:T	0.6045	0.39549999999999996	0.01207	0.0106508992374469	True
wbc	WBC	20:39272737:T:C	0.6189	0.3811	0.02578	0.0250633867459382	True
wbc	WBC	20:8604181:C:T	0.4928	0.4928	0.02198	0.0211727815512122	True
wbc	WBC	20:39118662:C:T	0.08267	0.08267	0.02923	0.0271308565952051	True
wbc	WBC	20:47384301:C:A	0.98606	0.013939999999999952	0.0674	0.0603110555165027	False
wbc	WBC	20:1930897:T:C	0.738	0.262	0.01728	0.0160099158199043	True
wbc	WBC	20:8129491:C:A	0.5423	0.4577	0.01435	0.0132331806065722	True
wbc	WBC	20:62348460:C:T	0.6664	0.3336	0.01486	0.0136544919731791	False
wbc	WBC	20:1546742:T:A	0.4371	0.4371	0.01376	0.0125936292969262	True
wbc	WBC	20:49078163:G:A	0.8156	0.1844	0.01891	0.0169640633617484	True
wbc	WBC	20:10646671:T:G	0.3192	0.3192	0.01426	0.0129039708726874	True
wbc	WBC	20:43042364:C:T	0.9686	0.031399999999999983	0.037	0.0322105314991905	True
wbc	WBC	20:36888321:C:G	0.1454	0.1454	0.01791	0.0158673538503539	True
wbc	WBC	20:11177055:G:A	0.9507	0.04930000000000001	0.02888	0.0250426740076728	True
wbc	WBC	20:61997500:T:C	0.08273	0.08273	0.02305	0.0200289522178854	False
wbc	WBC	20:49210635:G:A	0.5244	0.4756	0.01232	0.0109273663767309	True
wbc	WBC	20:35028835:G:A	0.98941	0.010589999999999988	0.0618	0.0486873499309414	True
wbc	WBC	20:42660286:C:A	0.2855	0.2855	0.01313	0.0115812953197342	True
wbc	WBC	20:4157072:C:G	0.3901	0.3901	0.01215	0.0107215332287927	False
wbc	WBC	21:40467643:T:C	0.7232	0.27680000000000005	0.02029	0.0191868049559741	True
wbc	WBC	21:38796728:C:T	0.8833	0.11670000000000003	0.02395	0.0220776095193021	True
wbc	WBC	21:47800985:G:A	0.6206	0.37939999999999996	0.01522	0.0141076742526076	True
wbc	WBC	21:39878982:G:C	0.328	0.328	0.01566	0.0144784259896215	True
wbc	WBC	21:16395379:G:C	0.841	0.15900000000000003	0.01753	0.0156494432409952	True
wbc	WBC	22:39552075:G:A	0.5492	0.4508	0.02199	0.0211753928990052	True
wbc	WBC	22:19971552:T:C	0.3046	0.3046	0.02044	0.0194137799574123	True
wbc	WBC	22:18164864:A:G	0.4662	0.4662	0.0167	0.0157145384306447	True
wbc	WBC	22:24624609:A:G	0.6936	0.3064	0.01791	0.0167884426139409	True
wbc	WBC	22:17590744:T:C	0.2718	0.2718	0.01814	0.0169346761089473	True
wbc	WBC	22:31813058:A:T	0.5397	0.46030000000000004	0.01446	0.0133652903569374	False
wbc	WBC	22:39840130:C:T	0.5554	0.4446	0.01469	0.0135712306267078	False
wbc	WBC	22:43557748:T:G	0.3924	0.3924	0.01453	0.0133880114648869	True
wbc	WBC	22:18286672:T:C	0.363	0.363	0.01474	0.0135674629661679	True
wbc	WBC	22:30471679:G:C	0.4508	0.4508	0.01365	0.0124855018659666	True
wbc	WBC	22:24247310:A:G	0.7388	0.2612	0.01552	0.0141348368559002	True
wbc	WBC	22:29633935:G:A	0.5436	0.45640000000000003	0.01361	0.0124007129096555	False
wbc	WBC	22:39967785:C:G	0.5014	0.49860000000000004	0.01329	0.0120945600068599	True
wbc	WBC	22:21982249:T:C	0.8078	0.19220000000000004	0.01546	0.0136898759666048	True
wbc	WBC	22:17906176:A:C	0.1663	0.1663	0.0161	0.0141230620800966	True
